bin1_id,bin2_id,bin1_mean,bin2_mean,m1,m1_err,m2,m2_err,c1,c1_err,c2,c2_err,dataWei,simWei
0,0,8.95222549001172,0.26290139345113955,-0.5291914308455274,0.04769107424282214,-0.4267998494220522,0.05170005269204141,-0.0005385946595097746,0.0013496574010718667,-0.0002816473372370086,0.001463111491184772,237055.54866150348,237941.1052
0,1,9.008918987557522,0.3690244586938947,-0.3898365446904497,0.052718326109046934,-0.3054489034221919,0.05511513634397588,-0.0016544681552843085,0.0014919286288860277,-0.0021011462206978627,0.0015597583585345172,183796.97533345438,237947.819
0,2,9.001907324141435,0.42380992633224135,-0.23973384090687921,0.057061511156113257,-0.19601244859528788,0.05882774111272207,0.0018005140782855118,0.001614840765718004,-0.0029866603503321196,0.0016648250734900333,178537.99509584412,237935.7725
0,3,8.973942939037583,0.4656885657782503,-0.21370576388445373,0.0582751088147368,-0.31219695536393044,0.0589583325065689,-0.003069382744078974,0.0016491855794570508,0.001943008203400938,0.0016685208099359,174307.80192465195,237944.22360000003
0,4,8.961896693412,0.5009608490673517,-0.26255639010696064,0.05967076458960417,-0.2540172884143963,0.06537099431139018,-0.00013636581181264624,0.001688682637885797,0.004262806513917633,0.0018499991390123424,166785.59485967294,237943.87439999997
0,5,8.949018292024016,0.5319729207935608,-0.05233248176462735,0.0663474495869587,-0.11393869796687628,0.06708413618996574,0.003144708167070201,0.0018776328233109318,-0.0004315086548463791,0.0018984810541760309,167064.99559600587,237939.8199
0,6,8.928435086291412,0.5602747593569406,-0.09209131443504881,0.0665478669427188,-0.06798628939141516,0.06920941241559295,-0.0015667211577392044,0.0018833046344789428,0.0013926714295202907,0.0019586263713612813,163066.91809459747,237942.67630000005
0,7,8.917772047412704,0.5866014172350378,-0.037562328487586116,0.06118961765509473,0.094017118227822,0.0743253157807183,-0.0021232981451890856,0.0017316661796391811,0.002695936852072466,0.0021034064365943275,164175.03318575886,237939.5814
0,8,8.896995581606683,0.6115497113257425,0.006816357837230225,0.07514481799274095,-0.058639573707813364,0.075102353881688,-0.0018586911474351429,0.002126598349194569,0.001830958091077176,0.0021253966148517696,162779.09168066364,237943.1898
0,9,8.889946090489515,0.635338311164816,0.10941559075975249,0.07371697012459605,0.04298726012214549,0.07641386386824271,-0.00026514638427942855,0.002086190254526069,0.0044246019224209055,0.0021625123474712706,158920.6619869366,237942.20880000002
0,10,8.876044930101202,0.6579183054416854,0.11046257580340368,0.07162828343935762,0.010377280488959917,0.08069805731493973,-0.0014794428218161651,0.00202708042133382,0.004250612468830333,0.0022837550220127945,160943.2020989137,237938.28000000003
0,11,8.86058103594776,0.6800129178605103,0.12392081736955607,0.07368380871037875,0.14734249275653077,0.07190448670790896,-0.002328937240019504,0.0020852517865037183,-0.0009514001681836387,0.002034896973833822,160796.6394032974,237943.95429999998
0,12,8.844446289487598,0.7016818570204938,0.14651380970582784,0.07396861102636491,0.012030689999984023,0.078939373022422,7.8236909411888e-05,0.0020933116920461257,-0.0011214172936408265,0.0022339842565345432,162956.6960397268,237941.01710000003
0,13,8.835927748197236,0.7231863550414217,0.22554106819206687,0.08018910755661286,0.012478668648138846,0.07876294191720583,-0.0011537178177215609,0.0022693517438521446,-0.0003999374834937827,0.002228991256256925,161982.63106642096,237940.4602
0,14,8.82207331873861,0.7445931193435118,0.1695346588973683,0.0751195888213968,0.18054647047431516,0.08293601096631337,-0.000299233037483491,0.0021258843636455292,0.0011916990210420891,0.002347089110346668,161676.62218525098,237940.29099999997
0,15,8.812853374361843,0.7665089808470915,0.18518941786115972,0.08177504527942372,0.16856226385579953,0.07394515045259956,0.0024968824656497676,0.0023142337814076913,0.0027403949762599637,0.002092647757808567,163258.24733389268,237948.70349999997
0,16,8.801368753327095,0.7892148363086673,0.17191187656195872,0.07263491028073446,0.10046656566422585,0.07630054814159147,-0.00040797080334919154,0.0020555679609447846,0.003218966237023134,0.0021593055124070368,161190.22402599538,237938.58510000003
0,17,8.775088629868867,0.8135778239386038,0.14197969373619057,0.07488739777380186,0.2647145449178303,0.07483630783276674,0.0015655701932343455,0.002119313356998592,0.005031440957494375,0.0021178675116672978,165946.88530005404,237942.1212
0,18,8.768480987996067,0.8411629508622164,0.14997205220526766,0.0719591584865107,0.11925175767152618,0.06968217292509002,-0.002576702675106872,0.002036444185168254,0.004103066999817932,0.001972005493780048,163878.28149836767,237941.51399999994
0,19,8.78899788545167,0.8761173555116302,0.1754872463799546,0.06429059465002533,0.04686411631257181,0.06902895379271538,0.002552216015316642,0.0018194238285957173,0.002089744752224402,0.001953519392333845,166371.5022909077,237941.97220000002
1,0,11.738226309496053,0.26258601189309494,-0.1817603280147042,0.05718351412806221,-0.3354870989467702,0.05357070069083411,0.0011939320199148987,0.0016182934498241617,-0.0017427594557728708,0.0015160508295506056,166641.82633388042,237943.577
1,1,11.721367459418877,0.35629536581938204,-0.11798217020305524,0.05815926870833755,-0.3391337138149878,0.06024564645823393,9.724547136062331e-05,0.001645907304445952,-0.0003966633201362077,0.0017049517947680202,180441.8406941127,237953.36629999997
1,2,11.740406625052879,0.40857611966140994,-0.21800814213021913,0.06285447476850979,-0.18599629373713478,0.060027577263906805,-7.872377646357936e-05,0.001778781635948827,0.000812243529669127,0.0016987804365685621,178459.10390794277,237944.365
1,3,11.729548118740796,0.44868203484548996,-0.19014317713889117,0.06207106148828193,-0.23077195021011299,0.06160187924967891,0.0034692258074242584,0.001756611040118379,-0.0009484123697918092,0.0017433331827659134,170444.49895039015,237952.47049999997
1,4,11.726799573910146,0.4828254546179159,-0.13015935943826662,0.06219351475984366,-0.1179247158194292,0.06684673241645414,-0.0011966774511665878,0.0017600764677035776,0.0024617158242727383,0.0018917625273856536,163748.0943556577,237945.2103
1,5,11.724106928155075,0.5132206194561009,0.06905001864062998,0.07038449063699732,0.06866676133449912,0.06763867829158259,-0.00041933699976458733,0.001991881085027024,-0.002450052618741986,0.0019141745956517875,164593.7456137333,237953.8278
1,6,11.721244936389688,0.541653738783673,0.07150425299201757,0.06967918455931271,-0.033282226282904226,0.06834413108279326,0.0009115847622828423,0.0019719209230285493,0.00018470634086741392,0.0019341389096430499,166619.37684097886,237943.962
1,7,11.71483205875134,0.5682663452539836,-0.03321127334730012,0.07264295273524592,-0.1449099792614289,0.07327208687312804,-0.0016891020339882775,0.0020557955624074596,0.002201258451182478,0.002073600058509524,160630.17228616867,237954.01260000002
1,8,11.71707988940488,0.5936585749303475,-0.03485037447009631,0.0756776729341866,-0.013804555300606536,0.07480511138683073,0.0004578502666734229,0.002141678144037481,-0.001995866434527078,0.0021169846522473097,161684.44793652743,237947.39150000003
1,9,11.713641313613794,0.6182651435968538,0.10230234088001966,0.07704099514125834,0.02034449818084183,0.08030794236130838,-0.0036670594142862354,0.0021802601624976107,0.0018997106047733171,0.002272714768825025,162725.37049540412,237950.56149999998
1,10,11.71075115400594,0.6421197248650007,0.2849476578848744,0.0807563291098109,0.23130466445398756,0.07913102639637012,-0.002638607824212078,0.0022854041138076473,0.0018108123139469953,0.002239408047017274,162283.62995136803,237945.9373
1,11,11.705149468933522,0.6655155589517869,0.03962387087360808,0.08157157670987708,0.12390963899803942,0.08481567703689268,-0.0005165703436781741,0.0023084756208895225,-0.0008371981639038757,0.002400283660144063,164301.7755279946,237951.03879999998
1,12,11.706218015451832,0.6887074334333282,0.30094182168278705,0.08177225527562987,0.19459476089333938,0.07910007261490434,0.0036474146204455416,0.0023141548243003256,-0.0010799680531760301,0.002238532055001794,166471.20157058933,237947.593
1,13,11.700780126613429,0.7118302066074251,0.21077203981082993,0.08031475929930296,0.3515854719169009,0.07981516716708921,-0.001013719294041695,0.002272907688170275,0.0016632059256294907,0.002258769230828626,164827.384227479,237947.14320000002
1,14,11.702505519067893,0.7350438933151416,0.3012238596614285,0.08489656928990598,0.21910752919014387,0.08701136654040395,-0.00012312766391837406,0.002402572910904338,0.00178609118667818,0.0024624216730934293,165390.95989730756,237949.4192
1,15,11.70455737194391,0.7586768478890323,0.3512595132463303,0.08727869088708963,0.2704690361056181,0.08252674935059687,-0.0008418727532322046,0.002469986952104638,0.002428086330695939,0.002335507006621891,169951.55731747614,237950.05659999998
1,16,11.70552060305028,0.7831847886235807,0.28629935902939563,0.08156452710476511,0.173158888053627,0.08462173967264855,-0.00066770953240841,0.002308276117064852,0.0004374716653811131,0.0023947952327359524,167629.8040196578,237948.3321
1,17,11.704565332581053,0.8093264137843332,0.24164192422216146,0.07624562229365443,0.21935076572017032,0.08527058510408708,-0.0006722675965259372,0.002157751110910421,-0.0022036103732018426,0.0024131575584456643,168209.8952017619,237948.21050000002
1,18,11.716006036566862,0.8387776877286055,0.2986882084413385,0.08249669270416463,0.1805514268215882,0.07584100939553066,0.003069549716214894,0.002334656403527857,0.004481089020084643,0.002146300565893517,171628.49771475245,237950.4497
1,19,11.724899704571463,0.875816552319782,0.19252281160253348,0.07846040311277783,0.2552067568884051,0.07841918324817326,0.0019558933448507055,0.0022204294080916125,-0.0021884603816804855,0.002219262885923303,170813.09299351298,237946.548
2,0,14.086395139598928,0.2571046489763584,-0.24810053221267503,0.057064643214359986,-0.21656460351298346,0.05607416126009254,-0.0015534581307027737,0.0016149294029663877,0.0003890356739448646,0.0015868987636606191,158806.06741659343,238417.22989999998
2,1,14.091235814395104,0.348707622775187,-0.34070801745449053,0.062425794323329536,-0.26339169974450183,0.06032232532589318,-0.0004385159139325577,0.0017666499793502258,0.0021334503423728335,0.0017071218067227763,170514.86542075872,238417.4591
2,2,14.082699778841357,0.39903033641581426,-0.11676828873667855,0.0636867676681864,-0.13774469350831942,0.06296927960916283,-0.001529414673708125,0.0018023355250096742,0.0010851834605974525,0.0017820306129393082,166049.37947986275,238415.3706
2,3,14.085307314265279,0.4382545860513331,-0.17398983361001585,0.06434221575831185,-0.15714780031696896,0.06837648242695203,-0.002135807379650337,0.0018208847059602248,-0.0009412140080392057,0.0019350544526827434,161563.03840604424,238424.2249
2,4,14.091908445456308,0.4717542624445105,-0.03469764267760933,0.06621420227042064,-0.05560023056108787,0.06430463061342033,0.0034660240573937936,0.0018738619242529035,0.0018601261850001126,0.001819821046359795,162984.13194224238,238417.03230000002
2,5,14.0791560373865,0.502141864254481,-0.11845618226932564,0.06874914527668698,-0.13644146758505415,0.07058986502299268,0.0002071931908451392,0.0019456008113302413,0.004121767240707706,0.001997693180150695,163980.56409692764,238417.77560000002
2,6,14.084857343927226,0.5304994172384382,-0.12422913661922563,0.07063954064445858,-0.22214289954036914,0.06977235862747194,0.0021810247684260877,0.0019990990002381795,-0.0013923696465295236,0.001974557749157457,162949.24939105473,238417.51239999998
2,7,14.083549695423427,0.5575065751337605,-0.015471184430101648,0.06883483362425469,0.05355856853377006,0.07445855512692694,-0.0008576279972033413,0.0019480257915664072,-0.003254937861761285,0.002107177110092032,160435.96771083772,238419.71720000004
2,8,14.081773998407316,0.5835598332339935,-0.125551117081123,0.07305169683406484,0.0016376768994641466,0.07765041359436452,0.001614464949846044,0.002067363020404035,0.0029623156519246845,0.0021975067047205156,163497.556817977,238415.60919999998
2,9,14.065579082289036,0.6089069588231413,-0.01005272470377494,0.07930402564385222,0.09973172715007173,0.0792920401341151,0.0028344399897547645,0.0022443039257210185,0.002062035678024708,0.0022439647357954573,163230.55475252122,238417.00499999998
2,10,14.071180753929589,0.6339470415884494,-0.016514783584029802,0.08041151475663509,0.0636691981854276,0.07550453897072623,0.0017722585225039757,0.002275645867612773,-9.932405474381671e-05,0.002136778452871552,164578.22029163316,238416.09749999997
2,11,14.070210197379211,0.6585873836328008,0.10631286585052546,0.07643980882298713,0.20027800008221353,0.07859124860623987,0.001250849841561537,0.002163246589690537,0.001877471874149994,0.002224132335556588,164884.47822169773,238413.5482
2,12,14.063042863134667,0.6827714387562678,-0.011747880608339756,0.08175710921742078,0.07222585599300158,0.08150058587395144,0.0030176147719874783,0.002313726190853009,0.0023315681644836585,0.0023064665802328237,161362.7466889657,238423.53759999998
2,13,14.062660364595702,0.7071885026236352,0.06416482617658725,0.08458276822487563,0.17338725345460082,0.08464487219692456,-0.002698163126652093,0.0023936923407639793,0.0015381124535943334,0.0023954498831729645,163308.43718648702,238408.1479
2,14,14.060157715198608,0.7316185767932502,0.3228045920311624,0.07757058056967901,0.30844720434279393,0.08370191050872922,-0.0011133403552907532,0.002195247430121916,0.0025328159524305137,0.0023687640673970365,164689.41760920698,238426.7422
2,15,14.066868715603139,0.7565919031033848,0.18963927456565655,0.0866329416178618,0.19753988133022804,0.08831616433564042,0.0025133640378343695,0.00245171224778549,0.0020446207266723478,0.002499347450698624,165770.66402917774,238416.8534
2,16,14.06358063288283,0.7822952530544637,0.21061030684928772,0.08551470061170126,0.23835224202005634,0.08384877956769189,-0.004472631623682617,0.0024200660273111445,0.004543443505224993,0.002372920461765681,164350.41797875997,238413.57489999998
2,17,14.063285192927221,0.809574069291148,0.15046602052588343,0.08589469432094742,0.18683282574076365,0.08295020399317152,-0.005124988830196121,0.0024308198492828115,-8.37646199412928e-05,0.002347490773006752,166176.177410728,238420.7556
2,18,14.068242412987518,0.8398960246616353,0.3712184723700531,0.08703903586763397,0.1814485397424921,0.07799567491232616,0.0011858738700415707,0.002463204715054043,-0.00335999944480362,0.0022072776000188307,162666.4064184641,238415.06509999998
2,19,14.083991168978748,0.8767422549796333,0.3781144399978875,0.08235925874094838,0.17187521590260202,0.07958057212079023,0.00357908879350625,0.002330767022368839,0.0014002637269096667,0.002252130191018364,165883.37667711533,238418.4501
3,0,16.494115105958546,0.24973264115626542,-0.11920101246314396,0.054618209762664884,-0.16618328588540732,0.055839624649409676,0.0008647757995444763,0.0015456953362834147,0.0036398664398331494,0.0015802613775782943,156101.19380426407,237570.27129999996
3,1,16.476669395148768,0.33993140968609564,-0.11048347912557532,0.05978379721855618,-0.19733452542278151,0.06430638050623685,-0.003936220926445542,0.0016918814612851398,0.00017253042068135667,0.0018198705683265038,161676.5852559209,237557.48020000002
3,2,16.4774573522177,0.39031206511085365,-0.0904490905073978,0.060856468959322785,-0.1703955335368823,0.06581847761844786,0.0005462108192285718,0.0017222380715488353,0.0011962397908461334,0.0018626629166020752,161858.8718020916,237557.1883
3,3,16.483558914461675,0.429837175588583,-0.11943469292496867,0.06364628908005462,-0.08814579467884598,0.06584262021043792,0.0003051483736871577,0.0018011899809655463,-0.004434793180984565,0.001863346151955394,159173.32941013575,237568.79129999998
3,4,16.469270989011175,0.46375385411079756,-0.1381961056039377,0.06872165702201345,-0.06009924736167371,0.06654127927908417,-0.0019613626955671667,0.0019448228937229799,0.0005844356044693872,0.0018831182035980816,159292.68729445338,237560.1694
3,5,16.47710207814358,0.49421934684844016,-0.15367294729079628,0.06866990000514403,-0.14854939535827982,0.07297586444646229,0.002350687983094702,0.0019433581701455754,-0.0005182908324553905,0.0020652169638348834,163067.97828441858,237572.228
3,6,16.480324345281694,0.5226222860096804,-0.04352821162155718,0.06602491073435118,-0.18120759738371772,0.07422908124873387,0.0017206933172004679,0.0018685049737821378,-0.0009869327387664138,0.002100682999339167,161127.5156449154,237560.7735
3,7,16.471779148160746,0.5497058711705234,-0.14017658875495043,0.07340904852665543,-0.06627754961653909,0.06845794894197628,0.002790618886789327,0.00207747607330435,0.0018323275420267498,0.0019373599550579301,162740.96883152425,237558.32950000002
3,8,16.480851823857,0.5757045237150016,-0.0067872617371314,0.07988608861193883,-0.17904708792234303,0.0749375810297518,-0.005024244244056293,0.0022607763077178693,0.0005274786701238744,0.0021207335431419764,162422.47847367823,237569.34879999998
3,9,16.47956702070757,0.6011489902779872,-0.0465125988862668,0.07702312459166419,-0.07048045765591815,0.07512268274373354,0.0009187190901229461,0.002179754425944096,0.003464093879302835,0.0021259719216476587,164715.82338822633,237556.825
3,10,16.47481435930555,0.62634839938231,0.016728979555038492,0.08008287338820326,0.013616044125889681,0.07470791478023571,-0.0002716709786696594,0.0022663453168861513,0.00017146661292942803,0.0021142339882806722,163475.8476791447,237563.56939999998
3,11,16.478538245593235,0.6514424685774499,-0.00010311159852727236,0.07734216034226186,0.19957013030533433,0.08150011019362355,-0.0009190761697583383,0.0021887831376860094,0.00038148646852567344,0.002306453118479545,167957.632821016,237567.64979999998
3,12,16.465656043369183,0.6763698319919235,0.09157736058040333,0.08313578391013958,0.1228113544548215,0.08106854824303505,0.0002055119394136439,0.0023527426846569484,9.130064684705758e-05,0.002294239915277893,162486.9012205787,237563.5504
3,13,16.4674471086811,0.7016161507818709,0.0690952504251432,0.08181478145942239,0.055545123048248435,0.08645763433723458,0.004141985706862564,0.0023153583153016524,-0.004146189473108805,0.00244675105174374,167223.76292300597,237564.023
3,14,16.467960486883964,0.7271536320597652,0.1265959443539555,0.08976603100476592,0.13313083836088313,0.08654557491443676,0.005876017556819873,0.0025403786774348754,0.0016224278224479076,0.0024492397700785575,163144.76280758996,237565.23759999993
3,15,16.462879644036317,0.7531045198424882,0.24094581882439003,0.08602471391185092,0.22798727820766063,0.0899514068483014,-0.0026771050184962023,0.0024344994037053796,-0.006713644444823691,0.0025456248138069275,165000.614469151,237560.39440000002
3,16,16.46671343562041,0.7800904106919154,0.19355826177933455,0.0895119325682602,0.20306387454598696,0.08813151135374765,-0.004844719569556855,0.0025331876916817636,-0.0016543029562629714,0.002494121771311059,164062.55992199975,237569.2586
3,17,16.463599275750514,0.8086229723315871,0.2059487913419138,0.0868659604350183,0.372655420528758,0.09112685203204597,0.004504068542456761,0.0024583066803110175,-0.0019191061912135036,0.0025788899125068995,162967.19768906035,237560.4025
3,18,16.468716317617865,0.8401333277030019,0.3611427758740371,0.082848251999035,0.32363545156287454,0.08749843504538071,0.0030307628944709975,0.002344605531572691,0.007195909088204763,0.002476205711784274,164994.3466976256,237564.5068
3,19,16.467623613914157,0.8775233686614963,0.3457352181207973,0.08223094990828342,0.3177582612853149,0.08131282977811917,-0.0023391684894436566,0.0023271358824044214,-0.0030791863939305456,0.0023011530827207727,159671.68870033594,237563.00979999997
4,0,19.070063428946472,0.2361093397726845,-0.2079682132938876,0.05408985096343212,-0.2157101954860161,0.05325241301363473,0.0024714071787311476,0.0015307427822651282,-0.0003165614462808941,0.0015070432882858622,146131.474711895,237530.65180000002
4,1,19.064921523885342,0.3286459873324311,-0.1795702965286522,0.061814489594273624,-0.13090539402907897,0.059068876456349534,0.0012710667740444509,0.0017493500555179444,-9.501335967870318e-05,0.001671649203714692,161466.09032082558,237527.7571
4,2,19.041653076622516,0.3807671720180634,-0.07010955037394462,0.06458522853666462,-0.11271322225171287,0.06255727400867236,-0.0012889794723973536,0.001827761967587609,-0.0015876505811671104,0.0017703708544454277,159587.97981452197,237534.8182
4,3,19.05246459545218,0.4212301190575321,-0.13032421289568397,0.06603746464086287,-0.08508359768536278,0.06543574323240504,-0.0012925726311108234,0.001868860249336419,0.0006946002290251739,0.0018518315334770637,153915.4687732458,237527.96649999998
4,4,19.043112811677013,0.4558255361606848,0.03962322791932449,0.06749831695338422,-0.09255959891604393,0.0658924543114644,0.0012180899917020446,0.0019102023697807734,0.0021045745255028423,0.001864756457014443,158069.45380431414,237532.6678
4,5,19.048532609596027,0.486440284523066,-0.13513001547073977,0.07231695402059907,-0.12658979402737858,0.06812492454144851,-0.00019955000034110654,0.0020465697987829537,0.0002497316168732916,0.0019279353645229942,153873.0875083357,237534.896
4,6,19.036481291352064,0.5147661209342348,-0.14466572675646483,0.07222029709448052,-0.10302535587449702,0.06717928519605176,-0.001797072523654575,0.0020438344077737974,0.0014484972748148427,0.0019011737710482638,158603.30303049088,237531.5798
4,7,19.033766888778857,0.5416469985239122,-0.107223222369069,0.07336520580880229,-0.05260082185171344,0.07149163691769263,0.003016924524162932,0.0020762353243891046,0.003487297061613593,0.0020232133247707006,162589.86306747794,237520.79169999997
4,8,19.02809881320685,0.5678365640116174,-0.07862749516855105,0.07448506594283823,-0.1553982643549744,0.07636537128223353,-0.0018796798700480258,0.0021079273661823218,-0.00178884996946003,0.0021611400072872105,166249.58338043094,237538.8913
4,9,19.047970514804145,0.5932321067179402,0.022163944801427693,0.07466614093460386,0.07416558450105848,0.07862895720122931,0.0007662506141103056,0.00211305178844929,-0.0017440832117689344,0.0022251994887947896,161704.04711955786,237529.438
4,10,19.035303660826692,0.6183784213526842,-0.07833756802210678,0.07786342439920686,-0.02909261562817722,0.08111388993148773,-0.00130557152420108,0.0022035349104975537,0.00241324243975196,0.002295523085061102,164103.94160532206,237531.75800000003
4,11,19.035142394511052,0.6435250287089859,0.051228736124841134,0.07615214171977766,-0.039841788564620284,0.07423885645245204,0.0028697200302103053,0.0021551056106697067,0.00506562663835633,0.002100959637604392,166367.29401158914,237521.43779999999
4,12,19.039825905236352,0.6689456201690497,-0.0007696211520622498,0.08198055052830142,-0.0726156143006893,0.0862528302262819,-0.000585011932160784,0.0023200495799509282,0.004575177080545887,0.002440955095403778,164916.66134417057,237536.2138
4,13,19.03337957051477,0.6947554511910023,0.08892700085681704,0.08244592625332077,0.13182145219978092,0.08479563930168775,-0.0004991290971882997,0.0023332197129689774,-3.097061716160476e-05,0.002399716592237764,166683.8605441004,237525.2771
4,14,19.034226345541196,0.720779996258891,0.11873161523494469,0.08322494246060076,0.0702390768337513,0.08674479457071295,-0.0004605045115900327,0.0023552658716350016,0.00016003634395031323,0.0024548776863511776,164565.22191825137,237536.44589999996
4,15,19.0248132993601,0.7477122708167304,0.20059679096344274,0.08484632885964086,0.17758953578407688,0.08010113109654307,-0.004407522336415012,0.002401151106727835,0.0021662350568943077,0.0022668620100321666,166796.76459203474,237530.93200000003
4,16,19.042719861000226,0.7761441846900854,0.19126399914302938,0.088827739717131,0.21269524615492275,0.08511527551308984,0.006483106049527206,0.0025138250339948056,0.000772108450340158,0.0024087622970204426,162924.41694239806,237530.11310000002
4,17,19.025407854032068,0.8060934818056515,0.1638237192379961,0.08345803695325262,0.3256175640756358,0.08460491342687183,0.004441712135651489,0.0023618624457770474,-0.00023132737087715877,0.0023943190499804722,159627.94880566467,237531.2609
4,18,19.020444794854505,0.8388087155281859,0.197906983565316,0.08955491998827535,0.32099408239299554,0.09216811480421054,0.0016728823794325879,0.0025344042356681916,0.0020053631263598527,0.0026083576489591585,160163.44882845832,237526.60340000002
4,19,19.027408831703973,0.8771231596114235,0.3130360658429887,0.08931617853922964,0.30616792346366006,0.08875602092499406,0.004277001906987386,0.002527647852660199,0.0037716941241294905,0.0025117953921773304,155953.96541825964,237534.3836
5,0,21.876711556208015,0.22401983081019808,-0.12799629228901876,0.05649638885841329,-0.07689215232092805,0.05322400320124395,0.0009588294816570992,0.0015988478046930954,0.00036301406481453573,0.0015062392905952039,137424.61647462845,237559.6931
5,1,21.853744778254896,0.3148043416247313,-0.08535342270275614,0.06249966120167553,-0.21705473491065264,0.06095803000263401,-0.0005331107331936164,0.0017687404120074177,-0.0005925473275520451,0.0017251122490745429,157691.1036889553,237567.75259999998
5,2,21.840660149489008,0.3674972714121511,-0.1295334872306073,0.06516683817366374,-0.10495164376464317,0.06417862765257347,-0.002531706662671721,0.001844221520314684,-0.0014103981074594773,0.00181625516256783,152937.52749240398,237569.99529999998
5,3,21.83366415649925,0.40873063972628715,-0.09509387769930289,0.06846587411285941,0.07378139722732335,0.06936681988940613,0.0004204607367360898,0.0019375842373939216,0.001818444728839774,0.001963081002870194,151014.70626807213,237551.5918
5,4,21.83811631016058,0.4439238434788684,-0.06357047321380471,0.06764916024133366,-0.2023101507244589,0.067991321553839,-0.0009592279572705761,0.0019144712348297427,0.0022581772534454817,0.0019241543999736423,151724.68304610252,237566.9474
5,5,21.84168014736894,0.47562215308059114,-0.03054221816154168,0.0685476899038847,-0.0940511619403146,0.0765740447937912,0.002056276549256346,0.0019398996242799371,-0.004119721092266267,0.0021670454676642917,158212.3794002533,237569.02779999998
5,6,21.823979899802467,0.5047927602276536,-0.13131831143961303,0.06971335309858469,-0.09763337723754861,0.0668281148316192,0.001658430245195389,0.0019728878926899467,0.001906104595393622,0.001891235649734823,156882.06479644775,237559.52610000002
5,7,21.824467547736603,0.5322194175790055,-0.09811720819672587,0.07521238496078,-0.08528224137357165,0.07526829847640647,-0.001053163551006151,0.002128510494390074,-0.0010378797291669892,0.002130092846882303,159407.53752291203,237572.0148
5,8,21.827330221085425,0.558045608170303,0.06340019649134265,0.07705736657466819,-0.11791676850451771,0.07448388023388822,-0.0030926557512890663,0.0021807234740631107,-0.0006400039226783071,0.0021078938106190367,161640.0809174776,237553.74069999997
5,9,21.8299518533574,0.583586504913643,-0.1279675375214968,0.07845842947677728,-0.16157306824326922,0.07381684112076867,-0.001282593947644886,0.002220373554192798,-0.0009949499147297106,0.002089016603717753,163347.2599643469,237567.2608
5,10,21.827760424867634,0.6090304043034918,-0.13871523357206827,0.07826397745577642,0.029939281340719104,0.08045759936515527,0.00238488170193324,0.0022148705619984724,-0.007259753941167343,0.0022769500620338943,164908.6315586269,237567.90130000003
5,11,21.83525762889863,0.6342972684833845,-0.009918792346750527,0.08115091558839099,-0.08866057688402051,0.07423783242733255,-0.00046529910355274794,0.0022965709111514646,-0.0015519646412044692,0.002100930657693512,167263.23271620274,237553.9461
5,12,21.83479293753259,0.6599453246839476,0.03615057428408819,0.07782001066131579,-0.08441053002395194,0.078405861954174,0.0023360920540343518,0.0022023063017152377,-0.001660463496939494,0.0022188858933031253,165736.30911904573,237574.2843
5,13,21.83105722327606,0.6860389665937217,-0.11321619566230912,0.08053169711542242,0.15853214167348728,0.08148830274780179,0.0018686594909099713,0.0022790470283664535,-0.0001027721984870611,0.0023061189677627894,166321.68937951326,237555.38369999998
5,14,21.831245939927825,0.7127680811548719,0.09915833097306903,0.08288812787370844,0.008969827888996695,0.08107547883920789,-0.003560474927057619,0.00234573401882595,-0.0005351147772567084,0.0022944360511495837,164264.7202859493,237567.2361
5,15,21.818078371071806,0.7403846644852277,-0.013443569334407823,0.08470989225106892,0.004748617719303905,0.0831560093211033,0.0007404668229465334,0.0023972899507052506,-0.0029388824156402066,0.002353315063787224,165851.7681811303,237562.7023
5,16,21.824313392356025,0.7694968234615044,0.15557722040024968,0.08138606188009224,0.035028449569950215,0.08349331620420399,-0.00013715464782861173,0.0023032255512066115,-0.0001759107810514228,0.002362860848578973,164698.96510896087,237567.1192
5,17,21.80990518038444,0.8006357303836525,0.2087503055179809,0.08170982803793335,0.14704895766236104,0.08595559215361939,-0.0030685695091803777,0.002312388133473514,-0.002074793029707374,0.002432543257947429,162483.88309523743,237560.6974
5,18,21.820042027665504,0.8348312610275616,0.2444179964081632,0.08644093472899668,0.20839837146049867,0.08798334675343103,-0.0031503131684627833,0.002446278452830607,0.0033777666836597824,0.002489928713122097,160658.98286453728,237568.2989
5,19,21.811409875004497,0.8758205167989074,0.47671395575345565,0.08464495888448886,0.2382869466370081,0.09332971137764803,0.0025026091533127976,0.0023954523364310342,0.004820342080598323,0.0026412308319874395,157098.82207003393,237560.5844
6,0,24.942256296064393,0.2149827060932154,-0.1628169931318053,0.04932826810943206,-0.07728003710999842,0.05283110173967702,0.0005669552169069727,0.001395989987496928,0.002230482685313829,0.00149512017923286,127383.29448604584,238344.9178
6,1,24.95774751729774,0.30124796652913316,-0.10856853727737237,0.06097167037312268,-0.18409473635944873,0.056520239568161726,-0.00014553796746767504,0.001725498271559372,-0.0019476225517445073,0.0015995227797789763,150805.96667289734,238350.14780000004
6,2,24.918221820999825,0.3537613220989029,-0.05368272558378928,0.06140665573828813,-0.1037177911723941,0.064492827565917,0.002828946369751311,0.0017378083573935533,0.0029129686803445517,0.0018251470201154515,150081.86197566986,238351.4331
6,3,24.908899721855928,0.39525716186948895,-0.19762225078248563,0.06925656516950403,-0.07867959264135749,0.0695521406679165,0.00037487107682172816,0.0019599607942969626,-0.0010963116114019855,0.0019683255809020347,147906.8795723915,238348.1717
6,4,24.92038233848711,0.4309601627413721,-0.00721143855634665,0.06781799650536496,-0.07638872135091512,0.06864833025143939,0.0003106148995585752,0.0019192493011018284,0.0007325030711399713,0.001942747746115735,148176.14109110832,238351.6127
6,5,24.911195191419083,0.4630126002108931,-0.060458404720933334,0.06700867575762057,-0.010071362522244609,0.0685192462960894,0.005133396127122914,0.0018963455239406615,-0.00194147450826755,0.0019390946701793293,149778.2318792343,238339.1484
6,6,24.885513158751237,0.49350328301678237,-0.06037328670392994,0.06986934766311377,-0.06865346248347426,0.07055956091756528,0.0006590608005062502,0.0019773025388661204,8.985186044868122e-05,0.001996835573967098,156727.4957586527,238357.8156
6,7,24.90567316921232,0.5216425878731461,0.07740380645868328,0.07128309663062363,0.10122276777465622,0.07430818166249037,0.0038986918701241894,0.002017311634646649,0.0011688659023611735,0.0021029215410484775,156740.64117002487,238339.72359999997
6,8,24.905191294076637,0.5485142159482814,-0.06913833560689775,0.07032613454806112,-0.07569112643402987,0.0711305989032924,0.00044338674294037793,0.0019902296077101297,-0.00025929159726522516,0.002012995948963175,160757.92529702187,238351.5125
6,9,24.89362398020402,0.5745940789556175,-0.10681048352397948,0.07624006083156101,-0.02894304323955832,0.07358415664528964,0.0009414862940745872,0.002157593721533176,-0.004906533775754713,0.002082431633061696,163560.04933333397,238348.34749999997
6,10,24.905718487471603,0.6001580087280305,-0.03225618019472776,0.07634853546794519,-0.10491750364338936,0.07794157400573691,0.0012645112306211717,0.0021606635537428486,0.003290510431878212,0.002205746544362354,162807.3763500452,238345.2743
6,11,24.89582696995662,0.6255759303411618,-0.005366915076928436,0.07875531541551443,-0.015712288856958745,0.07263275607231556,0.0037523601833288466,0.002228775426259059,0.0011382090453197664,0.002055506996846531,167602.28009462357,238356.1409
6,12,24.90801781634986,0.6511771309699252,-0.1535062722778855,0.07703213018706927,-0.0018205087839961998,0.08135662381527947,-0.002056514373184247,0.0021800092842940606,0.002903244232954008,0.0023023924539724077,166152.52511397004,238338.86479999998
6,13,24.910626357555,0.6772367210736602,-0.07076340431908024,0.07519127533945366,-0.08554484315277122,0.08067241070847828,0.0022716558484215388,0.0021279130921065407,0.0008161424549530324,0.0022830292230499355,166870.31374198198,238346.78900000002
6,14,24.906190467499485,0.7044235500279991,-0.1597104428028827,0.08001558996738901,-0.06070361338592134,0.07788327239959261,0.004410423289852449,0.0022644411960771084,0.0017092717549508918,0.002204096608908471,166909.55433106422,238353.07190000004
6,15,24.89787367018351,0.7328846651114832,0.010488886197381087,0.07709672993816553,0.03646023041476054,0.08127452860030894,-0.002558418648164255,0.002181837457250084,-0.0034834300518719816,0.002300069159388742,164575.0922535658,238352.5872
6,16,24.898303460894656,0.7625751189072492,0.07047210883212873,0.08425399577825148,0.04463862157924803,0.08824756663288424,-0.002927575339249955,0.0023843880805245166,-0.0037013301157673966,0.0024974061357106226,164208.60462210327,238349.43899999998
6,17,24.89424869688128,0.7947833124591009,0.14835879231366,0.082249919212585,0.0769098893949065,0.08357688826085503,0.0035226854851508164,0.0023276727137161546,0.002399368184359882,0.0023652259377821964,161844.9913499877,238342.828
6,18,24.887629334538275,0.830602329914169,0.11324965560742939,0.08343813415454342,0.14728808686697414,0.08903994797238324,-0.002003915566900576,0.0023612991965735785,-0.0007760741071963784,0.002519830527618445,158256.28273372538,238348.58740000002
6,19,24.885569649152007,0.8740376279129928,0.2720133583342117,0.09112496661568724,0.4220285463781961,0.08542496449471632,0.0006994810587044268,0.00257883655522395,0.001192716152903759,0.0024175264952004715,154015.1255519134,238349.0821
7,0,28.340556367754957,0.20556764051714274,-0.1259781343281008,0.04860224069757761,-0.08732095699014297,0.051309253420540366,-0.0003626930508188686,0.0013754434117414463,0.002094453805130526,0.0014520518718012922,115434.53389644623,237309.12840000002
7,1,28.3324193405505,0.2869334534902486,0.005891815913610765,0.05625304937183786,-0.07515388872013617,0.05896359555708344,9.677394258353822e-05,0.0015919612972230119,0.0006504456730012792,0.0016686697542654613,135158.9365916252,237302.5773
7,2,28.32726315229147,0.3376325108520098,-0.0835741002334377,0.060864536715945175,-0.15045791397084485,0.06352016585256447,-0.0010605525227979698,0.0017224663890612483,0.0012763887970834338,0.0017976206936275742,139986.46050214767,237293.8136
7,3,28.315914806538917,0.3792667557785692,-0.06030147436444944,0.06029593820021425,-0.12565440055943555,0.06863200396454021,0.0030426558338127758,0.0017063750510660628,0.0017273189712490086,0.0019422857121964882,145110.10100650787,237316.0163
7,4,28.329571336819036,0.4153347263414345,-0.18197084099438943,0.06872934435505411,-0.10130546555803033,0.069425722286984,0.0028677444747334897,0.0019450404452480328,0.001324184591496639,0.0019647479407216483,144702.91772937775,237295.6543
7,5,28.308482094619674,0.4480814993168863,-0.11181512665641824,0.06434330148994417,-0.03688003323938416,0.07000713223335177,-0.0016233306691130391,0.0018209154321654204,-0.0014621892721308743,0.001981201842203855,150192.88152885437,237301.9937
7,6,28.30787748245898,0.47864086854210486,-0.10709757741304449,0.06544548870608691,-0.14112611290072896,0.07076293633547273,0.00443610233565418,0.001852107330382261,0.002494685788995827,0.002002591098293877,152150.1805782318,237301.62519999998
7,7,28.30152018095965,0.5074987363580976,-0.36002361613164235,0.06827845251986732,0.007838804396792742,0.07448571626625294,0.004249915855726627,0.0019322802063122444,-0.0006696326621698102,0.0021079457703349572,155790.98181056976,237301.302
7,8,28.28871368005369,0.5354569044396772,-0.04713171551368234,0.07425714747063918,-0.1664685883580126,0.07457947112341912,-0.00036925439936270356,0.0021014772734190886,-0.0004369898142392043,0.0021105990327927606,160518.97573137283,237316.19950000002
7,9,28.299912118844183,0.5628079307797323,-0.10232751873916457,0.07612926501971919,-0.12816974962753425,0.07176322515658,0.0009527612826660886,0.0021544582000580514,0.0012275023250262352,0.002030899271931212,162325.30419564247,237304.53710000002
7,10,28.286923507487295,0.5891344095175758,-0.15187979225434867,0.07519339519931138,-0.16042492965858302,0.075864630673703,0.0017135266286086716,0.002127973084140514,0.0014403264385743821,0.0021469690480657947,167151.15200901031,237292.9331
7,11,28.28766960540622,0.6151285746146687,-0.048696349493068225,0.07447410740717303,-0.044831426533228025,0.07739447427220827,0.00021905165551827784,0.0021076172396229977,0.0019280961707483207,0.002190263621903494,167083.77271032333,237302.8823
7,12,28.28912390556467,0.6411643572959518,-0.026738529176336012,0.0740760550246854,-0.016328917112511276,0.07760898791596477,-0.0044225932420573,0.0020963523571985968,0.002233394691740288,0.002196334358021802,168967.5959265232,237308.1401
7,13,28.283557428291672,0.667472632148782,0.02596264296276929,0.0792759888701341,-0.16183061585305636,0.07807943235687034,-0.0027961632496001985,0.002243510485024795,-0.0011057437548064077,0.00220964793569943,170280.66509199142,237304.6203
7,14,28.29009032162619,0.694596064008652,-0.0966480878483642,0.07884066917071639,-0.027021611846689497,0.07944288831386896,0.001742297794633395,0.002231190937531273,-0.003046813211041246,0.0022482337392824908,169353.93267941475,237298.46220000004
7,15,28.29914260333504,0.7230643477647164,-0.0836842007784876,0.07915894133798083,0.09220146312353217,0.07769226975022236,0.0020343776559551977,0.0022401980398648567,0.001516565937326863,0.002198691233931292,170223.7686125636,237311.2788
7,16,28.28176339685656,0.7540666773622628,0.009845066069858355,0.07848725565051667,0.06467178888451985,0.08191020211685773,-0.0016027240690175153,0.002221189334909621,-0.0026729163651658533,0.002318058719907076,167193.4656291604,237301.03660000002
7,17,28.290601173680898,0.7871311974325129,0.13047886371057915,0.07922718224101294,-0.08320435098657386,0.08258776459556344,-0.0042168086613001,0.002242129257420665,0.0008301880051477476,0.0023372337380544437,167241.7299556136,237306.6645
7,18,28.2832133890728,0.8243815571777152,0.11875709274464463,0.087268949102818,0.22267649225039987,0.07982945677466782,0.001824285079555096,0.0024697112596097476,0.00431885596547622,0.0022591736267230994,162563.56202484667,237300.65010000003
7,19,28.27406247186724,0.8709836130738672,0.5661364308383408,0.09109667874763014,0.41989905885552115,0.08793048253237763,0.004635102969787863,0.002578036008557932,0.0036252320527289,0.002488432655666288,157819.42999872845,237303.36959999998
8,0,32.21690934188874,0.19439510742486565,-0.13453838147954467,0.05071323340361655,-0.03158106586933562,0.04615308900345071,0.002265274960869997,0.0014351845053223481,0.0004785249388042749,0.0013061324187976552,105247.44727420807,238105.2153
8,1,32.17179283971962,0.27370888143020494,-0.08840538608900161,0.054126839701436356,0.036356002359728246,0.05305400945700763,0.0027555723675565112,0.0015317895635506484,3.0052057119256403e-05,0.0015014284676333155,127229.38938999176,238099.47499999998
8,2,32.16504266146358,0.32338911929340264,-0.0677559530527837,0.05873918153281646,-0.06885052588474416,0.06232629969632573,0.0015160872088525578,0.0016623188373787064,-0.0003459602052002502,0.0017638342814060182,130827.20843696594,238095.34759999998
8,3,32.17164941418063,0.3640324037971678,-0.10128380735373277,0.06317755538494002,-0.09671999091636796,0.06463202175978053,-0.001484572069054465,0.0017879248173938034,0.002195537671967101,0.0018290862158017891,134181.9952545166,238098.903
8,4,32.15389866575539,0.3996006105640416,-0.124631634336821,0.06418861670293458,0.08305143591366315,0.06641241612780342,0.00040794001249764775,0.0018165378526930494,0.00041170157175755145,0.0018794713764168373,138900.25336313248,238096.70159999997
8,5,32.13600087707309,0.43188143039728766,-0.1531782918655873,0.0685161979406148,-0.11438633127449327,0.07025994007982364,-0.0021378983763196786,0.0019390084017194,-0.0009181926978942389,0.0019883563042590096,143900.58063864708,238106.0421
8,6,32.182018661085706,0.46244501651518016,-0.18072308893367672,0.06883105299063244,-0.18435054577451082,0.0674112695046128,0.000691555554752656,0.0019479187996348972,-0.001671098238946088,0.0019077389269805413,150673.58358430862,238103.77750000003
8,7,32.15767595097848,0.49193569610799265,-0.05150463931023319,0.07572369297879147,-0.1561296410304689,0.06770704776773492,0.003780378363767205,0.0021429805112997994,0.0027976822970175123,0.0019161094518268967,157066.2113995552,238090.40939999997
8,8,32.13580310270624,0.5205266496667869,-0.02360212973326281,0.07363565758808523,-0.00832923998558055,0.0750045843950699,0.0006174708129661615,0.002083889109742812,-0.0007314502953230124,0.002122629738380479,157598.73962688446,238113.27370000002
8,9,32.122272566300246,0.5483092936716787,-0.03414288070213867,0.07390839457092774,-0.09191587405985469,0.07530307159195182,-0.0024554438312421826,0.0020916075663572555,0.0006463587031810998,0.002131076926052236,165255.0612771511,238098.8506
8,10,32.14339449531791,0.5757124130692393,0.009356345944479205,0.07560067039565024,-0.18682470015040242,0.07328084884003555,0.003334084881635912,0.0021394989721968995,0.00016247051144049028,0.0020738480221730044,166157.1082956791,238099.10849999997
8,11,32.13156545097002,0.6027928982675489,-0.12539771216965956,0.0785132186060088,-0.03230740450280534,0.07586412234954695,-0.0018118960166188987,0.002221924086550049,0.0007632673034390844,0.002146954662492179,171502.2961218357,238099.3459
8,12,32.12172669723849,0.6298921966717158,0.04456714253056138,0.07519206758559917,-0.11317888356630279,0.07141058707425064,-0.001013282258377126,0.002127935512672457,-0.005935463459321836,0.0020209196142012935,170922.02118587494,238096.2938
8,13,32.1298805253224,0.6570484180885832,-0.16436360733668232,0.07454109907082472,0.009857169551347855,0.0727801711567133,0.00292999833915418,0.0021095131037043397,-0.00312951062258285,0.0020596788437349874,173360.1510423422,238105.1079
8,14,32.14702499437808,0.6850433929001847,7.123239220629962e-05,0.07910354189978926,-0.11689893008599794,0.07631507376548656,0.003132393720157937,0.0022386302357640373,-0.0015425895921853672,0.002159716587563269,177365.92233514786,238098.51880000002
8,15,32.15231114097608,0.7143078131772334,-0.14225472557958874,0.07705814735094185,-0.1254516611587344,0.07370537828792936,-0.0032747558581408083,0.0021807455700316542,4.382497148660951e-05,0.0020858622055484025,174613.8117980957,238091.0722
8,16,32.14580039747232,0.7455412105082748,0.04510304361524642,0.0719066814225266,-0.07155480170250283,0.07475856327542676,0.0031182615684065542,0.002034959084257501,0.005708226121938085,0.0021156673406945766,173672.59947657585,238111.37540000002
8,17,32.12336920931217,0.7799901472208945,-0.004946729648255932,0.07157897013321003,-0.034198411595235845,0.07620459531604,0.00459944031967708,0.002025684854769845,-0.0028306149077177364,0.002156590047443932,171071.53713995218,238095.66389999999
8,18,32.12163907844255,0.8191889192903894,-0.06523217239871282,0.0746911732203712,-0.10737180801618273,0.07828378768139496,0.00166806070034847,0.0021137602021365047,-0.0013708476484849772,0.002215431191383477,169430.59790296853,238104.53110000002
8,19,32.116881511744836,0.8684209838886758,0.4037991560456635,0.08573021384332838,0.37808599803981946,0.0835280964800401,0.003905345352634689,0.0024261650517661943,-0.0002298160909936335,0.002363845130385136,160361.6957684931,238095.9004
9,0,36.6398585460114,0.18068301631511563,-0.016173630475294187,0.04488712094644695,0.00416672979281163,0.045831677781762455,-0.0012490573080389078,0.0012703055227844483,0.0010371837216953655,0.001297036481223877,89972.56069087982,237525.5893
9,1,36.589902618972715,0.2588765934396971,-0.036900061370860326,0.05356440920048348,0.0012781484004631416,0.05242870648909182,0.0005960346824849521,0.0015158727803736823,-0.0005557145282633832,0.0014837323936412994,119107.58474636078,237540.3366
9,2,36.587271558469936,0.30916174361869475,-0.03520539831022629,0.05791371341233328,-0.13141441394927234,0.05686062812180328,-0.0004155490964774369,0.0016389580895690308,0.0026425281836156608,0.0016091557758470322,127631.9614944458,237530.4656
9,3,36.56189734881741,0.35012252116838594,-0.0075142077509309235,0.06360323333348568,0.02919753637041933,0.059593182385063025,-0.000708798368098553,0.0017999715033376453,-0.0023598835702728863,0.0016864870614972842,129507.44585323334,237523.81790000002
9,4,36.53002268728088,0.386032801814346,-0.08142031519701542,0.06259432299276466,-0.16852009869938067,0.06205253315736429,0.0032921499062972164,0.0017714193406952394,-0.00048320202149283904,0.001756086688353409,132585.0226020813,237525.51160000003
9,5,36.546200205340654,0.41837558170115535,-0.032500288041001024,0.06701417311191356,0.02612841350385997,0.06563538970187409,0.00408606415195548,0.0018965010990671537,0.0001069707647913757,0.0018574815285630365,135682.81299591064,237536.99
9,6,36.550667100845054,0.44900131419469286,0.0008430194785895573,0.06810661721666965,-0.10376930130401951,0.06533801059216995,-0.0011249223387042474,0.0019274172672317513,0.0038131780774855375,0.00184906569975841,144147.52330255508,237520.0349
9,7,36.53992600580762,0.47814153193867354,-0.06802723892520968,0.07330457292542504,-0.010593457573878418,0.06977408399450706,-0.0011122768933505998,0.002074519413789528,0.0005604765231259183,0.0019746065770445496,148704.92473888397,237529.5606
9,8,36.54149105198145,0.5066401290228671,-0.07618146171509799,0.0696390372968431,0.04580385146155774,0.07353371931383502,0.005568478923521004,0.001970784755500659,0.001856922245077948,0.002081004256581532,151089.87914705276,237542.3328
9,9,36.54045416840172,0.5345452229893031,-0.21189671710925428,0.07149272395400359,0.12212980226643388,0.07428765245564421,-0.0015395084489624009,0.0020232440878983006,0.0013132438145923627,0.0021023405644947325,153235.29573011398,237523.98579999997
9,10,36.554007813290795,0.5622810227482037,-0.04286942975214392,0.07501259224196531,-0.06159979001750138,0.07647761662097041,0.0005900072016001374,0.0021228563604476177,-0.0005248494819738003,0.002164316550373463,160412.8632092476,237532.7182
9,11,36.53763427698609,0.5906115040796323,-0.13017792399618133,0.07610374507419201,-0.06702864263769492,0.0764287097184897,0.0014377352521214633,0.002153735985599635,-0.003949394449564471,0.002162932485033259,171280.96519804,237532.3775
9,12,36.54603768172386,0.6193676027438951,-0.06374032947523411,0.07671189103331921,-0.09628137294384587,0.07840218586196347,0.002699186891729507,0.002170946516242934,-0.0013745593282512777,0.0022187818598935665,175515.66378736496,237517.48280000003
9,13,36.535030594860466,0.6479538207905093,-0.049390241746353314,0.07296956602865037,-0.0026892801496203322,0.07558536411471874,0.0033921296457078615,0.0020650387186108054,-0.00037447053982801563,0.00213906580444654,169878.7238755226,237530.90840000001
9,14,36.51906085830358,0.6767888984678482,-0.2186243236364629,0.06998200043201025,-0.11310514312282915,0.07645165725799001,0.0035869378980597387,0.00198049061222589,-0.002664911825535323,0.0021635819004011164,170562.305413723,237529.2236
9,15,36.52508610868288,0.7061520529236874,0.03297495323696653,0.07083911113818862,-0.09907700504581107,0.0766058468746486,-7.910348410503586e-05,0.002004746845210739,-0.0010729425231476158,0.0021679454665525545,174275.48090863228,237539.7848
9,16,36.523987168449,0.7379574305588334,0.05576087834995658,0.07456800809621464,-0.08707610097086638,0.07213827826613349,0.0017375016959128395,0.0021102746291228737,-0.0005346047989143645,0.0020415132749315766,177287.48146820068,237523.8348
9,17,36.52317948376286,0.7732473159889522,-0.08257628273838291,0.07008679220492066,0.04520973694612773,0.0773490579184237,0.0024170048713901414,0.0019834562193992537,-0.001115745305496154,0.0021889783390913894,173060.79409694672,237524.63019999999
9,18,36.517192962667835,0.8140245815994067,0.1146964286947032,0.07374794357087298,0.03575058881793458,0.07235826229936701,0.0011256861687931694,0.0020870668030557055,-0.0002511866713049548,0.002047738823072087,168382.04229463637,237534.475
9,19,36.50594987378893,0.8657940085549841,0.09523865508989182,0.08678385033179244,0.15382155616942583,0.07921279105309165,-0.001400618535937952,0.002455982964389725,0.00099363951655701,0.002241721986802493,162837.54111307114,237530.93529999998
10,0,41.740592634621045,0.1673405091005479,-0.10026106224284126,0.04352712815042793,-0.04101836990544694,0.04347178482684304,0.0029051329305278197,0.0012318177266571109,0.0009094851105374835,0.0012302515105996582,75377.91986560822,237884.1836
10,1,41.68876626906166,0.23963448472000246,-0.13542687784278984,0.05001378516500806,-0.017733074676897442,0.05142962816787056,-0.0013397064448364684,0.0014153901201697271,-0.000603100797839486,0.0014554584771507358,102952.61158752441,237876.3342
10,2,41.65793457210911,0.28737656619047436,-0.0866383661390997,0.05607378675206007,0.011637347651813013,0.05396657826200627,4.848575221908435e-05,0.001586888165083299,0.0046919658091839865,0.001527254164814777,115028.43001365662,237871.22569999998
10,3,41.65386773677732,0.32708495526634035,0.005275879403376482,0.0569691346730074,-0.06829737381331658,0.058452616754340915,0.0026669440931287288,0.0016122265112461086,-0.0004632626460154606,0.0016542090541478466,121114.03677082062,237885.743
10,4,41.64409975303386,0.36299634360685884,-0.18418406184842429,0.06325066449444067,-0.0425390929441436,0.06405333958663939,-0.00011051969803867445,0.001789993805192671,0.0003033703619255163,0.0018127095103018954,129685.41491699219,237879.6181
10,5,41.641816657475886,0.39644529842230675,0.003868912118693446,0.06452493777765005,0.03802745106610339,0.0659098098288221,0.001601799808577464,0.0018260557391074953,0.0018422405783127694,0.0018652476181556655,136380.18388652802,237881.90880000003
10,6,41.611282788989364,0.4280007116622081,0.019380102039955327,0.06802570817130951,-0.08532833021529707,0.06969536993809766,-0.0004688272241356471,0.0019251275412480587,-0.00044452726634827515,0.001972378969248164,137918.94100952148,237878.0965
10,7,41.61840382163776,0.4584940415397026,-0.02201193501113652,0.07105924967766639,0.040716361718099225,0.06928198106491819,0.0038564603490250917,0.002010976765877958,-0.00428918824825065,0.0019606800641371845,145293.33683395386,237867.5886
10,8,41.63570108232129,0.4881045300587301,-0.03259228244213419,0.06891851339408435,-0.11322426035743471,0.07932360466160931,-0.0029790494794506633,0.0019503939290525878,-2.7157774647214306e-05,0.002244858011923543,151528.32600688934,237887.7914
10,9,41.60633219482439,0.5173790747821307,-0.08873432796884362,0.07385052724190948,-0.09020805511970853,0.07200939637841659,-0.0022639988543011,0.002089969920946038,0.0007135152007301665,0.0020378659175091895,155056.6025838852,237881.83619999996
10,10,41.57990256225838,0.5462721822661906,-0.10023390690017475,0.07032222157496647,-0.10484508927750125,0.0691171922885296,-0.0005657280440138966,0.0019901188705715505,-0.00020593770438905902,0.001956016541765387,161832.7073082924,237871.4307
10,11,41.600056036774,0.5753613723727867,-0.00937695764617974,0.07297710673267668,0.0820633441485692,0.06945338297512879,0.001638790970252662,0.002065252120534749,0.0009817381062856238,0.001965530738196144,164432.6301445961,237885.32150000002
10,12,41.583484063406594,0.604602640435555,-0.11401906216160063,0.07287133407324926,0.07676310861332758,0.069488133029931,0.003342223661425214,0.0020622587542729544,-0.0035310814530573695,0.0019665141647470467,166731.75395584106,237866.3653
10,13,41.55930880265681,0.6342651802024657,-0.08310882452766721,0.07530330530920969,-0.16360827649008136,0.07482142253972952,-0.003056012822651327,0.0021310835402506357,0.0024459509549465165,0.0021174462578743454,172608.31879138947,237882.5955
10,14,41.582577996230306,0.6650831910195768,-0.029116902057601424,0.07685090043611707,-0.03626643076175928,0.07660394136261411,0.00010629898486095397,0.0021748804823421126,-0.0014240551709297708,0.002167891540561979,181396.675886631,237877.5798
10,15,41.56294391536574,0.6968113046529028,-0.23759872954233519,0.07167451591745619,0.061222843146405914,0.07563870815030266,0.0007979402483172969,0.002028388800464009,-0.0008443633125940139,0.0021405754406535653,174599.80338954926,237883.9851
10,16,41.582467640946035,0.7299316512895923,-0.13024303072804855,0.06914026162820017,-0.11812384817297805,0.06642940157781997,0.001232478258909605,0.0019566694040780643,-0.00376665867402564,0.0018799520646523044,176143.41480588913,237869.51579999996
10,17,41.57777533201362,0.7658965864972945,-0.06331319007184755,0.07402589706882944,0.03501694802704014,0.07234108510155055,-0.0018152789180577687,0.002094932887047874,0.00010936267480760042,0.0020472527083738807,171220.92369699478,237884.2525
10,18,41.5548049309023,0.8075481872020507,0.021491146904231817,0.06606975399593629,-0.050299351730450415,0.07124267993776531,0.00019863085787126186,0.001869774038084997,-0.0033145157578661037,0.0020161678422387576,172197.22317254543,237874.192
10,19,41.551483176772635,0.8622479847318091,0.15837690340991806,0.07528654192325034,0.2086303405135097,0.07878064709270952,-0.000868514570163197,0.0021306091364279842,0.0021394857166575493,0.002229492312723679,164446.60101754457,237884.2991
11,0,47.678952117859694,0.15213421410476713,0.02986438344425313,0.040547250217908566,-0.06615501260788226,0.04273479811017156,0.00016953534951941705,0.0011474871811668124,0.0033715917891498862,0.0012093947865178558,57694.942202568054,237745.3269
11,1,47.59073493755894,0.21768948215159825,-0.006008825872206192,0.04979242382096799,0.06405393239527912,0.0472569842577625,0.0006416274527804645,0.0014091255941333955,-0.002675756880830847,0.0013373726544946797,85002.17891025543,237753.7287
11,2,47.51602764057788,0.26179889734441114,-0.04334992204977417,0.05228077191931201,-0.04364740266158207,0.054095270040115974,-0.001083088451738214,0.0014795458453165295,-0.0018046947540585698,0.0015308961421352817,96724.51307868958,237760.8395
11,3,47.50749455842553,0.30019316621052994,-0.10087995028339303,0.05797255230149041,0.011195444782225561,0.057241334233482544,-3.722758211808087e-05,0.0016406232301321793,0.0012755576432823303,0.0016199297588075567,108400.51266765594,237739.6943
11,4,47.50883448166206,0.33538966298051,-0.03512423628485828,0.0619942091586566,-0.06278896246535393,0.059975936114989685,-5.90335810533285e-05,0.00175443611918998,0.0015033750944978067,0.001697318992054207,114707.85010910034,237754.0464
11,5,47.50283142265722,0.3679925860762545,-0.1222755099211309,0.06252340974116444,-0.05656099283896321,0.0628887931938646,-0.001181005607483113,0.001769412495674954,0.000533085293769402,0.0017797528473863678,119812.72235870361,237749.9683
11,6,47.51404137267196,0.3991290682826843,-0.03732905857717661,0.06764836615841754,-0.028520850820660915,0.06592491137184432,-0.0009441832281311758,0.0019144487622832157,-0.0011903769532027406,0.0018656749918231942,131347.9714641571,237753.70870000002
11,7,47.4771548738012,0.42944504996072425,0.09639980735190834,0.06700299933683941,-0.04421465753817366,0.06845415626995056,-0.0025609038445484887,0.0018961848812325544,-0.00018543393758818638,0.0019372526224396014,134624.78400325775,237753.6421
11,8,47.477730717273076,0.4593751811104617,-0.036824975212267574,0.06711091501446186,-0.09109579415490188,0.06937756333499782,-0.001916718786513965,0.00189923889490927,0.0002433544824533701,0.0019633850423804384,139394.0147743225,237744.499
11,9,47.44624627126221,0.48977467337021896,-0.09371733442214636,0.07029293052604511,0.026868151362047676,0.06806814966917474,0.0008228869246153035,0.0019892899338870775,0.0004585063443410028,0.0019263286356376447,152280.4125585556,237760.0142
11,10,47.442585944021836,0.5206290013276758,0.0061335165789493384,0.070818617012075,0.00780593417467168,0.0721000152974212,0.004072393543350004,0.002004166861441723,0.0022061290504003326,0.002040430432917019,154889.32640838623,237747.57179999998
11,11,47.4622604286802,0.5512734520664345,-0.0501293739894888,0.07375765688183453,-0.0627495161792807,0.07379293001286591,-0.0011059363013940747,0.0020873416897559177,0.000787409440462206,0.002088339919364104,157338.0308227539,237758.8657
11,12,47.42203016162587,0.5826907669741209,-0.02663845511546037,0.07398529082681703,-0.1034797355712126,0.07075220654143993,0.0013984069344215996,0.002093783730398923,-0.0017329313293481478,0.00200228744512275,169756.4388794899,237741.01669999998
11,13,47.44947259750196,0.6146388433645689,-0.014910897264824197,0.07635707952649556,-0.056049909156846045,0.07277313815638332,-0.003862537769916201,0.002160905350599826,-0.001141816434137799,0.0020594798098256483,167811.89260339737,237755.6524
11,14,47.442738969901775,0.6471123920080718,0.08001418358993861,0.07116335405246058,-0.11192547071666481,0.07166865844229131,0.00023359916761789133,0.002013922919684635,-0.001530295374628227,0.0020282230339168446,176047.39170122147,237749.92510000002
11,15,47.45288807802092,0.6810593467032235,-0.14266817150794608,0.07066606024185071,-0.14863634118216473,0.07148308467910543,-0.0019096827357105418,0.001999849504844374,0.0040321881701976415,0.0020229712964186836,178344.08436250687,237749.1581
11,16,47.41240536787144,0.7164144050224379,-0.07401208644416224,0.06944390996631006,-0.10534624141237714,0.06556219512116747,0.001549465006929825,0.001965262652046574,0.0014241284436258828,0.0018554101219290398,175318.26580762863,237760.07520000002
11,17,47.42182333237527,0.754773266747381,0.010728145457585825,0.06715782226295908,0.06262734877261655,0.07132577543632969,0.00018917924261611398,0.0019005663700417412,-0.0004987547621973145,0.0020185194448481287,177172.7536854744,237744.4677
11,18,47.401614549890965,0.7995410892582229,0.024017500253348256,0.06750184324054097,-0.08582576617851068,0.07276049308345826,0.005078951968101039,0.0019103021637073092,-0.0005737638594511592,0.002059121954261869,173324.43703842163,237748.8662
11,19,47.3753586477889,0.8584849456284076,0.11341471993319185,0.07160268690655025,0.04094105174199725,0.06937229219523966,0.007617521253921221,0.002026356039455373,-0.0016436365811943118,0.001963235869125283,161106.96809595823,237756.08310000002
12,0,54.49001991164973,0.13944373492739906,-0.0398508214281349,0.04276566820627011,-0.023529637916943402,0.04293396780576385,-0.0035841774118505437,0.001210268410237445,0.0006928759603080648,0.0012150312889031166,44075.932200431824,237766.7377
12,1,54.48407297714134,0.197089881970994,-0.050700678086105344,0.047260725097126643,-0.08105882332305692,0.04676161109717274,-0.00214715614768764,0.0013374785202486836,-0.002241362668079833,0.0013233535940499889,65984.70171546936,237776.8282
12,2,54.39230329387743,0.23723765264204785,0.032740165268724475,0.05109457349947532,-0.06343747836191094,0.053913823116305264,0.0007899415615160851,0.001445976430035151,0.0007799649800595138,0.0015257611941914384,81568.91841030121,237757.8994
12,3,54.40673960812965,0.27231206310987177,-0.09615148802555584,0.05214235209724872,0.02691033868039483,0.05648059372933804,-0.003785974809124899,0.001475628564352139,-0.001999646120296735,0.0015984008025402665,91020.58879852295,237776.7636
12,4,54.34734202799074,0.3052526695589156,-0.029789016120707057,0.061451951113597324,-0.05387771703965949,0.06021143448721286,-0.00561033221217465,0.0017390902165148048,0.0015442998887202214,0.0017039835959881237,104808.16081523895,237765.1359
12,5,54.350230478667015,0.3368871399397748,0.018765816319370243,0.058816091717531396,0.11161391613884408,0.06254891422927757,0.0019481548338578767,0.0016644953956061375,-0.001270682776422066,0.0017701342726885554,110863.61257362366,237763.99659999998
12,6,54.31144938014678,0.3678665123491306,0.024970898541202047,0.0632492744153886,-0.014104727333561273,0.0616738037190154,-0.0026533546969545433,0.0017899544659554978,-0.00227126052316955,0.0017453686452481357,119330.60328865051,237775.4544
12,7,54.30304169838779,0.39824620601964367,-0.07687088214816884,0.0684230492786275,-0.09294558863061175,0.07030636155465761,0.0005999167312453553,0.0019363722945851577,0.006084497389696245,0.0019896700319968095,128425.59232234955,237766.8808
12,8,54.31035614428532,0.4286413641696011,0.03751753505127842,0.07389547596827123,0.09206483021803002,0.06756961499323771,-0.0028206028248437083,0.002091241969902076,0.000700135623650398,0.0019122201043086263,138013.72849273682,237767.71800000002
12,9,54.29971340482668,0.4592413029384624,-0.025132354977979166,0.06572446906012519,0.07665116287607754,0.06751507035054657,0.003802258010113211,0.0018600024744015434,-0.00011198340604106835,0.0019106764909204677,144982.48511695862,237779.0952
12,10,54.268605854876185,0.4907849011751549,-0.012928526935807483,0.07171625201503716,0.051346461611396776,0.06683390590681137,-0.0011801666290268869,0.0020295699320255507,-0.0003058894724155218,0.0018913995371627615,152117.34549045563,237761.0891
12,11,54.27596903175115,0.5227464395103203,-0.010475904517293744,0.0681950261849534,0.02236970592684151,0.06879237653209033,0.0012678914913378987,0.0019299192410341807,0.00347660576276642,0.0019468242558581548,152760.43094825745,237769.0465
12,12,54.24471429316094,0.5550348547688693,-0.045396158209126014,0.07011004113478503,-0.10263453380911214,0.07039347644359834,0.0027678178540942733,0.0019841141641144164,-0.0008292645379055948,0.0019921353833538325,160986.03623962402,237769.16830000002
12,13,54.201220300936434,0.588110081957031,0.012000384926864616,0.07084227763415475,-0.014484259509772501,0.06722799774023297,-0.0005830804318380602,0.002004836457046579,0.0059345345556396575,0.0019025523360485924,158847.1206216812,237769.7864
12,14,54.216377705734274,0.6229352660958382,-0.084292445464616,0.07141082729699556,0.03561596154398594,0.07008692760757819,-0.0018604683240929661,0.002020926412504975,-0.003131255422098682,0.001983460051294461,169665.66989898682,237772.1529
12,15,54.17769271202542,0.6593154903847825,-0.13656964999863663,0.07303258893667036,0.02289393919346061,0.073357043303821,-0.0014748089007601813,0.002066822266907771,-0.0033357193465178795,0.0020760043254981347,177316.19598150253,237761.87889999998
12,16,54.20253264594506,0.6980274250296674,-0.07380834307187567,0.06632946343545057,-0.06606438038283735,0.06751678371326716,0.002361413365034555,0.001877123815223251,-9.343192463942204e-05,0.00191072497908546,181130.37391328812,237769.23859999998
12,17,54.22974886863874,0.7394317276748233,-0.0786394375042282,0.06591585275642502,-0.026081194774059124,0.0679195734433798,-0.0028606737025017107,0.0018654186330068275,0.00031030116389914493,0.0019221239284476477,182631.61600494385,237778.31530000002
12,18,54.26258153495884,0.7869187624685243,-0.12372344097859056,0.06780161651460853,-0.15096980981627217,0.06484493359559682,0.005164023191809837,0.0019187857473634206,0.000635752135645538,0.0018351116207553884,175258.58632707596,237763.326
12,19,54.226603719036575,0.8515309835474147,0.05794261308562687,0.06943906812009716,0.03494627568424136,0.06489983516890745,0.0020370683466956496,0.0019651256277987495,-0.0015103979916038165,0.0018366653352800797,171076.67200541496,237771.4879
13,0,62.53178664067873,0.1290338752615966,-0.006891420766714895,0.04089723116361865,-0.04246230577809007,0.04037929165281552,-0.00032231546995550555,0.0011573916419304075,-0.001216118321012918,0.0011427339537746788,32858.35000514984,237844.47710000002
13,1,62.44289123576039,0.17924029714830317,-0.0986022867048072,0.0450927973602709,-0.028269521579070922,0.04615575007504819,-0.002648292363462607,0.0012761261652956654,-0.00030503622786394284,0.0013062077271238635,53294.391114234924,237851.3691
13,2,62.46577173218496,0.21455626992814356,-0.05777183697790844,0.048822075650469775,0.027621492365734746,0.04683701056132802,-0.0019013121292465677,0.001381664740908294,-0.0004624532899802202,0.001325487398885583,64246.33138370514,237858.1334
13,3,62.4079902163617,0.24593361489900192,-0.0447988274551222,0.05407057375870831,-0.03716200842242712,0.0519333021231119,3.813190312784793e-05,0.0015301972373714446,-0.002548419174526714,0.0014697124500840668,78955.20621776581,237841.88749999998
13,4,62.357239614092734,0.27619478561989397,0.020546750059065033,0.058234356889528625,-0.02205804915464138,0.05300769718889732,-0.0007498710166297243,0.0016480322999736607,0.001822553800425961,0.0015001178304457946,90643.84946727753,237852.066
13,5,62.3281875127754,0.30614261720502767,-0.10431620531621566,0.05702069165230495,0.010290244080813693,0.05914373326122024,-0.0003239966020433595,0.00161368557376023,-0.003669481864879901,0.0016737676512925332,100035.89373016357,237845.2439
13,6,62.2906175317744,0.3357181028432028,0.08353540266384574,0.05913038704422023,-0.08387471053067919,0.06046713391544438,0.000771213092954263,0.0016733899533514331,0.00214545380168394,0.001711219889807076,110029.07626056671,237859.6213
13,7,62.335047166699496,0.3651139431377898,-0.12573972898492158,0.061710900484680725,-0.1010283608846364,0.06480709934003971,-0.0020164945138634836,0.0017464184837164645,0.00028768788266452135,0.001834040911323125,116143.16669940948,237843.3221
13,8,62.26733790735268,0.39462109732358036,-0.11613056574996095,0.06283459789892505,-0.03581516765879311,0.06611150145559894,-0.000687351318272078,0.0017782191205395802,-0.0016498800547621196,0.0018709554911934504,123837.37493991852,237853.3443
13,9,62.2216753473824,0.4246798883606181,-0.05206820943480128,0.06893984212552051,-0.05316567690218088,0.06498679380521877,-7.271751881752185e-05,0.0019509975321522297,-0.0006371476971588682,0.0018391262646876916,132819.8700351715,237846.6509
13,10,62.27524442910774,0.45568257794125594,-0.12978496263643113,0.06603748389763395,-0.1447091304871908,0.06349066302935927,-0.0017470392704301123,0.001868860794303041,0.0037346501876362303,0.001796785763730867,140667.3245830536,237852.3472
13,11,62.23317886123762,0.48808539136328455,0.1366374975828326,0.0656611295725644,-0.009752656889523093,0.0638064467696343,-0.00019860999538296874,0.001858209966903572,0.0013808327130642103,0.001805722443580649,151039.6235704422,237847.84879999998
13,12,62.200627112231615,0.5216771874179784,0.02616989287117244,0.06621848672333643,0.06958414554178027,0.06912005017552081,-0.004362954377327658,0.0018739831742704209,0.00030615165722426216,0.00195609741996724,157810.42928123474,237841.1925
13,13,62.226245977685345,0.5572288335130513,-0.04280471707441791,0.06961873294912112,-0.10612278122282093,0.06857128379617991,0.0008655584380530685,0.001970210142460128,-0.0010400407514675521,0.001940567331431891,166984.91152572632,237861.5504
13,14,62.21385697777457,0.5942877278142392,-0.1446470502205046,0.06764838204932624,-0.11489323027180753,0.06548281695274681,-0.0014772170839608778,0.0019144492119959329,-0.0002435334781677248,0.001853163719762736,167551.3617515564,237843.54839999997
13,15,62.214801527029586,0.6328890999910161,-0.03378453319522212,0.06893742947280933,0.013633542911902108,0.06345114760674604,0.0010167327618835344,0.0019509292540805046,0.001970385282259927,0.001795667477270912,171581.50543689728,237853.6755
13,16,62.21438372609213,0.6745279074924901,-0.058323485502773886,0.0688083407092494,-0.0530801517988011,0.06687259166089589,0.003701696184859963,0.0019472760420717584,0.003105997113005453,0.0018924943440033538,175567.03512477875,237845.8371
13,17,62.1911852340965,0.7204794117551092,-0.0326251455251495,0.06137610058486355,-0.0805717049821062,0.06252100504097972,0.0017727187265249946,0.0017369436465516385,-0.0028223980885918928,0.0017693444426597268,181094.53635311127,237853.96389999997
13,18,62.18544831502044,0.7726167840024616,-0.07616946610918118,0.060717477487200626,-0.03308994894168671,0.06511769760891524,0.00048633801249048413,0.001718304612887778,-0.0032814020094063413,0.0018428308423323022,167355.8498044014,237847.2963
13,19,62.1111492962049,0.8430795375469363,-0.12786930438519972,0.06056574819948617,-0.08982678456984272,0.06930568765857388,0.005656847718000324,0.001714010674045459,0.0005495449867910021,0.0019613509607376398,178270.32914924622,237847.7244
14,0,71.93483526628619,0.12119075055717932,-0.01828069029735757,0.03904448006505426,-0.05733401001952121,0.03811000583214848,-0.0030724845486495758,0.001104958785841036,-0.0013264828743771023,0.0010785131650498014,32074.290194511414,237694.77169999998
14,1,71.96347405510066,0.16697372748990932,0.012178963159327871,0.03983616252178954,-0.032067060260327684,0.043713216016218755,-0.00018692406797125524,0.0011273633993666443,0.001661713180757255,0.001237084013258991,48758.51689529419,237697.3416
14,2,71.92093546095647,0.19889239731741504,-0.11069733328203357,0.04613492248666868,0.05970351541037733,0.042600940260727506,-0.00018215275386113756,0.0013056183063727242,0.0010395462959720634,0.0012056066093785883,58698.05030345917,237713.0627
14,3,71.8595553983593,0.22709112368657747,-0.06127905043480908,0.04796497304777629,-0.021104070940692665,0.05183380125066941,0.000526409511069592,0.0013574087372520698,0.000427896859065028,0.0014668965753939448,66512.42791938782,237695.2407
14,4,71.79928720392616,0.2543628359596323,-0.06779179765075061,0.051496842782493016,0.005295394498766148,0.05407899377485117,-0.0031872987419356283,0.0014573606507445516,-0.0008604553484230885,0.0015304355238282875,80174.65981674194,237699.30450000003
14,5,71.84855165996684,0.281600899211236,-0.04055356703835267,0.051410093096153596,-0.012548160367703787,0.055124235924974944,-0.0037810006973762623,0.0014549056346211473,-0.000685219073950482,0.001560015876676791,90764.35883712769,237702.6583
14,6,71.83970765116572,0.3089764953180379,0.011975109479299473,0.055024268276166924,-0.0899111909252055,0.0555240372986839,-0.0010449900170351055,0.0015571867922155236,0.0009847579280633546,0.0015713302555527553,99085.26002025604,237694.6779
14,7,71.81818290105198,0.33709516561897407,0.11307807375408352,0.05912265480955546,0.0017189366266419093,0.05577105979560615,-0.0005426847404742625,0.0016731711311104198,0.0037081306037214587,0.0015783209922156538,110507.33953285217,237701.37529999999
14,8,71.8327703974219,0.36592565206151406,-0.0049771958009958706,0.06257508092990459,-0.0207210664741041,0.05624747639823562,0.0018791264089367612,0.0017708747903163009,0.001697106435190698,0.001591803582070068,117914.86976528168,237691.6246
14,9,71.8120026961452,0.39559831270773765,-0.022825008514588796,0.060988327815729444,-0.02346372055259771,0.06047253932532216,-0.001630041424946525,0.001725969677185142,-0.003466580866769084,0.0017113728629066169,127253.66748142242,237705.8163
14,10,71.80905279176403,0.42670309913081367,0.07570593609252252,0.06505703794361403,-0.03702643564451613,0.06233300573801525,-0.000617172765810249,0.0018411141738042783,0.0016196040958298755,0.0017640240623858318,134435.5702199936,237703.3734
14,11,71.75631781932304,0.45911690054908816,-0.016766785128141892,0.060882676199290255,-0.09722259412623147,0.06332226571295244,-0.002545819955513754,0.0017229797364399137,-0.00158226091472001,0.0017920201196765535,144364.00632953644,237689.0929
14,12,71.75900367008957,0.4932801685957302,0.157137750231769,0.06549463242470736,0.04780233137254397,0.06724926908210536,-0.0003695184999534431,0.0018534980976192175,-0.0009086877844845329,0.001903154315023582,151843.10033226013,237704.4717
14,13,71.68203397634717,0.5291319799365464,-0.09852383985881175,0.063068950627512,-0.02246761174228018,0.06473252586194697,0.0005801942636669002,0.001784851302758591,-9.786766674199296e-06,0.0018319304818930997,157915.2866973877,237703.9933
14,14,71.77704101962958,0.5666960536885943,-0.14336860881225522,0.06503617811422167,0.11082527369942463,0.06541501264283361,0.002107044996394983,0.0018405238406324733,-0.004260576545070779,0.0018512448577921916,161542.59978103638,237702.1514
14,15,71.72303410607711,0.6066432855181586,-0.05111969967389007,0.06443138527877046,-0.08281927202057005,0.062271907701249754,0.0009087668279887339,0.001823408203389204,0.003610508110061514,0.0017622949879453678,166420.59248542786,237690.4995
14,16,71.59919962905516,0.6499938263503839,-0.08676917317269872,0.06686268201531397,-0.12079406046540708,0.06283297372790567,-0.001977273748806638,0.0018922139010333853,0.0034211040757917872,0.0017781731564997293,164817.4734840393,237707.7969
14,17,71.61160558500558,0.6993754300885329,-0.036217935032982096,0.059045671443872454,-0.029334121255679357,0.05930204267667832,0.003479052962022621,0.0016709925018615894,-0.0012633892913313741,0.0016782478077499953,178263.525308609,237697.5742
14,18,71.61116266781615,0.7581009303460743,-0.07520795752345322,0.058731421541491684,-0.07634554895913026,0.05836213610420571,0.0017628774723984198,0.0016620992296242137,0.000869880799569251,0.0016516484517490207,164842.5940566063,237697.43959999998
14,19,71.69348965536207,0.8363821095224739,-0.043817264221867935,0.0610472897114657,0.0268463514703996,0.05706757083459449,0.0026217165644940857,0.0017276382988344779,-8.067046570973783e-05,0.001615012254619023,168178.40091824532,237698.1263
15,0,83.5322377652017,0.11276499337050963,-0.019913185679342416,0.0373490894853376,-0.08299170928676891,0.038638398632589395,-0.0006999728337846896,0.0010569792324350543,0.0007523047589768489,0.00109346668130228,31773.838514328003,237757.6466
15,1,83.42821492165837,0.15441849508991384,-0.011775548254286283,0.041709079673383415,0.09087862548518566,0.04269818911911337,-0.0017015222965343984,0.0011803669547567504,-0.0002661168847950309,0.0012083587520709076,46553.51952457428,237767.647
15,2,83.38438286472723,0.18334261269349017,-0.01799061492968035,0.04536491560457729,-0.005777664479038602,0.04315315825497624,-0.0022365469096308913,0.0012838271116095376,0.003262930738311085,0.0012212343786158282,54482.4046087265,237774.1477
15,3,83.37858029265185,0.20871197151985132,-0.0002995579611466681,0.04526970532180381,-0.0554773093506411,0.046625720169683756,-0.0007739385627330863,0.0012811326606070475,0.0009031763183917161,0.00131950788080205,64057.66721057892,237769.3103
15,4,83.36861755223262,0.2334061138173272,-0.021544482663530484,0.04283895482344342,-0.07706157310146866,0.04862647434720256,-0.003182819346601292,0.0012123424215034493,-0.0009397044797304823,0.0013761292240258324,76343.95818901062,237764.9129
15,5,83.33734570087377,0.2585781645063997,-0.07182115302293723,0.04922804325987009,-0.009313135824146945,0.05016814145222238,-0.0024710114413112045,0.0013931536242543245,0.00038098328082636357,0.0014197584030978935,86300.82057380676,237760.55409999998
15,6,83.29973233680343,0.2836871206465634,0.07745621994665663,0.04894328143113119,-0.08777208778178602,0.0531646834793181,-0.0010351386406592701,0.0013850948645010126,0.0002851003449091498,0.0015045605424647023,91226.57712078094,237759.314
15,7,83.27631325954663,0.3094233584666299,-0.1394986268407079,0.05267980741377317,-0.054773066530245273,0.053051000689586784,-0.002264221032336095,0.0014908385498097804,0.0005222969439132846,0.001501343319515305,100534.51970291138,237769.4522
15,8,83.22370369087619,0.336231773958632,-0.07216820131615354,0.05585068180649094,-0.00873079161214374,0.05976778418640973,-0.0007208496570209597,0.0015805742951236935,0.0018240616350876232,0.0016914282924753953,111880.93130683899,237758.71730000002
15,9,83.22963522501611,0.36399947055482396,-0.09210055352447366,0.06079045496123268,-0.12934403251118987,0.0582389034831056,0.0007787641652507752,0.0017203698754028845,-0.0029199022479404185,0.0016481609685718881,118244.58518314362,237777.20739999998
15,10,83.20513793372979,0.3931387222012619,0.052970538672738376,0.061658059450266825,-0.05250326146562845,0.061708764769802936,-0.0020317880237230353,0.0017449230824425513,0.0005416134109358407,0.001746358042985422,129903.97452545166,237761.7864
15,11,83.15840309249671,0.4239075000868894,-0.06806015307924729,0.06199487743546086,0.0017729101347911946,0.06161170651549961,-0.0007304417849398039,0.0017544550314235424,-0.0010426718349827706,0.0017436112943886386,134997.5920267105,237758.2604
15,12,83.1240827776204,0.4569322552729898,-0.049924745671107384,0.06366626079813438,0.04374440117713729,0.05893421096886288,-0.0019057645878605661,0.001801755180587203,-0.002172702790143881,0.0016678381704188193,142417.20146274567,237768.35460000002
15,13,83.1494652102829,0.4932766598121807,-0.022625723695344324,0.061505868565333036,-0.06427502011486563,0.06277685973193435,-0.0032865345110876963,0.0017406160803989253,0.0003666935112795443,0.0017765851304137428,152280.41538524628,237770.6787
15,14,82.99289941449204,0.532669130912456,-0.05183375602830331,0.05839167394278077,-0.1508534245307187,0.06314833209343847,-8.549098999282263e-05,0.0016524843725806949,-0.0006604583773280499,0.0017870977982443088,163166.91524505615,237760.215
15,15,83.05692030514312,0.5750348272376358,-0.08130706928340681,0.05728763484028165,-0.09454574319870268,0.058321628685047255,-0.0037137393944809416,0.0016212400659799695,-0.0018496230714944283,0.0016505020917868362,166064.67879199982,237768.154
15,16,82.99765262042509,0.6213384074779421,-0.034115145440935635,0.06342834542067194,-0.0032049441802489698,0.060446247653070696,0.0009328563715436658,0.0017950221754050157,-0.0008526992995781923,0.0017106288085819011,170243.90872859955,237762.9238
15,17,83.010344341972,0.6734531819304191,-0.09290482038303416,0.058452245831143654,-0.023609119474509166,0.05929634399766547,0.0006872292978262454,0.0016541985570213654,-0.0007898954158785994,0.0016780865351339331,174441.14572429657,237768.1423
15,18,82.99865478474136,0.7386592047885441,-0.11238857258511803,0.05927694529568293,-0.0032102749620486204,0.056769559597802124,0.0006818536475747257,0.0016775375518678275,0.0004811021879424695,0.001606578536617799,174604.66500377655,237759.6611
15,19,83.00438562967047,0.8282466322634988,-0.1339389080090092,0.05908486722473653,-0.08990566360997909,0.05718567362360625,0.0002145112730736798,0.0016721017424600442,0.0038179084515165274,0.0016183545635480561,170271.1512887478,237768.51270000002
16,0,97.96716641626121,0.10476166293779254,-0.028235613179732888,0.035598113647690964,-0.02582354701620937,0.03564646783788346,-0.0038713141365343405,0.0010074266162296544,0.001492045428594848,0.0010087950398121022,31607.02109146118,237882.1313
16,1,97.67233452517216,0.14239555682613134,0.028425579297699066,0.03965081638106083,0.029872377606959155,0.03858094965598153,-0.004064992373935486,0.001122118103584022,-0.0003372740359656578,0.0010918408752642772,44123.266573905945,237875.4522
16,2,97.75777522398357,0.1683574983434872,-0.09545558609214155,0.041322078018077635,-0.03350746068640087,0.04135589874422652,-0.004734418392827306,0.001169414807911597,0.00013116596286007892,0.00117037193446161,53116.32796764374,237894.2231
16,3,97.64992098443807,0.1916364193992881,0.0012537736510778164,0.04486454394469538,-0.07187061013626372,0.04292438800486142,-0.003074351456903727,0.001269666593634879,-0.0007953614705755747,0.001214760180537578,60984.61118221283,237874.6862
16,4,97.57885124554903,0.2135722816570797,-0.06262003648533243,0.0462949732798951,-0.047108789100397175,0.049134498315499604,-0.003082796680386738,0.0013101477438210315,9.560306374000078e-05,0.0013905063023286392,71367.01272392273,237882.64130000002
16,5,97.59058483734997,0.2355589675465594,-0.008075874800283822,0.04839017385699413,0.10943217576584918,0.04985849973550026,-0.0002932375371381737,0.0013694419201529336,0.00034843517059232783,0.0014109955425146569,79682.42882442474,237878.8718
16,6,97.61348916749073,0.2581348629290739,-0.062159351129994045,0.04955834398941965,-0.04637641760516731,0.05195962355349684,-0.0022076874253591015,0.0014025011349005766,-0.0014066501109826404,0.0014704573465639586,89050.71711158752,237881.9656
16,7,97.57296844269668,0.2817376836517417,0.012256099189319247,0.05006767002099247,-0.09091337283719336,0.050288684029522634,-0.0015499772231740087,0.0014169150615940876,0.0010135331900398888,0.001423169758035491,99420.85314178467,237887.35109999997
16,8,97.45225552362665,0.30708697297985577,-0.0881285540256811,0.053159361772879624,-0.01670630379300464,0.048791377063686796,-8.86167214293244e-05,0.0015044099381724932,0.0008388775052310168,0.001380795970902338,108706.5716047287,237883.6877
16,9,97.44666402775793,0.3333543073135136,0.05021707254259855,0.052286091435690386,-0.03887562182808879,0.05479776923704085,-0.000873940997075578,0.0014796963876300383,-0.00037911034259721296,0.001550776869408256,115352.53565597534,237886.4632
16,10,97.41460688937164,0.3603684306875265,-0.02768879078684572,0.05394780104270416,-0.05864088841334769,0.05198442339582213,0.0013724332992222305,0.0015267227695085293,0.0009584607881869996,0.0014711591821017665,119240.85380458832,237875.9381
16,11,97.40852730535762,0.3896024249213372,0.026485757224125717,0.05455558915094092,0.03235188763840302,0.05920550210881701,-0.004801799784247707,0.0015439231729716277,-0.001038808838490713,0.0016755157096795207,129895.54120540619,237881.31560000003
16,12,97.37406474891004,0.42134865907007435,0.01466505637839255,0.05595646478083143,-0.005827973046566015,0.05946621154881964,0.0012259534823796745,0.001583567953297529,0.0018939637838452615,0.0016828937868315962,136066.50080299377,237889.02990000002
16,13,97.31799001954725,0.4562032902646674,0.08902443601370424,0.056445937397054315,-0.05050614209361326,0.058305759074942,0.0007385972040550343,0.0015974200283366375,-0.004119586401663064,0.0016500529818208594,147569.51324272156,237870.4914
16,14,97.30100603167753,0.4951213265130721,-0.08116762529179333,0.05621701389516116,0.05667493866401929,0.05755892153489168,0.00014220907326295182,0.00159094149323306,0.0018055577121151405,0.0016289174794374345,148438.88841629028,237882.5452
16,15,97.32455809684664,0.5383933157611592,0.00529220527196772,0.05692287691807112,-0.08209338656299958,0.054399248758998105,-0.002105661410451119,0.0016109174167814127,-0.0006516000813805295,0.001539498739879646,150077.3379125595,237880.9083
16,16,97.20071294817075,0.5859247414675177,-0.04125743528729564,0.05790742680832359,0.031748270936236445,0.05526599229138667,-0.0017710749192048037,0.0016387801786755573,0.0003222795323104665,0.0015640275818462426,158835.559589386,237891.21279999998
16,17,97.21188008411099,0.6421822415817785,0.01515432634527647,0.053827830919879846,-0.06580195364223096,0.05673755387784951,0.0003742682180981832,0.0015233276150325998,-0.002107680473386114,0.0016056727747431414,180322.11843585968,237882.7396
16,18,97.24274768675212,0.7129710992489787,-0.12048352599659884,0.0531625147621726,-0.08290738458877167,0.056668643924098476,-0.0023435367841608268,0.001504499167769484,0.0010423145932478527,0.001603722623051987,202993.80559539795,237881.04830000002
16,19,97.16139078114821,0.818066534807534,-0.16632656255725498,0.05499273435040924,-0.06488226066657732,0.05540140343886266,-6.872180768301974e-05,0.0015562943821165822,0.000674454437897723,0.0015678597173198138,173988.88389348984,237877.8066
17,0,116.37854883805413,0.0990562359818721,-0.02353302984497674,0.03460667218532809,-0.03558598141757863,0.030959664076203194,-0.0049224241492992786,0.0009793688228447847,-0.0014639529817505976,0.0008761584933565499,30967.505299568176,237716.28519999998
17,1,116.57525130728045,0.13145070179137058,0.047862491304177635,0.037896483523184685,0.0031774057376940945,0.03731911126764665,-0.001344330193002475,0.0010724704837061269,4.306756344981712e-05,0.0010561308488744006,43928.72962856293,237718.71389999997
17,2,116.53741659001679,0.15352932297856559,-0.02368780470014109,0.04014447325000936,-0.05286555790625891,0.04291544575891405,-0.0029021356282851476,0.001136088592975265,0.00044560306796251857,0.001214507114977268,51868.678216934204,237722.1285
17,3,116.37950809510653,0.17349294997347678,0.012410466943769682,0.03975511425354144,-0.0410639097400729,0.044441647053922256,-0.0019384178416914986,0.001125069733375223,0.001059528940267649,0.001257698611626,63753.45803642273,237712.2886
17,4,116.297103790622,0.19327043755321827,-0.06488436012451126,0.04426491589249109,-0.0064100450489796845,0.04379663674334946,-0.00214927304751191,0.001252697119757498,-0.001719188391292606,0.0012394448198367904,69862.2623167038,237721.73559999999
17,5,116.34038616339447,0.2129187323453917,0.02944165841123425,0.04539698595528099,-0.042162476135260474,0.04812957091346173,-0.0025962801918625617,0.0012847347025344512,-0.00048412455360806114,0.0013620668568509664,81883.93820858002,237711.7622
17,6,116.46892408840252,0.233597721787368,-0.06123265378720544,0.04921004943547485,-0.10952350790849708,0.04953920214783416,-0.001767179860934376,0.0013926443990239388,-0.0003385362609075286,0.001401959420783707,93516.41650009155,237721.34029999998
17,7,116.12905932238738,0.2548700301409049,-0.0854199439376504,0.04855314375517165,0.03540108366896,0.04691449930187293,-0.0031009737450259593,0.0013740539682713573,0.0005220235117474274,0.0013276803302430032,99996.95680046082,237722.2281
17,8,116.19586847707514,0.2769014595525319,-0.01606056747151441,0.04905641633441684,0.016992961960937025,0.0506740758850018,-0.00013243688280489997,0.001388296582263996,-0.0020720560348051545,0.0014340763475455512,104237.49179363251,237716.1216
17,9,116.22451277721626,0.2998567026294819,0.0012420945239526304,0.05029561729817411,-0.0917274574471807,0.05055457157207571,-0.0008414488875348085,0.0014233659695383264,-0.0001009780420920623,0.0014306943754897417,112455.33619403839,237715.4607
17,10,116.06628426836453,0.3247335020058083,-0.016859254307993288,0.05106088494352657,-0.13138982431825585,0.052075245124842684,-0.00036419458633202696,0.001445023043901802,-0.001044374930255507,0.0014737294370330473,124200.11869049072,237708.076
17,11,116.03696382648461,0.35158499803754933,0.05222815402042125,0.05087942979239436,-0.0074723025103959895,0.05150229619685731,-5.4001119934247565e-05,0.0014398878631247606,0.002539115467897684,0.0014575149823710613,130422.00418376923,237722.0104
17,12,115.99216327103245,0.38031673250382614,-0.05480887688246949,0.053714921508266227,-0.07235127588318302,0.05259795928224381,-0.0018315044020675323,0.0015201322786839344,0.002085271906793751,0.0014885222476874996,136157.13436317444,237716.0542
17,13,115.89291051451856,0.4124997831316158,-0.11401336242949767,0.05592336269751983,-0.04782676832200772,0.05134784597735783,-0.002504464132774245,0.0015826311643398106,-0.0011394805931660545,0.0014531440411592266,145556.06405735016,237714.01640000002
17,14,115.76801545096664,0.44982350188739206,-0.05503573395289496,0.05304034433669725,-0.04716225471382929,0.05408676622393991,-0.00387546754346403,0.001501041744728531,-0.0021320709245952352,0.0015306554841374997,154824.51517486572,237730.1357
17,15,115.75742219664157,0.49307080019185723,-0.04416149651063761,0.056683788044894844,-0.05535933699100526,0.054305016187048444,0.0010223783673323386,0.0016041512016705252,0.0019367802235224184,0.0015368319580934724,154670.3807964325,237703.1033
17,16,115.81484541888103,0.5427821818253344,-0.11679304020556747,0.052587271628042505,-0.035428888442556206,0.05520865302872259,-0.0011658076360299271,0.0014882197870736038,-0.00154625655193278,0.0015624048807128493,157393.31157016754,237727.1962
17,17,115.59138535807968,0.6046554999357665,0.057365322603543545,0.054396218703372065,0.0005050220442430753,0.05202828384894886,0.0003993826203466992,0.001539412989305429,0.002671368338509386,0.0014724004329252525,186632.10723400116,237720.8592
17,18,115.61688197341311,0.6841787056092186,-0.019637928031348673,0.05280503431630499,-0.14988555547093108,0.053680920660235484,0.0013535639879204597,0.0014943824711514317,-0.004876066525365817,0.0015191700546846644,230410.34888648987,237705.58599999998
17,19,115.61412176810397,0.8032366902661157,-0.1849712609424341,0.05369883801715722,-0.12048775952916602,0.05136665938798586,0.001018476084581411,0.0015196771158855495,-0.000759238502142566,0.0014536764606799992,189209.2733154297,237723.2613
18,0,143.65669751366895,0.09824094290310323,-0.03301548421339506,0.03457011843732212,0.034296764544761826,0.036427557343819666,-0.0015675704140787354,0.000978334351776216,-0.0003467677787732996,0.001030899872830097,36518.71959018707,237810.9525
18,1,143.44861190717256,0.1270259181000096,-0.013239085687774876,0.037298283648008294,-0.006797806867348655,0.0359515499534311,-0.00163494536820464,0.0010555414272386352,-0.00089900320037457,0.0010174288636821,49572.835993766785,237830.4977
18,2,143.41877016396347,0.1461843655461964,-0.02735673792187332,0.041231854378069824,-0.04603967708526335,0.03983956991183927,-0.0006225388896170334,0.001166861478899375,-0.0006216411903769356,0.0011274598285050512,58864.43071460724,237816.5449
18,3,143.5143220345185,0.16327204653169972,-0.09482874899308458,0.040294715827712664,-0.10141946965831372,0.04116697232858184,-0.0011769615593429674,0.0011403404579242687,-0.00031674306474384524,0.001165025316898866,68445.49977588654,237815.8334
18,4,143.29707302111112,0.17976629062835986,-0.025060075434524376,0.04413930034957077,-0.040302484599838095,0.043278373826068625,-0.002574853055487065,0.0012491421998928533,-0.00019757983397308485,0.0012247779792777427,75849.58771133423,237814.3941
18,5,143.34549181613005,0.19627971886293688,-0.054033060331161176,0.044362314842351355,-0.05860317594326214,0.043865667234968146,-0.001399822910811914,0.0012554535100385434,0.001696656221031722,0.001241398382749597,83836.2949924469,237812.8641
18,6,143.38291557931132,0.21305180995893908,0.0016156839738259432,0.045302573282476014,0.017782094390462966,0.04613057162062266,-0.0029209046996507113,0.001282062823894071,-0.0006904662429143751,0.001305495176863621,92234.35270786285,237812.0946
18,7,143.3929655816684,0.2309193343495803,0.035306716736123844,0.05030380600386235,-0.03181649585035773,0.0452225787763373,-0.0011163703691081054,0.0014235977099093045,-0.00010265075246359938,0.0012797989793703456,104044.06500434875,237825.79570000002
18,8,143.30096258920247,0.24986926236007317,-0.1346810598756325,0.049232623704951545,-0.041052130934199904,0.04734707278105068,0.0005475768023432865,0.001393283250850129,-0.00036534226229405914,0.0013399221597037339,111386.4171705246,237811.88840000003
18,9,143.14010161674483,0.27049961282225965,-0.03520348810573082,0.049459464945571505,0.02426325106987326,0.05018994914774873,-0.0027277135294762837,0.0013997028579596736,-0.0007096560828338573,0.0014203755608812889,125445.44032001495,237820.6076
18,10,143.12728912624104,0.2926347000345397,-0.04820945057744441,0.05138647401771834,0.05787600585054253,0.04798630585837588,-0.0010266172896564027,0.0014542372147014287,-0.002064285432346267,0.0013580124557920372,128665.56004714966,237821.8347
18,11,143.22664410357572,0.31607676420819064,-0.01435328535918945,0.047859763619651385,-0.07864663324868182,0.05090351038171208,-0.0022412856942308594,0.001354431310436134,-0.0021952818493335413,0.0014405693438024516,132400.46289634705,237806.7208
18,12,143.06601007886616,0.34143166794780705,-0.007742144303442333,0.050537040837954586,-0.05362353137535414,0.052306183577865505,-0.0035791797581049486,0.0014301982557141145,-0.0013304823334338838,0.0014802649952535927,138307.80266857147,237820.2233
18,13,143.1125950294613,0.3695199266993573,-0.05906444164554825,0.05267752746437316,0.040386460913981015,0.0517907477479918,-0.004032263794951254,0.0014907740272417601,-0.0020880033741348964,0.001465678161268167,144837.25166416168,237818.1139
18,14,142.90827434163464,0.4008942219176695,0.04206519782115459,0.05152497862943262,-0.048421964047682176,0.05144362204273992,-0.002068348419763553,0.0014581568952129428,-0.00024168529102548512,0.0014558545038095396,151550.89106464386,237824.36849999998
18,15,143.10875386537043,0.4383468143441236,-0.08684115138153747,0.0493171060844389,0.010823877884223343,0.05184085891574632,6.489563709313506e-05,0.0013956741021896209,-0.00039746327137328563,0.0014670963073156222,166541.93412590027,237815.5313
18,16,142.73136905573762,0.4845476676136342,-0.037817839289847166,0.05220429620394783,-0.024133161977693662,0.05193103452205357,-0.003153008069144294,0.0014773815825717242,0.0008495055781477245,0.001469648276974116,167126.49570274353,237814.05830000003
18,17,142.4007784957807,0.5442444105664438,0.0021365448983001745,0.05131232732141539,0.02286566691642511,0.0498219509679385,-0.0006989305513793736,0.0014521388631960571,-0.0019806807618333866,0.0014099612123926605,192910.33937740326,237818.61839999998
18,18,142.15053257590722,0.6311413367444275,-0.0428298784015162,0.04761697436181415,-0.035778933668377366,0.050127902703564924,-0.00043832139634583113,0.0013475603744393402,-0.0009378908490198946,0.001418619646510887,252087.27202129364,237807.2971
18,19,142.2959539804766,0.7714375818785081,-0.235869912659604,0.04531428982850522,-0.17433376125732558,0.04822414707242003,0.0013534239182517156,0.0012823944021466986,0.0007490724028479182,0.0013647433621494878,242660.37983846664,237822.56300000002
19,0,195.65594069293755,0.09706495021048356,-0.023911382492722177,0.037847065286187614,-0.04154101863686388,0.03301592282923983,-0.0028709128391164068,0.001071071947599109,-0.0006352398414254918,0.0009343506160674871,40333.263902664185,237791.1942
19,1,198.0721173359453,0.12616042472157452,-0.013719117181002827,0.032667053842996896,-0.030567234504229712,0.033999534579479386,-0.0009905535936738299,0.0009244776237568124,-0.0012700612791704856,0.0009621868285992665,67847.76821899414,237798.9927
19,2,198.0376716586792,0.14602143523098748,-0.03506593202909747,0.034586425109587905,-0.01474488563272447,0.03607851323957301,-0.002104582174617012,0.0009787958306013375,0.000577109023637428,0.0010210219246799164,88102.4512796402,237782.0769
19,3,199.52329891111265,0.16363845826652393,-0.06106627040129309,0.03680387902192872,-0.10759596516655612,0.03489956706888198,-0.0005646818538980545,0.0010415497763205826,-0.0006022979751735057,0.0009876577480493595,105194.42039012909,237801.3339
19,4,199.99112917520387,0.1807472975289102,-0.10390805334208664,0.03673683600763102,-0.03557730146990368,0.03629026526163601,-0.0032214373818965306,0.0010396524590159586,-0.0021870817078295393,0.0010270145069042988,120447.94023895264,237783.05800000002
19,5,200.3752327569249,0.19757798195921045,-0.028434946608579148,0.04007827707451405,-0.07509408715585597,0.03895498841617355,-0.002920472100844768,0.0011342152412087477,0.000725768545215718,0.0011024261721777108,131129.22872161865,237800.2202
19,6,200.70658350883346,0.21455543994833873,-0.10366866054231072,0.041021178663269355,-0.042965661611699235,0.045829167262996386,-0.0017669425771784973,0.001160899356170523,0.00014823737470407924,0.0012969654335427978,145352.98309993744,237778.79450000002
19,7,201.79567416605,0.23218997158135418,-0.1460872849187944,0.042423719068424876,-0.09812163288350084,0.04099071245456998,-0.0025151033380105617,0.0012005912496364244,0.00046462973780432397,0.0011600371624643304,155131.00413513184,237798.21899999998
19,8,203.05601911671263,0.2507535933858895,-0.10587867894427849,0.04448072746970038,-0.04800043713425395,0.04389446040317166,-0.005582693965385758,0.0012588045873925201,-0.0022073956969620376,0.001242213229409758,171688.3404455185,237799.3163
19,9,203.54409136483656,0.27070186616340725,-0.0030034862476450153,0.047095479701669093,-0.048517506873794414,0.04508924266955589,-0.0009039128658624211,0.0013328020755572348,-0.00026961157372326107,0.001276025567548432,177432.29591941833,237780.5534
19,10,205.63107622578445,0.2917594926858729,-0.11237399121978875,0.047946845816062816,-0.06394651465138501,0.047760610571068646,-0.0007254513878170591,0.0013568957365945775,-0.0009989056307118573,0.001351625279161242,181503.59984588623,237800.7131
19,11,206.7758804035888,0.31382780460478815,-0.09780507112069847,0.05003464633576492,-0.013415167197498135,0.048547132463059105,-0.0038789237958780374,0.0014159804913021462,0.00014358461523190404,0.001373883848704572,182252.79472351074,237781.2905
19,12,206.6531610741032,0.3381255959474142,0.0017052550701270874,0.05017886771194944,-0.17696870605835313,0.050449293396874,-0.0014433977430174571,0.00142006195624817,-0.0011372610541575262,0.0014277150031315345,188938.50861358643,237801.35689999998
19,13,206.80267649355247,0.36526075102637173,-0.06087775691158748,0.05068673016929952,0.009333477406700874,0.048135029563029084,-0.001144347677899585,0.0014344344637911763,-0.0013747945631072088,0.001362221336633723,193532.10764408112,237788.8295
19,14,207.49955515518903,0.39586235648912715,-0.09489340830772863,0.05074897874726978,-0.013047717877846754,0.05010825123189616,-0.0011219428261336714,0.0014361960985477351,-0.0010273332977010982,0.0014180635098626606,199680.6497631073,237794.7891
19,15,208.42683247991056,0.4321966812891923,-0.014140088546419904,0.0498358809543073,-0.009846788056013134,0.047032928776229936,-0.0029932531443316156,0.0014103554310068973,-0.00015764304668070862,0.0013310318843673067,208121.01007938385,237786.0461
19,16,209.39288991783414,0.47559451063627306,-0.07022334757256632,0.048052863806458374,-0.06507950270673368,0.04986057713385031,-0.0026904190730580035,0.0013598960457227717,6.699906351002524e-05,0.001411054332887963,216587.32062625885,237791.0309
19,17,213.9710449292323,0.5298192538306941,-0.01923723440728864,0.05009646828286585,-0.039967935094846085,0.04947575760615029,-0.002909153017339846,0.0014177300524051033,-0.0033405551452402194,0.0014001639402540526,263148.08399677277,237789.59600000002
19,18,216.17326138381654,0.6072045983819265,-0.029426743565869273,0.045995996575483436,-0.1138994655713943,0.0468048662727632,-0.0016275296895024859,0.0013016867030861813,-0.0007057376290116827,0.0013245777155191972,355437.3076648712,237801.72209999998
19,19,215.0764784990901,0.7482142059272993,-0.27700431302085193,0.04524699758099322,-0.23457759348414164,0.04576949309330887,0.0013341376031166844,0.0012804900315421086,0.0013420182017974437,0.001295276654540641,326697.80116939545,237785.22749999998
