bin1_id,bin2_id,bin1_mean,bin2_mean,m1,m1_err,m2,m2_err,c1,c1_err,c2,c2_err,varWei
0,0,7.910951469833128,0.26524392753630016,0.11029727317904585,0.12782294282421547,-0.03265202159034347,0.12707308883721943,0.0010605793809491354,0.000857923603923787,0.002971146639074539,0.0009086088328524903,383062.08280000003
0,1,7.866420131747885,0.3672601394032427,0.11340052283021758,0.1294754358331095,0.2760001956088513,0.12945074082497765,-0.0006812074292064889,0.0009199238446744568,-0.0010860701042992632,0.0009581353162170061,394653.43820000003
0,2,7.830682499248975,0.4254894532566487,0.3631763892080284,0.13273123132549147,-0.16707623596768106,0.129784671026454,-0.0005560057096170509,0.0009801426937452672,-0.0014252408784593126,0.000984455991039545,391509.7158
0,3,7.815369816698275,0.47109027682829796,0.1989901609577281,0.14281715219702956,-0.21323549192713867,0.1473620334285581,0.0012865923378625047,0.0010471622483217624,-0.0036912593740267103,0.0009922202214593904,400172.0736
0,4,7.805160224077811,0.509088139991911,0.3582944224034838,0.14235062561537543,0.052622945317504284,0.14398632350767201,-0.004794376179966716,0.0010215247805930945,-0.0031537096075326073,0.0010788488753955374,407490.8615
0,5,7.775868606466537,0.5423896719393081,-0.31632834766027035,0.15220449288943996,-0.022829443964192807,0.14878257562146097,-0.0004347738584140983,0.00106108528669128,-1.3138070231542609e-05,0.0010789563862095297,392192.2247
0,6,7.781839032522856,0.5724002493608936,-0.3032379526632657,0.1576508102774032,0.00909680634681993,0.15841244595049644,-0.004966129773902757,0.0011068573675971714,0.0021383569151214076,0.001100859831648858,393916.20050000004
0,7,7.7561150197183775,0.599772453829639,0.012005113817217548,0.1637733458557001,0.00878093216470673,0.16553459354640565,0.001983807228988611,0.0011082794914162983,0.0003431150896571754,0.0011704919367996342,396824.8805
0,8,7.73431169069715,0.6252067085899945,-0.22576521762265475,0.16624425298323584,0.027201153318606886,0.16064363027950157,-0.002200705743229626,0.0011366386968285993,0.002233460656532747,0.001126163981765497,381505.6769
0,9,7.713811532266098,0.649223294227988,0.09275041574104356,0.16468949516064346,0.08758842136218711,0.16860493994662099,-0.001934069953878729,0.0011949228052182685,-1.5648220153491665e-05,0.0011652028102861814,381112.92639999994
0,10,7.707875434357445,0.6720256289032451,0.4342172087696568,0.17189098934422034,0.08459192062998433,0.1716486930055744,-0.006157312519242873,0.0011514367909376334,0.010305995407728783,0.00130055909255492,381820.9565999999
0,11,7.690219846524126,0.6939650625086055,-0.0678441704231122,0.17247049941202786,-0.06396076199459624,0.17423905265283685,-0.0006054577773433489,0.0011746170613794273,0.01250261236372726,0.0012166091401930707,380591.4664
0,12,7.669637795728724,0.7151535453995974,-0.3806166375105381,0.1736323723900718,0.011659470923956222,0.1759111345090049,-0.002360209275152031,0.0012035696023356133,-0.001253255364477935,0.0012651214115156374,376229.8482
0,13,7.640759677209953,0.7359332546218541,0.2907911918548586,0.1724096086435687,-0.22855777164499558,0.1678802586410296,0.00012982677154757985,0.0011905120034774496,-0.0009446000696330721,0.0012190475571865198,378142.9247
0,14,7.634647363432795,0.7567828354666158,-0.2032632340206658,0.16971766724760667,-0.03449310156364996,0.16848659193434723,-0.006839750833748009,0.0011712865352974452,0.00571197169978155,0.0012193782876858106,376908.87689999986
0,15,7.608239737525664,0.7778686637061133,0.5153588717186238,0.16542760755994615,-0.21695962524624832,0.16598313242574475,-0.006715169613032887,0.0011350078294227112,-0.006865518913296036,0.001221034860769076,369224.6358
0,16,7.582656262375899,0.7995980461850527,-0.5699523272127613,0.16339384618723096,-0.2539188667428584,0.16363768295790782,-0.0012891928093905908,0.001091844503962068,0.0031479540722906723,0.001109919775106482,370170.13639999996
0,17,7.556663781213901,0.8225445201581415,0.045935753667352024,0.16026490346004502,0.1849078749942047,0.16352745836688126,-0.006846407353073446,0.0010830427165210686,0.005864255618916823,0.0011060194239983342,371778.39569999994
0,18,7.536365603195946,0.8477155730048136,-0.11463569204493566,0.1658254023640566,0.031227946459653055,0.1659653376554121,0.0006814154026050774,0.0010403475942999255,-0.001053770998918952,0.0010673766216610509,365969.54589999997
0,19,7.539754494802606,0.8788814785225976,-0.5811688213873835,0.15888021095136878,0.2486559167539218,0.16140456535913889,0.0016169893573251166,0.0010084948813020962,-0.0013378446379523627,0.0009874315255543479,363226.51800000004
1,0,9.406030976448989,0.25109481625686936,-0.05436629369269685,0.14447681099760884,0.1713632579371302,0.1448095774340782,0.0013114811391577957,0.0010345870018918949,-0.00210090315543599,0.0010355877801565651,444524.42579999997
1,1,9.422090169313526,0.3398928421336874,-0.01243792924537135,0.1507661193019153,-0.25597039461923965,0.15336107645706423,0.0008464400623298671,0.0010949625034482708,0.0014963642476822452,0.0010877089823894141,449577.1146
1,2,9.410923161724176,0.3913921214699996,0.1701550956670882,0.15922723958853205,-0.025071717863804934,0.15650988475180738,0.0009727980789218924,0.0011374076990983883,0.002548810735522355,0.0011482793370165814,441914.9953
1,3,9.409991546133122,0.4318689430597068,0.28668158590748577,0.16463171505294444,-0.23588457049987804,0.16636703742633185,-0.0027010734943006755,0.00123019093224606,0.004406697582047091,0.001269930578314162,433595.6614
1,4,9.403659213134135,0.4669618434888376,0.13921986031226194,0.1739387472596427,0.015964576399526795,0.17614472549524338,-0.00022631773780783495,0.001230182330371012,-0.0007257188981612756,0.0012443253686528358,432631.5141999999
1,5,9.393580315895889,0.49877479055326235,0.48899959596309683,0.17780038580110985,0.35050522568373715,0.17575660753847913,-0.008914539286877562,0.0013932719496434983,-0.00041400514526976286,0.0012576857988383261,432376.37600000005
1,6,9.390838515931598,0.5281759440905467,-0.19371594311688878,0.18444140893391445,-0.14016477948865946,0.19016599847300264,-0.0040319751643864395,0.00127422845943198,-0.005587530423027323,0.00141056248880354,430259.87510000006
1,7,9.38195992478572,0.5560658295014191,0.0996346448863955,0.18656453169454495,0.27950928606967956,0.18342936415843725,-0.0012202605362734418,0.0013325178474792483,-0.0004715316254998757,0.0013227600986244102,427782.54610000004
1,8,9.382152417742807,0.582387837971185,-0.4700088584405094,0.1958079850170088,0.11888704880994758,0.19445027818554872,0.005556120020315301,0.0013981602687502175,-0.001396682694921448,0.001366345336638704,424692.21369999996
1,9,9.37412835609739,0.6076526360873136,0.3560504088796964,0.19896464859906235,-0.46062221771852374,0.19587932948640593,-0.009327187621120527,0.0013830299373221214,0.0012145357645108963,0.0014933271506399647,422470.5059
1,10,9.372324139325855,0.6321491044506292,-0.21932315792518944,0.19202256058772643,-0.06549412296093662,0.1928091465856802,-0.003157053340163883,0.0014103989698150217,-0.0022266573606870587,0.0013847269058096785,424127.8365
1,11,9.378258379598858,0.6562670008620034,0.16525845824137128,0.2151812076634498,-0.22223701420984798,0.21437940477421008,-0.00019362702703702673,0.0014180877854102567,0.005665226563833263,0.001458670518821584,412987.49
1,12,9.386667838119514,0.6798921796999956,0.4101677808033997,0.20512346569408288,0.3173220622968709,0.20127265241069345,-0.001987804190105816,0.0014081433052158553,-0.0012159388706851728,0.001378351768556932,411129.0814
1,13,9.371751970145437,0.7036182541796565,0.1924799102187072,0.20946232166794873,0.07163129031109632,0.205756308398262,0.0033999678183761774,0.001403745534448421,-0.0014708213518272843,0.0014574010837751935,415522.8643
1,14,9.376483505614434,0.7274538068888399,0.18742387769035362,0.20371153444483303,0.13232883353301128,0.21018103696656676,-0.002933607488897525,0.0013911484729128253,0.010408847536090844,0.001503240792023562,400252.1357
1,15,9.372711514296212,0.7517280486437634,0.06357947206174258,0.2062671355461681,-0.07168315591170477,0.20194182781351971,-0.0009651694632926978,0.0013922690254243278,-0.002430469703000558,0.0013859851551043562,402862.41770000005
1,16,9.377081295795056,0.7767910468723025,-0.2896468151020635,0.20128657437409136,-0.267596429553411,0.2098210247715225,0.003917577001201677,0.0013800729872160938,-0.0032650258417665705,0.0014301286352910402,393576.5125
1,17,9.379435729439384,0.8038193353531459,-0.6017790269779312,0.2026110401211012,0.22790259826168974,0.19814344710570486,-0.002427440933237767,0.0013571869758783374,0.006178154275223782,0.0013962632092463536,388977.17569999996
1,18,9.378563931708795,0.8343590449347156,-0.09312186581108761,0.19873009236186132,0.38876581745136995,0.1960226931610656,0.0027307366264376484,0.0012409379344950763,0.0004677408435297837,0.001360328092649505,384584.1346
1,19,9.373103230621444,0.8734496239427865,-0.06851135097635691,0.17384045037845597,-0.06259091236939052,0.17544909902455505,0.001065568596057981,0.0011440047876126542,-0.0021921811439569055,0.0011911963072961506,378528.5679
2,0,10.666283584038952,0.245704735061164,0.22809294896124682,0.139732178106742,0.09520842446738412,0.14225018332319653,0.0025206370186309783,0.0010235545274664714,-0.0023913367944289154,0.0010464951048390029,479188.2953
2,1,10.66202872045093,0.327159664346663,0.3811894833190452,0.15691724435057153,0.006174486397010384,0.15845699344961253,-0.0013563218490607193,0.001127037627959086,-0.000719740729021017,0.0011845359932321949,465245.1256
2,2,10.653803267086797,0.3750397163424756,0.001873740206897417,0.16106406427905134,-0.11422287916533236,0.164319199235674,-0.0005868244627025878,0.0011643976468322574,0.001870055313830213,0.0012384080491215405,467334.5751
2,3,10.666544228217674,0.41351665344275457,-0.10322336425100627,0.1687134244027073,0.02964806881831685,0.16443224887407348,0.0004701045809646299,0.0012304661744918484,0.006055556859960047,0.00122939075929946,448287.38399999996
2,4,10.660946832875931,0.44739601531464934,-0.021838699458876527,0.17270428573029856,-0.06821337545571797,0.1702523652000009,-0.0015994421998118125,0.0012389151858061506,0.004797788243067482,0.001274079725342683,446869.37869999994
2,5,10.655417637849112,0.47858957342289277,0.18592419755372835,0.18318330553053386,0.4494848004969334,0.17660968443277142,-0.0035800725925803386,0.001304387470656087,0.0055036438138045644,0.0014111563723904713,450642.5409
2,6,10.663327363800622,0.5080115520148716,0.32133166795521423,0.1819143551524836,0.20419661326672683,0.18737591384539964,0.0012179921687853045,0.0013692326535927688,0.003663578756233304,0.0013426402224983986,433731.3253
2,7,10.650838314090509,0.5365100371253491,-0.304573145978008,0.18765060289496427,-0.1443955495324829,0.18138724901193998,-0.0007764295759943147,0.0014020185912664584,-0.0008342470382148557,0.0013440399994663454,440279.6949
2,8,10.65244883526854,0.5637047343608703,0.022119835810994647,0.18946703231754342,-0.22418939332940718,0.20170176070766455,0.002841113258523067,0.0013826301573631604,0.004570245975677165,0.001382423870169338,440052.71030000004
2,9,10.65630245640897,0.5899280272810516,0.011672016238529351,0.19785029075466054,0.07458592492726145,0.20246234043580635,0.0038530984381271558,0.001464072147507573,-0.002637864632386879,0.0014381801811118296,429894.8726
2,10,10.653184376992,0.6156198868461151,0.10818572108279553,0.21515451872645971,-0.25405102525603046,0.2084455504268936,-0.00234818067190119,0.0014891322977176559,0.007479702164025434,0.0015301030769132484,423719.99809999997
2,11,10.652477388395475,0.6410741499287632,0.48249710070927876,0.2028298898033007,-0.06498363840701188,0.20817767358061723,-0.011124611588764257,0.0015960158096064159,0.002009917298468341,0.0014643147021607785,421209.42759999994
2,12,10.64899171509344,0.6659792459574065,0.2076089814873123,0.22016257460127192,0.3895578926059,0.21879475636312656,-0.004259387060148859,0.001515386709144825,-0.008288518860717948,0.0016954791891798085,418579.0239000001
2,13,10.645300855318567,0.6911757269495752,-0.02203045310989073,0.21497111691401172,0.1487352776291699,0.22312568885632936,-0.0034021109619087777,0.001480648841509718,-0.0002689514220069249,0.0015487644824144595,412270.601
2,14,10.644815544365656,0.7165419684192018,0.26675323281290814,0.2261887495679854,-0.04740176045676333,0.22704242455580684,0.0012097025761746106,0.0015055346373735773,-0.0005855795135357721,0.0015401792258387273,410630.07790000003
2,15,10.65085786073458,0.7426085504495341,-0.08789939737716963,0.22176258933731088,-0.34353970725832167,0.2267522522013757,0.0037798130600621696,0.0015916992663660935,-0.000878824695366819,0.0014785785952835442,407585.9308
2,16,10.65339852357655,0.7693029997904616,0.07811634255079535,0.22380863442301893,-0.5955906093029376,0.2285560484739653,-0.003232020255679515,0.0015636836759477443,0.004397328847609287,0.0015092097460157627,409070.97469999996
2,17,10.645820337956643,0.7979834193871224,-0.131538585867857,0.21470101317623094,0.48111994225437743,0.2160917884827122,0.0037003796541751075,0.0015272528871093688,0.0009260877849292661,0.0014330400953678946,399979.73559999996
2,18,10.643565461784947,0.8306222911831364,0.2991245227717237,0.21992079133471676,0.15617463444671836,0.21533650552167738,0.0020467334337659427,0.001378338838720665,-0.0019524071557508777,0.0014377589761132468,388812.14849999995
2,19,10.652113187739626,0.8717886263406518,0.10335085552401868,0.19196038304600885,-0.09296598201218907,0.19032888640019932,-0.00457775747182349,0.0013708958037517882,0.00463427700178238,0.0013741130802585317,383037.0316
3,0,11.82939038959825,0.2390079420333015,-0.16520848112482797,0.134950853664605,0.047704442358480016,0.14018464965654434,0.0005233428835363173,0.0010630480571229984,0.004060545032635827,0.0011259287739929773,494199.3774
3,1,11.829247534775483,0.3191116510785607,-0.364156576208078,0.15761954027858124,-0.1100233153362967,0.15762376676013115,0.005201575950558134,0.0012431496426487218,-0.0037046378781777894,0.00117557743737603,473427.7205
3,2,11.830202465132402,0.3654916573493116,-0.05386857910382767,0.15861379145682541,-0.25298698030593636,0.15507747818026044,0.004154272340277756,0.0012155306596194494,0.005264917058586942,0.0012296820645164427,469536.69440000004
3,3,11.835067578278084,0.4032266206443069,-0.13440942548303034,0.17024376458408325,0.011458235991735708,0.16490295389070928,-0.0006200748315016691,0.0013074564902606656,-0.0024742604212052537,0.0012245353276937765,463923.2811
3,4,11.828444232756926,0.43632276726550456,-0.07985721410760155,0.17342207361633813,-0.12726110005112548,0.17519464011346345,0.002158309068396542,0.0012499676491823813,0.00441519755106949,0.0012760956267166303,460225.001
3,5,11.827401740640488,0.4665518352646777,-0.26071108345218363,0.18916482750524657,-0.24323582827161347,0.18761359028976823,-0.002959609803313208,0.0013274523657660986,-0.0006702684785913325,0.0013122944501484574,438145.8236
3,6,11.831768058493664,0.4950874266078841,0.24664052721693577,0.19328638188445108,-0.007152134217117948,0.18924702346721123,-0.003581067717698432,0.001324062347440037,-0.0006784137874954584,0.0014387356871048344,448935.6754
3,7,11.823402695686129,0.5223349837790955,0.15942291884005516,0.19593940474262492,-0.31506938390587613,0.19412825159651576,-0.005405604773328256,0.0013372347298860215,0.003836301643485748,0.0013665398382828509,431330.4234
3,8,11.825622877567179,0.5489768920107171,-0.2579994694556995,0.19561401814078253,0.2129343438552643,0.19800781615618412,-0.001843590564190184,0.0013846591794575507,0.004230398796405833,0.0014294069354011164,433298.4606
3,9,11.821456832362534,0.5754454493040074,-0.3066803388361828,0.2064789345088464,-0.2723462329979072,0.204684682484954,0.0038316483083381636,0.0014729452432016158,-0.003707777895757467,0.001454958701559775,434305.3211
3,10,11.815318053494003,0.6015784032500926,0.14805911988455597,0.20539304887120294,0.05125304593721589,0.2030119888790299,0.0007325913282073277,0.0014439760430807712,0.006199835782246123,0.0015968993163526365,429812.6041
3,11,11.814921672961255,0.627677158448796,-0.2854901439065669,0.21667369586852916,0.028674986566695926,0.21996704545524423,-0.004299116599857935,0.0015872893736988193,0.003774665308027998,0.0016958389134968433,426632.35500000004
3,12,11.823926455708103,0.6539113553313196,-0.23887258548872706,0.21577689236380457,0.18408161293180125,0.2126088632197273,-0.0035134352572619727,0.0015017824557944169,1.6939481085341308e-05,0.001503383160940063,428451.0434
3,13,11.819637802628558,0.6804733822314668,-0.18896286547121088,0.22636960190582295,0.1408705537726253,0.2163762675246333,0.000805284569337111,0.0015067071382005948,-0.005300098857267192,0.0016507109086436275,427786.42590000003
3,14,11.812678038944616,0.7069624669612,-0.2752866322256424,0.2345175214977279,0.4859478587224579,0.22889659967280135,-0.006995464367620139,0.001606520887721606,0.00027325181629183715,0.0015579502352278062,414800.92970000004
3,15,11.815212543395113,0.7340227300579276,-0.07265476686049861,0.22997781660592537,-0.5396163809368432,0.22935735686404685,-0.0020250068063496626,0.0015571990641520513,-0.0059806247650245215,0.0016337640963011964,415858.3472
3,16,11.813904497256605,0.7626268929664082,0.0749590495578325,0.21718098285809506,-0.20646889163761056,0.21781893328100255,0.0015021784259863296,0.0016359401646739713,0.0010745704909291486,0.0017047975275366097,409618.75240000006
3,17,11.82216213194914,0.7930909985578203,0.3204182053036297,0.23236208293558272,-0.08225915659793494,0.22335969675957085,0.007273842718815578,0.001511637984310895,-0.0077587618338242756,0.0016659392385191842,408510.0793
3,18,11.81539598655605,0.8272045794710626,0.2394591797638647,0.23329413551001388,0.41190988781656973,0.22801829739716015,0.006452247200787167,0.0015555928885564903,-0.0021830356329417266,0.0014923306245695313,394402.39350000006
3,19,11.813626027208086,0.8705432505270188,-0.40575670166928746,0.20568223329334887,-0.6050520941596418,0.20486715216133763,-0.0011798438300934851,0.0013916907158732941,0.009308071160321665,0.001388512804287895,393354.2947
4,0,12.972732615414136,0.23503021162478285,-0.0770563526426138,0.13750891995094,0.1399673826111338,0.13758555350366344,-0.004838301644443804,0.0010498136445260913,-0.0036698612818648942,0.001085016736397348,496531.7289
4,1,12.978307457672699,0.3134491756305478,-0.017446469970902177,0.15247844478056097,0.04223434847182923,0.14968391525482622,-0.0015145431362426562,0.0011552439020156558,0.0014783058433446232,0.0011386966492379284,478880.1727
4,2,12.97290591576067,0.3586495703591985,-0.024791548657692727,0.17094225927427573,0.25731360466267983,0.1685838610929951,0.00340633581494876,0.0012526604863333658,0.0007904255576431497,0.0011936366234019714,466815.5837
4,3,12.966396288934865,0.3948312009836324,-0.29394326147138294,0.17391394296182858,0.10360506610099109,0.1771499804489359,0.0023255533397175993,0.0012606839654430574,0.0051313779581456335,0.0012758778916658754,457209.1675000001
4,4,12.96807837280717,0.4268083800019655,-0.020704421946223156,0.1834603664725169,0.07947117764945456,0.17770435003241225,0.0013605352434071204,0.0012844237537997744,-0.003462530086445229,0.0013095266312758804,454605.6073
4,5,12.977619262362927,0.4560345073539577,0.15901743961859474,0.18718380920746924,0.41265242839270777,0.17665541042229052,0.00466827727240064,0.0013311065905000402,-0.0035915404008440835,0.0012808069312500914,462660.79169999994
4,6,12.984578358629712,0.48363644078721346,0.08008663131598069,0.18180436634540195,-0.18797407881155845,0.18787232997958597,-0.0004214172475161805,0.0014111491865039527,-0.0006863686687588266,0.001382469811862767,447199.9246
4,7,12.974112067594115,0.5102010262900615,-0.08379345506401265,0.19233930003243987,0.20767228934240395,0.19069725033025087,0.0003469746778727021,0.0013389947457373105,-0.0029973428723082452,0.0013138742397357582,462851.3801
4,8,12.964999829582535,0.5367807600929826,-0.19937088343187775,0.20059747795492752,0.23102062862083653,0.2084469987951737,0.007232507892434039,0.0014658356865464967,0.003416753884499607,0.0014594498341835203,437983.27719999995
4,9,12.96807164360505,0.5630457415190588,-0.12258206391781935,0.1938985119732947,-0.2930765691333775,0.20116970001064727,-0.00041309693138386825,0.0014241695155117397,0.0008079481715066467,0.0014133729169308767,439108.8106
4,10,12.966633767466568,0.5892485036572721,-0.12357079678537743,0.2173112732247319,0.19003247433748635,0.2142045705543254,0.0004481020553339049,0.00152427130501903,0.0014266184321609,0.001433891839235408,437921.0525
4,11,12.968923325786033,0.6156388886887392,-0.09325405821420729,0.22376596474223398,0.8147999594073322,0.21890184120034828,-0.0013926947384165186,0.0014610833676554228,-0.005647551662477439,0.0014953431599215592,435628.2076
4,12,12.97273464723719,0.6423117068129779,0.06565469025730554,0.22271955518376418,-0.17384118454394007,0.22724424066725774,0.014782828577179082,0.0017655937593975973,0.014465432405034359,0.0016716002439516565,419080.4095
4,13,12.962228492487778,0.6698702601860741,0.1384775981720358,0.23289967049394245,-0.5505731305947895,0.2383404952431459,0.0004601546033877389,0.0015206220970202953,-3.624976726414272e-07,0.00151844029389203,435844.1136
4,14,12.968466883761543,0.697571904359728,0.35700554760880665,0.2356072682018383,-0.5058862400660712,0.23136760585058452,-0.0008998239227914215,0.0015794415593153627,0.004388928994981293,0.0016895959725112162,425298.9895000001
4,15,12.963572369654452,0.7264262037425325,-0.33923092822456424,0.22637275369111565,0.46276967988285306,0.23774831945662217,0.007920244175402645,0.0017354226226868068,0.007343048546388135,0.0017279584255723182,425156.12770000007
4,16,12.96165235081029,0.7565606493867205,0.12209334495843613,0.23467738647615857,0.08475367167012043,0.22848716417797743,-0.0027774602374349647,0.0015640083006120298,0.0007564759182491041,0.001580237651659491,414931.4236
4,17,12.96321558968535,0.7886553762121773,-0.17522117233964454,0.23105192120410273,-0.49952037495801144,0.2394576782240181,-0.001111816340603489,0.0017957979532118998,-0.007213089877428133,0.0017238998883690937,397762.0319
4,18,12.958169972270289,0.8248775789924887,-0.317593518831246,0.2198166186749467,-0.31821300543681075,0.22643195654699141,-0.0019244790792053439,0.0015271006711313076,0.0016990268387467756,0.0015356019708904405,408966.6631
4,19,12.960595710665727,0.8697107063223308,0.11084348248536838,0.212700207510335,0.0592844796484426,0.21589413117988743,-0.0038827902078191127,0.0015329953278299935,0.0007664202149901476,0.001399678147900724,391588.94480000006
5,0,14.134976914857814,0.23047901567219795,0.17070604697654865,0.13589793351496723,0.1417510903167034,0.14541278112921613,0.005027269151759376,0.0010338921125171343,0.0004243251264909378,0.0010801488597073625,495830.2361
5,1,14.132377192617287,0.3085166609052891,0.12803536107932845,0.1484687229870954,-0.2313837979644429,0.15235178915457737,-0.004739733743927779,0.0011140451661977246,0.001241882164061045,0.001166932885898206,477197.5854
5,2,14.131561760791062,0.35299052163796385,-0.36781481394793186,0.15292005207087278,0.10931874192754439,0.1578471100472003,0.004723208593672063,0.0012605393610601832,-0.0032452845810923437,0.0011615519046639191,481393.0317
5,3,14.132419576255531,0.38829818170946007,0.3652445973048334,0.16860284788655708,-0.1446945620751267,0.16535805688433933,0.0003453525645177444,0.0012313634699725176,-0.0013437057601164413,0.0012239830580211691,453575.1971
5,4,14.134080313319362,0.4192047756708089,0.09302415132530699,0.1799574476455934,-0.14559739709210498,0.17398149288255735,-0.0037169522112413212,0.001266452131973527,-0.0009743978337643733,0.001372858380934754,457827.2333
5,5,14.139342248942322,0.44790680758586676,-0.35896500871108833,0.169437905047478,0.26150880927137665,0.1743339033217736,-0.0012011916890056534,0.0013431536951916828,-0.0026146697333196906,0.0013033834794279576,450259.4051999999
5,6,14.12781250195943,0.4747347857123967,0.20861799689355467,0.18409729274583203,-0.034823053313893376,0.17818755293680866,-0.00030350159304992836,0.0013279791380805294,-0.00869737383742564,0.0013649901828423111,447148.4307
5,7,14.133564934896285,0.5007491586219538,-0.2538148469893368,0.18556856312690037,-0.38486999633322994,0.1887431996456643,-0.001121571297205029,0.0013319961125796004,-0.0042394417016807665,0.0013599239652475608,443733.3814
5,8,14.132315178415508,0.5265057588954408,-0.18209886511199022,0.18540540195555863,-0.052874905577536796,0.18708307070774582,0.005409353966691145,0.0013868069109667664,0.00672062066829081,0.001484035686321769,437918.07499999995
5,9,14.128725405108149,0.5520264506439906,-0.2640717035445981,0.20326899663802486,0.04480895696191422,0.1961036236946013,-0.002333511416449987,0.001445802543315101,0.0018164629040202942,0.0014496932611474838,436024.371
5,10,14.127403028263824,0.577978250513506,0.2108536793192164,0.19921173994633642,0.3263841340617284,0.20681762269295473,4.36972992539151e-05,0.0014353659932182538,0.0025573563150506763,0.0014827684690451985,430883.63320000004
5,11,14.125615468131132,0.6046626365901384,-0.06111355753670054,0.20191637613585015,-0.2161926868509496,0.20736440738831027,0.0025221635750658027,0.0014888183995314971,-0.001270131756042499,0.0014439500926506914,428227.1196
5,12,14.127865854473583,0.6318100663594846,-0.42982103332952465,0.21980649112599637,-0.052413472990750457,0.21921456571185668,0.0014026329716315968,0.0016530961914247473,-0.0028095752096926564,0.00152680144973167,427425.5395
5,13,14.127965219024981,0.6596215368946803,0.36021578884595695,0.23243846799473694,0.295322673713871,0.22219847690769923,-0.006049157659347798,0.0016562325318387504,-0.0010785992126460153,0.0016801884701405764,424657.8249
5,14,14.123841649470547,0.6881869251901553,-0.039057753704615124,0.2340263395717817,-0.25001806299111656,0.2365402798490453,0.0013702612879290513,0.0016503602331908267,0.0011724736588502812,0.001772189323385261,422228.89580000006
5,15,14.120684580752004,0.7181802883165181,0.18842512753498172,0.23551164049160653,-0.07699577177994826,0.2352301498928164,0.00020750379410302059,0.0017750097055441337,-0.003291372956147799,0.0015659415665723454,414854.91400000005
5,16,14.122213823928922,0.7496817572954773,-0.24320580833424402,0.24612911181525143,0.46062247468338746,0.2418560683823533,-0.005380444111516046,0.0017013974354796028,0.00605114986495399,0.0018068703624411304,419918.8503
5,17,14.116379224278951,0.7837151319460521,0.27390576322595334,0.23545674362845806,-0.3345314677291592,0.2449256431069912,0.00392994033459111,0.0017353918973873445,0.0015026059511113778,0.0017173872747873226,401512.59729999996
5,18,14.118543337322906,0.8217646916896785,-0.06715449418195027,0.22925347453232373,0.606190559738505,0.22751363586125656,-0.002290970770826488,0.0016729709884981399,0.004822547641320665,0.0015969198128175954,403851.74429999996
5,19,14.123856285868179,0.8689735658907295,0.12105659455872345,0.22172811700101028,0.11410283484913109,0.22534922678104594,0.003321426213475395,0.0015408311456054627,0.008432895859496444,0.0015349312693977012,387305.45349999995
6,0,15.335364311643994,0.22325661525450688,-0.03344530603055484,0.13823686058109208,-0.0870338358339338,0.13084756043569148,-0.0023035557844961877,0.0010041659044855628,0.0006679838217289195,0.0010089392747460568,484361.20670000004
6,1,15.316402158475464,0.300090768065269,0.0828570156741022,0.14542114840565215,-0.00685450052980624,0.14821278047785497,0.0026075618512989528,0.0011209623913375928,0.0018144058694934263,0.0011290222802094344,477813.8354
6,2,15.320461452745864,0.3442004776021676,-0.04313824176681604,0.15970973121075682,-0.28141161868902737,0.15401518323765326,-0.001957464706094053,0.0011843188341123783,-0.0065133085866746245,0.0013166959222579463,463636.07090000005
6,3,15.331328457762265,0.379786368620971,0.0510902305319088,0.16591528961884955,-0.018193815955741263,0.16995055263883477,-0.0015147461606308931,0.0012010958878965821,0.0014812294571247067,0.0012034207081881737,464842.231
6,4,15.32067683557629,0.41065033810649776,-0.25817523014571,0.16466954870150932,0.21771045259040697,0.17334706674580508,-0.0005481418237509035,0.0012177339820509875,0.0022702406824731025,0.0012913905034694262,458782.52839999995
6,5,15.322727741843618,0.4387462539902449,0.14874424975418554,0.1663044161977488,0.11870310638554313,0.17442252896504878,-0.003714534764508117,0.0012927182289924689,-0.001260242123922134,0.001395365411586484,459675.26800000004
6,6,15.320633838068385,0.46535118423230815,0.02869394425710593,0.17581488125931174,-0.08867490279380251,0.17518288943915022,-0.002974406162660174,0.001343919458711046,-0.0029386088440006407,0.0013265762320977756,448297.5892
6,7,15.320979836323533,0.4907929193357703,-0.164626324066034,0.18301928094382974,0.09042780768915433,0.19025874531641818,0.002199147141783002,0.0012965187965349575,0.00013966702136413028,0.0014285184430739175,452861.5263000001
6,8,15.319934928260013,0.5159999047602595,0.2218935740905068,0.18482835371687867,-0.006749489285273454,0.18739191729882462,-0.0021728231131157203,0.0013228295239200438,-0.003171256470136362,0.0013515846784689324,452052.3503
6,9,15.323101961149904,0.5415311319324512,-0.6156320394049002,0.1971207504398787,0.40469500625999055,0.1923971734259513,0.005213364142217832,0.001402703689871337,0.0011280915063010771,0.00134838971449114,451859.2978
6,10,15.316834045828797,0.5669724983867999,-0.32863162837310433,0.2117075799917418,-0.033437445630904755,0.21094377711430265,0.0002240864880164788,0.0015611764287073954,0.004456116700567557,0.001529886035717435,428831.1783999999
6,11,15.317471574006841,0.5929089411421941,-0.3283084315609516,0.197099528919004,-0.3028464688061173,0.193258480104775,-0.003149914066599599,0.0015443810656600885,-0.004318825853446255,0.0015189362256528157,438029.7438
6,12,15.322928872698776,0.6203631179622732,-0.2583030892957253,0.20936090766951385,-0.3871531862886268,0.2081617504688794,0.0007641821953884403,0.0016127696413846249,-0.0007547383100573396,0.0015345735158555556,438683.4445
6,13,15.323031085540716,0.6488219844836182,0.1396118944798248,0.22366680990836577,0.21557139390427887,0.22196627928088097,0.008697529140737955,0.001606397528526458,0.002835219276995995,0.0019048947924522675,435304.8874
6,14,15.313111411724906,0.6785822221967377,-0.2503223992652653,0.2338442786704666,0.0431378953390561,0.22796971544539477,0.00046447348204962187,0.001585660807737312,0.002639831574743698,0.0015967386843117185,428803.78650000005
6,15,15.313092848208187,0.7099803237918595,0.11885698085777853,0.23176849143344175,-0.15865161994872187,0.23777757573225858,-0.003709714144705299,0.0016184825855066131,0.00011575174916529787,0.0016056323959522736,427818.83329999994
6,16,15.317723262913404,0.7433482549175303,0.33532647115462094,0.2431659624771425,-0.009614096996872351,0.2400638481677459,7.149951231517397e-05,0.0017533811032498681,-0.004515669703447672,0.0016499573988032323,416098.9104
6,17,15.306059269757187,0.7786170126460998,0.312880962639019,0.24622319999206013,0.0894425083614331,0.2490940051645271,0.009935095226183301,0.0019824049377285538,-0.004328287941552005,0.001814323110113524,414451.7367
6,18,15.314716085730764,0.8187788814275133,0.18165884334414076,0.22648720403351985,0.245364886133183,0.2315027338726635,0.00981037754892123,0.0017383450338268804,0.010820261905660536,0.0018860818480778158,402590.283
6,19,15.315507231405658,0.8680240530836422,0.1951694551616722,0.22729963019850918,0.19155053674405523,0.23096980211123141,0.0006995366309302898,0.0016374713044203792,-0.0007423112268002372,0.0017926646062153915,396498.708
7,0,16.58720620653478,0.2149431533340512,0.00950361218139423,0.12187610246831433,-0.236592524148721,0.12411920668402579,0.003520651006336745,0.000987957365639784,0.0017571042928411094,0.0010035877431732833,496917.1477
7,1,16.57912226204848,0.292290924913112,0.08143531289822838,0.1466215518435426,0.2996388140741366,0.15030301608318433,0.0018385780676960083,0.0010892731672959418,-0.007464853699105581,0.0012223408971688391,473153.6255
7,2,16.582466982591633,0.3362013911914554,0.22968282362543452,0.1525664341511649,-0.14326445423007722,0.15246282130953948,-0.005919961243314062,0.0011953935466114604,0.0022620760289697316,0.0011510149100493231,467587.06279999996
7,3,16.57875144281135,0.3716063396840798,-0.08625820459823376,0.1696342836768327,-0.0305438983362462,0.16355916515037786,-0.002731624961576207,0.0012225921021037246,0.00012112525960833043,0.0011959441192874493,473320.7156
7,4,16.570128806638166,0.40209019510062455,-0.2369984391415443,0.15870215174555288,-0.05957168432110848,0.1696494284989344,0.0023798057386863825,0.0012403211828046405,0.0016806959865262668,0.0012437688868518343,458661.8814
7,5,16.57012622913533,0.43009623522957846,-0.1542693206527648,0.16812507106689806,-0.5299815746849026,0.17269283814379827,-0.0015527589910539717,0.001235736868856722,0.0015105542517896526,0.0012559100489929382,448590.6669
7,6,16.573306782067856,0.4567212270773269,0.29576048413548317,0.1748571491512163,0.06572313838257086,0.18007943018255906,-0.0054594537676367514,0.0013639822470913714,0.005059915397127006,0.0013729347313559544,454612.33009999996
7,7,16.57678077619207,0.48196415097381634,0.20876683040775457,0.18114153422061616,-0.04274291962279741,0.1759795494393711,-0.0009706607887461301,0.0013281330691767264,-0.006680863035250194,0.0013918688514601059,442916.22299999994
7,8,16.573757807112955,0.5068252508694094,-0.17868381786451754,0.18904699194208285,-0.2689034569350042,0.1904242290801696,-0.004495945541671895,0.0013792694865822793,-0.004917211018705887,0.0014142641014210436,452229.33480000007
7,9,16.569198240166067,0.5320081076856784,0.21701851165212807,0.19331881730441394,-0.4490051298047001,0.18516570020848808,-0.005234436029527177,0.0014088507692043956,0.0020806319445303674,0.0013567472392725603,454400.76139999996
7,10,16.57246845824165,0.5573942750736314,-0.06118772971704001,0.2007666153592716,-0.19258957503944732,0.19289259118967364,-0.002403989084070887,0.0015998308056876932,0.0029938961682338234,0.0014469376504910613,446600.4984
7,11,16.560305729679243,0.5835120164427083,-0.1542357452632737,0.2009926588229213,-0.2734738621694093,0.19506699490278995,0.002183059497805064,0.0014943988641468225,0.004088628111684885,0.0016151880819203841,432420.105
7,12,16.56562239604334,0.6106385893299527,-0.13821643265182576,0.20092420993050664,-0.17132269046907966,0.2105581007789501,-0.00017978742200496826,0.0014716127697171387,-0.0048981258759919375,0.0015484864572186988,432380.4688
7,13,16.56475359282161,0.6392510068627005,0.04984487823164882,0.22220112099612482,0.11171573652991285,0.22311116357835714,-0.008533631721422819,0.0016611001361440854,0.0021159202526517987,0.0015379463929142225,421289.59949999995
7,14,16.56988622079409,0.6692435159718868,0.5173914527305946,0.24114402162898965,-0.04257799172492054,0.2357360794706407,0.005400994516442065,0.0015553947066760114,-0.0069159642453797375,0.0016266327968060177,423404.4667
7,15,16.566394956168264,0.7013524717421422,0.2014557556484301,0.23360958566765175,0.10406607913810505,0.2396495948774401,-0.0010882728623609532,0.0016184568191850244,0.0053520460220355314,0.0016392466416420917,414803.71080000006
7,16,16.55880110266548,0.7355940545536526,0.28398822000854373,0.2414683230501104,0.3942824251203652,0.24506832338284376,-0.0013341420951249136,0.0016667391044879155,3.463387181221352e-05,0.001622568080326492,417679.5681999999
7,17,16.558475373890598,0.7733436797580024,-0.4541088107161021,0.22882803728463033,0.42160657014290065,0.2363678219801789,-0.009687931378651921,0.0017323493433769187,-0.004020011099128306,0.0017071845185820413,407736.61960000003
7,18,16.5602553574581,0.8155727382481447,0.1495780926360564,0.24033238558385547,-0.3244801345844568,0.23512802814264894,0.007858639159695861,0.0017803631660931894,-0.007982006225602021,0.0017867620350445722,396270.90100000007
7,19,16.564881480814822,0.8669800605518803,0.04640916051358314,0.22704012578456514,0.1513559230952142,0.2254319354062349,-0.004256121275805588,0.0017931847543986616,0.00019777378287691156,0.0016131750909294303,389520.13070000004
8,0,17.918432680398407,0.205657915750598,-0.2253133860288894,0.1175354723143764,0.027890826763112598,0.12052345069651457,-0.0012230080361492256,0.0009274736332271956,0.001262812451098309,0.000975567532725467,497845.7471
8,1,17.895064924021522,0.28316660030066193,-0.38275566936099614,0.13930678035884492,0.08558414620667402,0.13799058040734688,0.0009439600582482678,0.0010739501784100725,0.0024021708409459976,0.0010955360834542277,470812.3400999999
8,2,17.90101846860809,0.3274905625692705,0.1181267581303006,0.14098850446740743,0.27836330226408224,0.1446054885808951,0.0035107921458020198,0.0012288949933573865,-0.0026630964967941733,0.001155929636579537,475569.38539999997
8,3,17.89084407878634,0.36328798359296305,0.12716462960789124,0.15605255576672486,0.05496905842982988,0.14993405095175028,-0.001129225788869661,0.0011583011577517776,0.0036713835159459945,0.0012307254367270727,481157.8748
8,4,17.901251778870307,0.3937211674024062,-0.1665547601568378,0.16046154949097752,0.3928112932850531,0.16452022828355284,0.003453791580311594,0.0012105801707174193,-0.0036781424682674757,0.001211519653717232,469453.42020000005
8,5,17.892643942760923,0.4223508663155679,0.017884862263055697,0.1730304714862021,0.03739177165091506,0.1632864503339172,0.0040876631236496765,0.0012308320830065412,-0.0007293306756083002,0.0011984979511254442,484387.0147
8,6,17.90198490242003,0.44864832402972743,-0.43544550636550683,0.17639069636232982,-0.2059460928568288,0.16420505533616586,-0.0008906135424255787,0.0012794591181054962,-0.003514736692799831,0.0012525334093320274,453274.7111
8,7,17.895789756465128,0.47385285957296913,0.23750933870227955,0.17946691332061165,0.05822673909093025,0.18630507459517187,-0.0021102486298276288,0.0012785260812333242,-0.00023201755145416515,0.001379289602580316,455443.522
8,8,17.899581559016113,0.4989541518698833,0.10341311552838502,0.1811674943149456,0.2181928452778426,0.19278614210514805,0.0032586240045793216,0.0013679642554363753,-0.0015872464648614142,0.0013478303275692453,451477.9629
8,9,17.892660166066655,0.5238249114780767,0.06966361794663273,0.19179821579001155,-0.5524544122555688,0.1868077532553086,0.0012265375979126794,0.0015117768778415736,0.0018048120900061243,0.001392142092095622,453622.793
8,10,17.89494617304182,0.5493226017705553,0.14582468470285373,0.19192048898859787,0.0703577425571376,0.18311321155850396,-0.001097017741351919,0.0014252796365377335,0.005030500459466234,0.0013595407265653303,451814.4499
8,11,17.89003834246881,0.5755696316368604,-0.03421825382384196,0.19655815250297182,0.1178625380890571,0.2012406411106647,-0.0036036362126402677,0.001475307029675481,-0.00036475956786964723,0.0014507470161067347,437007.7494
8,12,17.892564381835086,0.6029077396350956,0.07938722936764561,0.19825533173102344,-0.26250333051161356,0.19271426797292487,0.006036020694364273,0.0015659069365162664,-0.002512840468307274,0.0014320369647665575,435352.91769999993
8,13,17.881809655578582,0.6311659982012312,-0.4416431131152083,0.21749217145776162,0.2379403677918967,0.21279419577895303,-0.0007998901698649573,0.0015015536715486135,-0.0029728972194081426,0.0016463746363241903,420522.3132
8,14,17.879732657235383,0.6612592262430743,-0.05066249959412925,0.21238936844037268,0.43197456164539266,0.22240206556693634,0.006732109607555077,0.001655761524039716,0.0012455445178647015,0.0015196859345383911,421903.7615000001
8,15,17.87863234120282,0.6934938451079437,-0.2501307830800115,0.22838998100623967,0.4646949215418441,0.21824549052141112,0.013822679429822606,0.0018622793302649843,0.0001666223341272455,0.0017282346844996977,420996.4569999999
8,16,17.8828020074793,0.7288392564171593,-0.0723355363485439,0.23277757028545687,-0.17475758928826743,0.22906573290925766,0.00046792330707119445,0.0016807159094809954,0.0002598324771344864,0.0015989368377169098,420724.4976
8,17,17.886478918830488,0.7677129242491006,0.0009791417960426554,0.2528797478873027,-0.22798706116314896,0.22977221381644122,-0.000717739432506374,0.0018890117797391594,0.0087744321458777,0.001960921672287609,405764.3906
8,18,17.886411447287852,0.8118372977344983,0.09796259775094182,0.2397837855336318,-0.21888312997659445,0.24076911512565297,-0.000345413159253007,0.0017184053609380105,0.0034436017030684686,0.001781852658321293,399513.1893
8,19,17.890512536437452,0.8657307467047578,-0.06780567691722678,0.23443125422619898,-0.03121284398940752,0.23248044344801214,0.006769681247247397,0.001673493760088135,-0.0006220124539694868,0.001689646705881502,384544.0316
9,0,19.324298141867835,0.1959914615173571,0.006595596958971411,0.12558982150604112,-0.07409339413838673,0.12313246433147697,0.0032450617641180735,0.0009333175408683321,0.0017188052377981721,0.0009324127715074051,499355.921
9,1,19.32085473603882,0.2729583510987,-0.08936820939348872,0.12645782593860208,-0.11221413274374561,0.12877571927164191,-0.0004695595770680579,0.0010138880357431024,0.0023795297174947112,0.0010740439733176279,495951.139
9,2,19.314070195510556,0.3179788522559677,-0.2848921158295925,0.14824555153229818,-0.11500059539739756,0.1508359843493699,0.0015188179072635603,0.001092542199375141,-0.002298270510164583,0.0011755278726976201,473643.9515
9,3,19.321223541455915,0.35366460821077456,-0.15133240396634376,0.1508225826369196,0.10995803333281881,0.1545769500913347,0.0026011428878114935,0.0011171486258735458,0.0020315101885701957,0.0011417757298223946,472464.38459999993
9,4,19.320049827493197,0.3850882272093559,-0.31145181071542044,0.15155908683110145,-0.011456586604627353,0.150262186372077,0.0046469899013612944,0.0011989688637404799,0.0020043496209425768,0.0012085056000417445,486096.0977
9,5,19.31554138623061,0.41353727305315324,0.05341662575446717,0.16602712872595576,0.24629050913832973,0.16820938523838566,0.0004640007268619127,0.001236921233922536,0.0012055354630078254,0.0012006001438559124,476158.3541
9,6,19.3101798980345,0.4395342329182411,0.17831089592902227,0.174113274250778,0.14532486785670423,0.1682103969044152,0.002016108838728979,0.0012297540151272547,0.00011036727151067996,0.0012663055227748812,473361.2362
9,7,19.308345759568336,0.4653053992758317,-0.050024613096533846,0.17180006579550505,-0.2067652451928523,0.16893888612581592,-0.0015675569499616767,0.0013442321236525096,0.005064574466161012,0.0012868116279707745,462506.8922
9,8,19.313729987658842,0.490626738372601,-0.09079738648223164,0.17613402972282918,-0.03205629756658761,0.17941227314852126,-0.0019374419555447926,0.0013053303449687055,-0.00020809738662343124,0.0012598930652428866,468919.437
9,9,19.315313945897078,0.5155875029368563,-0.013258610686818896,0.1814040033209128,-0.2642887078066621,0.18803325480981092,-0.0012274314682731856,0.001436005410781428,0.0005943701675503581,0.0013175959271189434,459445.00419999997
9,10,19.304506057713787,0.5410544455447491,-0.3881036450665939,0.1904074017791262,-0.3662916678159668,0.1911611679087704,-0.0016582715603369231,0.0013871853825047288,-0.0008726467711335008,0.0013207470942468082,452888.6385
9,11,19.31602413751185,0.567032927945574,0.5803156243526799,0.20487057861934124,0.09687781395077065,0.1896087890949166,0.004835733926175607,0.0015471254472852443,-0.001028470229390328,0.0014320312189428314,457618.4268
9,12,19.316583280947945,0.5939435011965398,0.12969382068944843,0.20830075733383374,-0.3060067943516816,0.20176739101998467,-0.0019750843803406524,0.0014248731498323656,-0.002434671499725049,0.0014133424411946812,439954.59770000004
9,13,19.305716232631223,0.6223347766524987,0.1881911322377675,0.21509102903874985,-0.11111494542308624,0.19848668969312028,0.0007477198088500309,0.0015127287299547508,-0.0030991207211168424,0.0014680160752500969,431599.52580000006
9,14,19.312603278210258,0.6524571230038794,-0.10510352731001463,0.21450720423167657,0.18197007891966174,0.21420946971472543,0.001603563350439055,0.0015409617077087282,-0.0023371608279747574,0.001612005569205161,432146.4846
9,15,19.31087062399387,0.6856621606451261,-0.09124726268798265,0.214861155806872,0.10054896511047223,0.22736144389476037,-0.0008699542771225515,0.0016547199657338573,-0.006850574319161983,0.0016826562834877346,424347.6433
9,16,19.315099154386193,0.7214862199186343,-0.13840239395991455,0.2286695909592119,0.5062265657867521,0.2230571696827308,-0.0020620955212029566,0.0016115267959158379,0.0033590164591638305,0.001591496864256298,425481.1423
9,17,19.306672592416167,0.7613729687192482,0.08650370636697016,0.23076449865105766,-0.7585698148905112,0.23812168732408376,0.0024459869072954604,0.0016046884084396458,0.009510865299313333,0.0018049029803953425,417587.90739999997
9,18,19.315299499555934,0.807083018588865,-0.5144142068326136,0.23754312114885062,0.33225054467924503,0.23314326663816912,-0.005428420340280292,0.0018101673303462132,0.004775539350388716,0.001736099395891024,390407.7074
9,19,19.306301130846535,0.8636670731179235,-0.1307557900791568,0.2425723604386699,0.1415435964505852,0.24022429020652628,0.005352201687100832,0.0017477360233087815,-0.0013514544601137214,0.0016265473400766887,393890.6524
10,0,20.883122322859744,0.1875412159526403,-0.13893941042016336,0.11476793037756028,0.024901210417724255,0.11478840532114896,0.0006066347996835467,0.0009139334974583463,0.0013352691680259222,0.0009131622678961971,520958.2308
10,1,20.867745794156054,0.26208060329545935,0.15818840403204204,0.13329562198158415,-0.00955474894302669,0.1274586905504083,0.002075455986446838,0.001018232219187583,0.0025943976385646972,0.0010220143424873806,488510.5404
10,2,20.87184887598129,0.3072146715881656,0.1433218767414665,0.1386618703433606,0.1561880315831068,0.13787948823859353,-0.0021582134357697215,0.0010605898727959705,0.0003492010471133569,0.0010442015867007449,487117.35190000007
10,3,20.864623642794932,0.3429501164448477,0.17831862220971062,0.14630625737327574,-0.016317992220691267,0.15530841359026723,0.00031794476071580764,0.0010889372229872676,0.0031124908774404878,0.0011136823849957117,480797.33180000004
10,4,20.871581522581394,0.37396049861292846,-0.14166871368604458,0.1514631876525674,-0.26058352629340364,0.1471353087907665,-0.0042933720043094375,0.001187675228879388,0.0005770680917099972,0.0012187592361431754,476374.86739999993
10,5,20.85329518147015,0.40278054848510325,0.03746347161795723,0.16710887887164633,-0.0752009690919343,0.1599828319532796,-0.0008446402434253928,0.0011501250036167463,0.00011060721212947446,0.001161175367260443,491402.7897
10,6,20.870880125321754,0.43053465737392,-0.09904546553459564,0.16459149049011668,0.5769091462548571,0.1763070358316475,0.0002914337199307748,0.0012804347370020033,0.005000102679419364,0.0012339193310318111,472025.7248999999
10,7,20.86627920171976,0.4568039376510132,0.11514897734985895,0.16494718835942668,-0.0811214382334399,0.16551992670495044,0.0019286339686915292,0.0012596365953766867,-0.00031959158603902724,0.0013434664743309688,482077.04850000003
10,8,20.869764149173857,0.48232740364195703,-0.09409097477983265,0.17186779075383166,0.2841825046638706,0.18567733088415786,0.002203188922738142,0.0013227182429895175,0.0020855749417674234,0.0013511704379564591,461341.4919
10,9,20.856556634697824,0.5073828298086206,0.06519120324574786,0.1703400283242541,0.23363697916378742,0.18242396687124085,-0.0003141864780631302,0.0013081402931720452,0.0021119066695549234,0.0013714207859247412,454125.686
10,10,20.86051741425691,0.5326014313990871,0.09483164744184175,0.18278593353703865,-0.007772903244214676,0.1956361246062134,0.009248508451952993,0.0013850829261374585,0.0008795278828469306,0.0014490386629654802,454936.1732
10,11,20.85844271381467,0.5581047503900982,0.04434625272836586,0.1883320271245032,0.23286538402721008,0.20018584710378948,0.004195125835597059,0.001342301931556076,0.003147816918707952,0.0013661272998424427,452722.3997999999
10,12,20.85018879035058,0.5847364560684037,-0.16036880955332342,0.1911253297042427,-0.06952836015093829,0.20291100129932788,0.01033659772772433,0.001594166048356211,0.0026950741068470564,0.0014438051956928493,448045.9925
10,13,20.85387928675874,0.6128234238466634,0.13922146186259332,0.19401650924677435,-0.24184704889545297,0.20715040634788526,0.0013901043812917344,0.001514118868003407,-0.0027527094579065455,0.0014897570699729734,449003.3275
10,14,20.849377982388834,0.6429082435622622,-0.15129853905522495,0.19926311646731854,-0.16757586788585743,0.19692601205061844,0.0026210003936199956,0.0014632601018377373,0.0008184589669444968,0.0015122222524272069,434824.4007
10,15,20.857629049809134,0.6759197519062095,0.1565684857774487,0.20579648618690055,0.1642290497306693,0.2011725158418689,0.0040958142739458605,0.0014662268336195355,-0.0018741695112462935,0.0015383446400566217,434917.87299999996
10,16,20.853527115616444,0.7125392889449901,0.25474356378585233,0.21690054026241407,-0.06326472314701037,0.23895688952693286,0.0038507802517579745,0.0017487229415013399,0.0015930723501729484,0.0015556340154344779,416018.63719999994
10,17,20.835907836634913,0.7537246300873567,-0.4036789373268608,0.2369902362739921,0.7684444105743821,0.23579054292765653,0.004253913708408167,0.0016574284250021494,-0.00865887020820615,0.0017517503366645678,415816.0367
10,18,20.841778123789755,0.8017267541228612,0.03605313724585683,0.22047436778665083,0.22595724585659566,0.23591331472077082,-0.0015226889701723779,0.0017297017980905528,0.0012526262161414948,0.0018391863789729275,411052.24350000004
10,19,20.846749018900187,0.8615503825350896,-0.3062593685059662,0.2327333807575788,0.0742430518828807,0.23261625840079195,-0.00041946260132825905,0.0019339438114750521,-0.003796406090915593,0.0018827434427986496,391775.1989
11,0,22.576125706733684,0.18188547635548738,0.05543785619126302,0.11190631344006077,0.07173490337091627,0.11776846553662575,-0.0018719823532112733,0.0008889092509298668,-0.0008000849953894071,0.0009407563445676049,523238.9647999999
11,1,22.575742105112845,0.25317551996189,-0.05811766332409974,0.12665259525423528,0.013741604104214905,0.1251236185806159,0.0037835774629011547,0.0010022230582743743,-0.00012976504356709346,0.0009965355638733438,498768.4906
11,2,22.564937117984172,0.2975975206992445,-0.12584940664108382,0.1434161216529308,-0.03842677606733425,0.14582605265188242,0.0005256283205134578,0.001056201227026659,-0.002942613441238625,0.001075717541734957,488758.59170000005
11,3,22.57529097060749,0.3334797279772855,-0.18681701916461396,0.14429023678181124,0.05675651809467642,0.148487070663731,-0.003020790431178258,0.0010702612930462215,-0.0028164880752207634,0.0011617080685169157,487464.51479999995
11,4,22.543991627120835,0.36547917601466345,-0.12868508057700495,0.15337001159007108,-0.09103362006788854,0.16118685809281547,0.000551635896080651,0.0011591078002530452,-0.0014524529096847664,0.001127924985357425,485696.2247
11,5,22.562286010757273,0.39471336106509225,0.12715972745606777,0.15844177797523426,0.17435261282789474,0.15264904369157056,0.003124277446258918,0.0011504170789791034,0.007594019347869213,0.0012153046334226183,472619.8521
11,6,22.575428440123822,0.4221711270250423,0.35559473087060306,0.1629361235641339,0.28757757947563106,0.16381059882588805,0.00028796119201171744,0.0011883240875328203,-0.002174732055152658,0.0012159156445902442,478190.2957
11,7,22.562144129125816,0.44913984035514015,0.07868025671262258,0.16523701516668637,0.16914246881434547,0.16613218643351954,-0.0006494494882249743,0.0012078887716234902,0.004195364629518773,0.0012309264618476105,476585.33700000006
11,8,22.554314325458925,0.4747076802012901,-0.041198970733767395,0.1725214845217878,0.0833601921862593,0.16899063580053705,0.001297479699909297,0.0012722190715118286,-0.004172583983290832,0.0012696073692729094,481305.7386999999
11,9,22.555403926160885,0.5002017903486284,-0.13221194111252418,0.17823754702001307,0.046625681015511136,0.17203182345902507,-0.0005831898951078612,0.0013092006134131054,-0.0021127808825983207,0.0012700681565273814,468102.82499999995
11,10,22.558806807814804,0.5255960915018868,0.025513507581326957,0.18670064637881226,-0.29198769151404913,0.17895550670636112,-0.0019216443393373702,0.0013456400691147924,-0.0005326125973518659,0.0013893207261588705,454992.18880000006
11,11,22.560391590046766,0.5514639029680385,0.1412841952239372,0.18483881879327824,0.2446968302511123,0.1827748144218925,-0.00042542789009377465,0.0014209394495592225,-0.0002874022785693265,0.0013702454634136117,456110.75019999995
11,12,22.56057440090881,0.578130840908332,0.20020361004307088,0.18644069156086696,0.10422590511105193,0.191304259890429,-0.0007503103646178055,0.0013779301365146406,0.009021081240542293,0.0014680336628156616,445554.2759
11,13,22.562487462964217,0.6058851801121884,0.18937947721427748,0.19487683908907322,-0.07274879784694575,0.1943893415514094,0.002241188868957907,0.0014011982004171904,0.0012012950657555375,0.001485687898611466,446764.4383
11,14,22.56114673387552,0.636110074101073,0.17655893045101412,0.20563214120774395,-0.34132149259992856,0.21295844812163847,0.0008689069763391734,0.0014624489561371277,0.005054662565567339,0.001643807651866645,430420.5636
11,15,22.57205911127452,0.6687875552995,-0.018541402991926036,0.20472179690232312,0.33805788543950904,0.21322854735342398,0.0044987965595974,0.0015687838813639716,0.0025502184057271957,0.0014872745415844245,438493.4788
11,16,22.556815796117334,0.7050147325277426,-0.12462179588908028,0.21598383282824932,0.25133784849626056,0.20918914370638028,0.00012283670418260646,0.0014945058462412643,-0.0010942806844893049,0.0016288899725551457,428272.091
11,17,22.561420761115535,0.7466021762435736,0.6399742756285942,0.213466040264443,0.11807220298627986,0.214995473414894,0.0030918082079846305,0.0016682874578792008,0.003400085104009263,0.001561064581241527,414549.47180000006
11,18,22.568490876575726,0.7960204472001036,-0.24746172767328053,0.2343406822724892,0.011105908252099783,0.23651318769397897,-0.0031353392431422034,0.001656098348231866,-0.001057883094653946,0.0016373377255497212,401462.02109999995
11,19,22.543491875114793,0.8597482243739848,0.1559650383275034,0.23351268437453795,0.07845305204070524,0.23656958539992554,0.005864593922611293,0.001931724239764433,0.005475221347829018,0.0017017234720575316,393784.2468000001
12,0,24.469377626361027,0.1808998865421806,-0.20313796297272307,0.11423661819008944,-0.056022031870386374,0.11366542201479517,-0.00293446764164328,0.0008957928460059509,0.002914535502929647,0.0009215500276914591,524364.0517000001
12,1,24.47853498458044,0.2478245295708107,0.2162718133974981,0.13088658241657591,0.06812615377072496,0.13333110917018398,-0.0008516208525580916,0.0009661862636671185,-0.00011101554559652229,0.0009957744007663407,474009.55629999994
12,2,24.480522964750683,0.289677521220475,0.007106607748151165,0.1314727224297678,0.03187555477197719,0.13774228359305096,0.001064512626144349,0.000993094581999701,-0.0028656145170403526,0.0010486109227070802,491089.76210000005
12,3,24.47961864571807,0.32467518073438406,-0.07326991537359122,0.1442340551100478,0.04093677647977665,0.14811137656821624,0.006214660360806211,0.0011132278462751613,0.00014442849333476076,0.001095822075103041,474460.7641
12,4,24.48202668990829,0.35612139033344203,0.19967027781065474,0.1503608962356289,0.028294348923225247,0.15819471041325964,-0.0010590791780095204,0.0011005475707270601,-0.0028026180554887484,0.00119668756051502,494072.8179
12,5,24.48296028917539,0.3856729037900617,-0.006870442605152464,0.16138006407823424,-0.3504282126496236,0.16479730839585696,-0.0011159387731333953,0.0011388539027014544,0.005354831175851448,0.0011288268671643563,489560.5817999999
12,6,24.449931622709045,0.413541953081302,-0.3068508113814516,0.16041890459573166,-0.033692780011830466,0.15785669328345814,-0.00043582818946247536,0.0011924000141393418,0.001628528187381228,0.0012485624518757189,472942.93980000005
12,7,24.467127047139822,0.44050301088773375,-0.02719340575344794,0.17215754125055546,-0.08197103140626016,0.15932578020871802,0.0015538291400110954,0.001239204105026967,-0.004562692009897276,0.0011979414748588752,490347.06399999995
12,8,24.481608574869508,0.4669062427907194,0.15739152100626974,0.16359667605122583,-0.16532910763874836,0.17087987641593447,0.004444343418778871,0.0012105873646497364,0.0006087489868531193,0.0011818514483729159,498614.608
12,9,24.46901938557587,0.4928941203527838,0.05114315900300217,0.17151933325130117,-0.07792060756194796,0.1725925956330671,-0.001070575118177087,0.0012737542597741364,-0.0025607986689889744,0.0012807952311715634,475137.57450000005
12,10,24.478375582710502,0.5188421955834461,-0.37509779217255346,0.1745764834230905,-0.15536721666727576,0.17508790545169825,-0.0012388013105519675,0.001291237293229803,0.0014688794347658151,0.0013107889768078456,468561.40040000004
12,11,24.46164950120156,0.5449993053537484,0.23161712379181415,0.1792825457596911,0.0692149544204711,0.18233304204758038,0.003873707540245362,0.0013917993940450735,-0.0006157193254580095,0.00138192909960821,451634.17480000004
12,12,24.48543097552411,0.5720758474564802,-0.336831819178114,0.18073889645656144,-0.05898572065475467,0.17946020548118424,-0.002469702181790433,0.0014107648186687393,0.002180615047775564,0.0014168877234433767,454648.2736
12,13,24.479171771406115,0.5999103822812236,0.029293779307107477,0.18156420602391415,-0.1971026929332732,0.18048326057053007,-0.0005662365921402562,0.0014172749666977425,-0.0016258248756564,0.001382440665790011,452626.1213
12,14,24.464976998109787,0.6299000913926553,-0.3139937961836963,0.19336940402273511,-0.09901772732071774,0.19876517419010048,0.0004033998531714062,0.0014170141510261621,0.0026432349562263624,0.0015621126846102607,439948.21330000006
12,15,24.46751712621349,0.6622449935914492,-0.010549776274302782,0.20620991216162649,-0.023459344360276246,0.21831945901465816,0.0032909477883907683,0.0014291179434972297,0.0021144104431429296,0.0014722300742512143,440830.2661
12,16,24.45841105909723,0.6985261242717834,-0.07272325674306228,0.19474294798004113,-0.2173039224074069,0.2041169728388278,0.006570263430830502,0.0015403411677131194,0.0008678703745881861,0.001519282474563233,436353.7729999999
12,17,24.484139024466305,0.7410577958996492,0.005398090087382587,0.22034955039695675,0.3871978274481778,0.21732024211771175,-0.0030146595111251585,0.001676788713955347,-0.003439147234698286,0.001656267446918042,425661.6218
12,18,24.458909131394975,0.7907520722478485,-0.5476419479151924,0.22343957295697364,0.21246082641572497,0.22362354927338499,-0.0004196980907619748,0.001662895987278939,-0.0062170546680255685,0.0017286760155253134,398650.2609
12,19,24.458336602577003,0.8564180849769991,0.48233396129001327,0.22246100567021848,0.061989052252717496,0.22743307592331663,0.005739270425922541,0.0018370275931590973,0.003007950931828584,0.0017809970702733402,392658.91300000006
13,0,26.673096158809443,0.17810807149914043,0.06188966319291211,0.11749209597532129,-0.1526749796265177,0.10981662076562093,0.0007065561885828534,0.0009148886869034025,-3.8865636191086155e-05,0.0008591325231008635,538894.8761
13,1,26.68607701130651,0.24347555974249163,0.12594647172622966,0.1291020909974113,-0.15571934786439426,0.1259790310713005,0.0009581187485425175,0.0009724765848302519,0.0029184343038370477,0.0010312677856197641,513660.744
13,2,26.687347246329416,0.2833239896171001,0.12481128472598597,0.13588185506295045,0.0017442033544366763,0.13610075465200863,-0.001004675669162421,0.0010208367805621893,0.004908500308321315,0.001052723645420896,490723.0017
13,3,26.690470375007713,0.31632581398647,0.27937098966333584,0.1364087743373645,-0.05542446965813849,0.13467016212476166,-0.0007012440844938203,0.0010600830882278105,0.004942673703381901,0.0011111012561723407,503103.7749
13,4,26.688918523116342,0.3467539719966814,-0.09284432688585106,0.1498256097260683,-0.2818698511413729,0.1445583931740647,0.002109122047529396,0.001097879290655098,0.002786864136362744,0.001099580736205492,497166.43149999995
13,5,26.682954340418533,0.375657652336618,0.067126683257557,0.1535103302188991,-0.26034214586805027,0.15680983983860822,-0.0006169407428908075,0.0011086552650903128,-0.005205285925247382,0.0012870899625582889,488664.0544
13,6,26.670462091803717,0.40358279283953724,0.01061457812170483,0.15039802400323043,0.2412483332422844,0.15036047871783267,-0.0031790396245724812,0.0011776932244416032,0.0017962633851190592,0.0012165174186964398,490356.39709999994
13,7,26.662006636321568,0.43107226715093144,-0.03814758213143296,0.15448757629510884,-0.0980055342729275,0.16618468906147768,-0.00015614348384701521,0.0011450059108769103,-0.001623594932450745,0.0011718582235836833,486413.8013
13,8,26.67804744592913,0.45756937993344454,-0.26558370071370707,0.16295927905341637,-0.016248815310843,0.15766304256883443,0.0023500873913663975,0.001241263370901211,0.0018110172141275547,0.0012151283901249766,495993.7814
13,9,26.67775098447494,0.4836969102916176,-0.25454787141474045,0.16947301994941258,-0.04779659315546145,0.17095745041298413,0.007490506791163742,0.0013132251510516388,-0.003988624527846856,0.0012546810028978123,477803.8075
13,10,26.67132589222142,0.5100887464371824,0.06188866715342527,0.1825264397753707,-0.1735915789469366,0.1839007326609859,-0.0006328789530093611,0.0012370003064491716,0.0029314858554744835,0.0012485215139933247,494341.1119
13,11,26.655314965358016,0.5367781899451064,0.008242065591800414,0.16960366195980545,-0.22554581980626842,0.17337110039650563,0.003063443813915882,0.0012687005507822599,-0.0025671804389349644,0.0013547163679379765,479241.3996
13,12,26.6661329367748,0.563567773485862,0.0064237447828309376,0.19091011808255826,-0.3180694328453618,0.1888408761298503,-0.0019157503497739244,0.001410466851260401,-0.006097228771488337,0.0014148166935881168,457523.9131
13,13,26.65452889285878,0.5921225438307288,-0.44773104306584255,0.1979744069006985,-0.06700752645739311,0.18925363431706832,0.00020434105717174854,0.0013562805888655818,0.001292931572059353,0.0013351987296950055,451153.4286
13,14,26.663277469288346,0.6226789645505978,0.20076825908366636,0.19580074918263848,-0.27294226622071766,0.1924373782736853,-0.003715444719373082,0.0014384662630501789,-0.0023626580717938566,0.0013682644451845408,450929.5142
13,15,26.663145961181478,0.6555069130511414,0.11323976771735775,0.20155734369045353,0.3483317942349291,0.20490277128192746,0.006338090042778863,0.0014607323957392534,-0.0061701871713712485,0.0014694839595369433,437811.9864
13,16,26.668073772646807,0.6916838012152008,-0.01854944625910462,0.2023678618562265,-0.09673559614902007,0.19617764329512538,8.917578417212837e-05,0.001469398178955051,0.004485976021639064,0.0014688925640466842,440266.6978
13,17,26.66730681988926,0.7340832321993754,0.16611690404940443,0.1982772542792342,0.009066563728775135,0.20657031230092318,-0.0017575530329463523,0.001481137488320309,1.59203673783373e-05,0.0015546382099017972,423939.9617
13,18,26.662493493345593,0.7848064486446186,-0.39243351043255076,0.21615128945188264,-0.003877287682891891,0.21808319144680632,-0.0014904565088915778,0.0015628734696521414,0.0007504718089551434,0.0016123142025449013,418349.5973
13,19,26.638278159575524,0.853497491871625,-0.34436067096478573,0.22706731360615773,-0.0001709863681679093,0.22566696613346357,0.006595151282477308,0.0018645777027567747,-0.0062101857279697305,0.0018522972114027026,400844.66260000004
14,0,29.2973896715837,0.17387533951695072,-0.11892710328165158,0.11026117341382341,0.019836917772597495,0.11174716827110756,-0.0006070081744250767,0.0008461150805811738,0.00028166889842975773,0.0008653725126373994,539431.336
14,1,29.26266889701126,0.23592548045361172,-0.11905209267413916,0.1169160411379116,0.19828229307978723,0.12180708440405849,0.004008532512973977,0.0009931431956549913,-0.0010866111995782787,0.000955591530919364,522163.2289
14,2,29.284029990039457,0.27602247738220737,-0.030619809856713805,0.12645813904713812,0.1374716493158688,0.13443796621162518,0.004509586686942305,0.0010058603841809211,0.0007919760204253871,0.0010108062441742723,515444.1035
14,3,29.279350634319762,0.3094316924425152,-0.046758243905967514,0.1346580995027936,-0.06084869827320137,0.13695724269271345,0.0036013235857208846,0.0010413685420379742,-0.0018562370300612815,0.0010476835508511694,505320.5628
14,4,29.26785578703654,0.3391354835732124,0.04339795149321533,0.1439132381094997,0.04895506527293098,0.13879076124091436,0.004610344232867999,0.0011166218998123238,0.004509590076216879,0.001052068804906555,504805.56570000004
14,5,29.249886448182906,0.366920292842859,-0.26154298177268975,0.1479514637989667,0.19096067059429847,0.15125410393154923,0.0014078434098684092,0.0011120728341552798,-0.0011635465379611141,0.00113324167460507,480465.4509
14,6,29.2532666702374,0.39370321984066076,-0.057428817643426784,0.14535369395249995,0.0066459671220215665,0.15000518970899238,-0.0007393716782690588,0.0011121373814645984,0.0032957328040532714,0.0011346907281877259,495417.9551
14,7,29.275902443761446,0.42015778016151634,-0.005493458746172784,0.1623599109413455,-0.0340428972965535,0.15703242525064712,0.0018173829775895163,0.0011321622035277445,-0.00215157781480558,0.0011631769668316702,490096.50340000005
14,8,29.254639251262226,0.4460196272400928,0.027101150663795932,0.16104844236480811,0.10353023714159003,0.15636496823967633,0.0026350204488460485,0.0011864874964971081,0.0006602485379854338,0.001175902085244809,490988.0658
14,9,29.25286927851259,0.47214988846726164,0.500217299099347,0.17479304322732916,0.19302481536681793,0.17247276877536424,-0.0024162830447921084,0.0012000144550230083,0.0013016581209882958,0.0012200813814651015,477351.3432
14,10,29.237349998489208,0.4985676004544719,0.0008761197603399088,0.16753092074492495,-0.27704464009591956,0.16661956661417243,-0.0003071295462253776,0.0012294014190147395,0.004746463429601012,0.0013344612240946856,477320.7241
14,11,29.264403368048793,0.5259551060565629,0.20510685738856332,0.17812269074771864,0.07591544144799277,0.1648593931929592,0.004630908034943627,0.0013083940112189009,0.0014707258480728485,0.0013370231672703,478745.4157
14,12,29.239441274017167,0.5539345765111608,-0.06608250305385197,0.17022352034087412,0.046249045386567114,0.17628103103790713,0.004445152071350939,0.0013456349135593845,0.0012844310708573176,0.0012596220039574355,463484.9693
14,13,29.238243994063744,0.5829347314829562,-0.076363988437237,0.18071095258120176,-0.16337190587599218,0.1936805201553216,0.003458591749993375,0.0013321084874146276,0.0022483498402016597,0.0013676212712593872,453733.9405
14,14,29.253467604618493,0.6139332205807472,0.34295957964729434,0.1897524270598666,-0.2315581307284788,0.19029880657056508,-0.00480736293378236,0.0015395106888997847,-0.0020648861122169165,0.0013586232508245588,448422.0504
14,15,29.259027634338985,0.647277152070935,-0.03878999278265031,0.19667974632253316,-0.3356472117964564,0.18924612861932155,-0.0017708501850364896,0.0014389630526583284,0.005430374939990203,0.0014303688096884096,428161.4301
14,16,29.269003558784753,0.68356498615409,-0.17271460743099343,0.19862304937775457,-0.19291018770651072,0.2022202866626578,0.0036877241645920816,0.0016508042786920279,0.0035563192772406975,0.001524608835582105,420286.22319999995
14,17,29.25487315743,0.7260335311218601,0.10545810661792616,0.1866211777898528,-0.23159642408165845,0.1988954008784121,0.0042549258803583475,0.001535553210055864,0.008318211149756083,0.0018597259339578843,434051.7659
14,18,29.2274845851221,0.7787731459310544,-0.44472239923607837,0.20556404550780932,-0.2919206263969611,0.20622815022211077,-0.00015144204691179455,0.001498130755703164,-0.001671287520953562,0.0016098760895658947,423890.09119999997
14,19,29.243085666811513,0.8510961749663969,0.01745305511933947,0.224137428187733,-0.24723715323465853,0.2112512412354019,0.005990773919467877,0.0017444083592829264,0.006091788083187864,0.0016875169149154546,406865.07509999996
15,0,32.51257129231068,0.16421243959483628,0.16407278086079943,0.10650684861759817,0.08922679299317486,0.11019356795469974,0.0024912235141550175,0.0008377763098499203,0.0007819417371057645,0.0008239656462249974,540329.6005000001
15,1,32.440471412826106,0.22607585915001638,0.21589910584088418,0.11920848402889817,-0.270935637502611,0.11958459210209388,0.003677993481785022,0.0009702105639157947,-0.0006371706138352071,0.0009170684886725754,514189.6032
15,2,32.473856221402905,0.2655892627007838,-0.11779216697974988,0.1271130494740754,0.08966363905089854,0.1268164601547723,0.0004155527059854313,0.0009675981476087445,0.0020153117475315016,0.001007767149614302,511133.4794
15,3,32.44150997794684,0.29881177751993615,-0.14502941249433954,0.13357546958803182,-0.09088065534102205,0.13047357512250482,0.001746217381677365,0.0010017609062139836,0.0008638957811126904,0.001032827392357021,524514.8359
15,4,32.404028027275224,0.32907582819176034,0.11148186169184275,0.13914042494777681,0.003312169256968191,0.1427352673855429,0.0017319273845387332,0.0010542305563990611,0.00148538431060405,0.0010410904310541112,517108.94779999997
15,5,32.437793970997106,0.3574696310036787,-0.15501824660585875,0.14522418232374568,0.06099772143655435,0.14217606697563542,0.0025844239216426495,0.001072509765728156,-0.001349358269985908,0.0010365804361130151,514452.4417
15,6,32.42040808057843,0.38501449833642787,-0.20794169075097033,0.14662120541937404,-0.12884240453740364,0.14318669521084726,0.0020855686684596404,0.0011486560226742913,-0.0035205251227690823,0.0010913736209291352,499542.30799999996
15,7,32.41901361290067,0.41161538989777463,0.06333498516895673,0.14542160763131504,-0.12786516425642835,0.15085962407356823,-0.0008555531454034726,0.001082588146338782,9.940599171174868e-05,0.0011543156392998188,511220.89019999997
15,8,32.45397553815437,0.4379576562870018,0.16498876371503834,0.15916660885620101,-0.006556719829836892,0.16435042911206882,-0.0015361014341087537,0.0010857520912806848,0.00048315635862372576,0.001114604309432596,493612.68080000003
15,9,32.44314849108915,0.4635813376751989,-0.031102009858611925,0.1522152859065592,0.31655201248073866,0.17141432626252676,0.0015756052595560935,0.0011468427772985007,0.0006331705832226253,0.001189379434083554,488586.15839999996
15,10,32.43129998881988,0.490150073925505,0.2297523267155479,0.1672562534934158,-0.03187667816146942,0.15742050558416418,-0.007601331163919282,0.0012498108358519736,-0.001995863358971295,0.0011820466472599975,493287.9254
15,11,32.446166677915514,0.5174302306135569,-0.18006272868026496,0.16074298060760492,-0.23106923950970354,0.17509288968590422,5.2263258948639926e-05,0.0011898524661374931,-0.0029452338828251864,0.0012008294340923188,492725.73120000004
15,12,32.42925744417427,0.546238977955732,-0.09307244233762196,0.17238503692039944,-0.3137111113877155,0.17003669107033698,0.0016472765439887044,0.001272473331804942,0.003576450255732137,0.0012417626715211418,478624.2767
15,13,32.43171448664686,0.576945927312376,0.21793044416934318,0.18568280857510186,-0.05936299697864558,0.17720713467717722,-0.0027757757192713563,0.0012986737804182888,-5.830593472061645e-05,0.001274959830589038,476274.4863
15,14,32.40403839208032,0.6089214502609536,-0.1914732824879077,0.1832814164442278,0.19450546436935204,0.1737269314330216,0.003292572390685682,0.001349339282149585,-0.0040309643846140756,0.0013075561681113884,450450.2975
15,15,32.406035123696576,0.6431716820280643,0.10452758917688384,0.1886588570582407,0.26562924737973703,0.19062939233878395,6.460162650058859e-05,0.0013383991099716814,-0.004999076520729524,0.001379289217477752,457997.69299999997
15,16,32.43686969196451,0.6807037861520436,0.003252596678385431,0.1848885286913103,0.10571652968388646,0.17891012223780417,0.0018657718064582266,0.0013658156134785738,0.002551710757493869,0.001339970472300245,445528.8362
15,17,32.43923940723078,0.7239288807741538,0.11480589088744289,0.19373398814999762,0.20905402740339013,0.18326049091400232,0.003026155641239689,0.001517701676583483,0.007658543870650826,0.001488141365541831,427201.3371
15,18,32.429446661330445,0.7764600103274346,0.060666781549656996,0.2026128368133178,-0.47885100035378636,0.2004957861105365,-0.0035686537811673823,0.0015087844945931143,0.001474477487684366,0.0014943075926030392,411270.3079
15,19,32.381215508646484,0.8483583824114805,0.09542513147569653,0.22306166312931267,-0.4522837449450334,0.21540574949095465,0.010776891637455387,0.0018303180727283967,-0.0022488191198860143,0.0016863679725047731,401432.3472
16,0,36.57168246028197,0.1524351261720083,-0.027432314112175848,0.10792961829481533,-0.03823164731072204,0.1053770204594869,-0.0017830318019813871,0.0007911306713524415,-0.002602150039853819,0.0007884884504121201,546300.7257
16,1,36.55722886196717,0.21342988538519503,-0.24411517707869848,0.12001803429244047,0.12241777798937305,0.11554121378330673,0.00035099573334791673,0.0009044056043640868,-0.0016786219157683831,0.0008899957311476114,517080.39550000004
16,2,36.552718249517774,0.2520172678820726,0.19439441266329466,0.12332743231440023,-0.03796828882979881,0.12239321019990276,-0.00042607765756272223,0.000918200597651546,-0.0003516210849663021,0.0009223555284933202,509334.3098
16,3,36.53339704870527,0.2844076345924902,-0.18146449115444138,0.1319082354428537,-0.24056614753449065,0.12514070204956937,0.0016758274650053994,0.0009711197725702968,0.0004666965920011857,0.0009392287291715185,513104.82340000005
16,4,36.48825829607591,0.31422791393624666,0.20687892123415397,0.13934929634211327,-0.21818099637274116,0.1378989648292025,-0.0043244812408245415,0.0010402317810438255,0.0035754104257538053,0.0010592602523574893,502871.95940000005
16,5,36.503606306583706,0.34222927497648803,-0.12018633805276625,0.14066509210424344,-0.08265243752142862,0.14628012039567775,-0.001499045296599471,0.001055662500978173,0.004227253458976593,0.0010964339425514173,478914.59750000003
16,6,36.52731985294997,0.37001620577563393,-0.3381620065951811,0.14400232769019988,-0.48938394885187403,0.15180861089292041,0.0059473923225315676,0.0010673260713994217,0.0014197168192612208,0.0010462378148466279,499443.39770000003
16,7,36.484744071413296,0.39685294157033507,0.13631944098978577,0.14423345833671156,0.1466845738762005,0.1514087631217649,0.005725935346837673,0.0010889759583949394,-0.002147854536333591,0.0010830115074081386,515309.3318
16,8,36.441738538378466,0.42402237359190753,0.004403328236249377,0.14485031180645222,0.14672085523912864,0.152394477097585,0.004114652498736707,0.001096443278933608,-0.0014532329357501187,0.0010690604111665365,520965.05329999997
16,9,36.44425562951219,0.45093836046927366,0.13252161957050507,0.1551817650901484,0.3543882553555938,0.16219891472926556,-0.0032047069742349344,0.0011010843513570264,0.0006662486220271799,0.0011175514440651738,517841.9904
16,10,36.51908606060044,0.4784706452145597,-0.15103407725264636,0.16123586006857782,-0.2494817610778023,0.16444046121993483,-0.004812869859262858,0.001141104802928437,-0.0014595750377488137,0.0011555348270634105,504503.41479999997
16,11,36.52553814390935,0.506145644693038,0.11310149030621285,0.1581406788175786,-0.3900293696821092,0.16075028161160787,0.004575122348565149,0.001199944303622518,0.001394821105185037,0.001178757861074755,494936.6719
16,12,36.49374859415467,0.5355766484960605,-0.009857994315108018,0.16409652799015312,-0.008041744320650584,0.16425467269437716,-0.0006907912293793603,0.0011861443598075443,-0.0013579275092770642,0.0012984294026428685,491854.78420000005
16,13,36.52464591659603,0.5662981318543225,-0.14382182821479195,0.16921712734297034,-0.2755004004246541,0.17207210843459883,0.0009732076057007232,0.0012159260425907892,-0.00419432635980488,0.0012804861330589252,486787.7372
16,14,36.488298276657765,0.599344154542454,-0.09619283390310965,0.17530489887849426,0.19863646424565642,0.17696128654914983,-0.0029492408014834826,0.0013506535206513086,0.005373339239960541,0.0013119620100323613,456110.1201
16,15,36.502415784904116,0.6356043211722542,-0.22386915537407504,0.17968562876404304,-0.16356358375045266,0.17761703099149806,0.0026241568717087576,0.0013169735353545215,0.0007136627333284968,0.001300368382606193,459987.57219999994
16,16,36.462040944265276,0.6745142017636983,-0.16434635548582302,0.19084449920090493,-0.1504005845327024,0.18384260655784085,-0.0027024200224639522,0.0016150068043465486,0.0053511096668867626,0.0013793328857973875,444351.35120000003
16,17,36.47223833426239,0.7172964489837499,0.18580729527230755,0.1832063287415385,0.2528808626927051,0.1829271883294438,-0.002335949911434544,0.0014057607257346773,0.005277099465704616,0.001366910213190096,442535.41870000004
16,18,36.51356401120922,0.7699872432677561,-0.09192824054727891,0.19536418394586538,-0.19957753723478067,0.19772588235398844,0.001094720098482417,0.0015267373445532193,-0.00041234587104164587,0.0014554533815243447,425767.36769999994
16,19,36.46113046557477,0.8448432227055963,0.10986080007856094,0.21853310948933638,0.1442178931086806,0.21925829738322594,0.0015485348478589734,0.001622016532436493,-0.004292202741808077,0.0016687662030543163,410426.9076
17,0,42.4983067792067,0.13975784744520534,-0.019128536498278087,0.10366917397402506,-0.08569059766800961,0.10385046618596394,0.003132170368399256,0.0007778062715181764,0.0006526369372154098,0.0007858613732340978,546528.7448999999
17,1,42.32677887603567,0.19367279341546703,-0.014503722694061616,0.11803462327236715,-0.1442509641459218,0.11544831457330425,0.0010776566918821568,0.0008741982283853513,0.0032954776850085943,0.0008391266065661542,538694.9997
17,2,42.30699844996762,0.22979888467099668,-0.01178225944144502,0.11674435649854899,0.020600665224693955,0.11787165678707139,0.0005665717693966819,0.0008570447338713278,0.0007134509045516807,0.0008644750647346538,542116.418
17,3,42.286093310298845,0.2611205872085148,0.15376896728424655,0.11776781145524198,-0.1669196205912894,0.12383718221668293,-0.004856605753294924,0.0008733599863839866,0.0025861959586510465,0.0009302808479001382,536416.1022
17,4,42.26773293352199,0.28993868402188394,0.026032508836505746,0.12889740204118638,-0.15968175707572838,0.12542107682075043,0.002247315485205039,0.0009284917517315561,0.00251566188960512,0.0009454916607425201,513068.0579
17,5,42.284255308499795,0.31757920263111117,-0.1099194589934976,0.134095344557439,0.036989555902023324,0.1348959412108942,0.0027408164345009765,0.001011035055477749,0.00420801902569973,0.00101612521190092,507742.6537
17,6,42.25626882903981,0.3450914101945691,-0.07238544743299355,0.13959061819364613,0.06594357259149515,0.13707901156756283,0.0031519196766069566,0.0009885371617256535,0.0007195972343160198,0.0010180836888992247,522858.5591
17,7,42.19746725833,0.37166708019955036,-0.015530275461082365,0.14515393744123115,-0.15060299512223502,0.1464828009816106,-0.0028451465296584107,0.0009977591149299932,0.002021421484438899,0.0010292369256427684,521863.11049999995
17,8,42.2451793448108,0.39869225251420365,-0.2392162686824768,0.14332595006913232,0.28616057267405437,0.1426613539154224,0.0006113815692639936,0.0010370948594344734,0.005650898829937212,0.0011173338320134261,516496.94289999997
17,9,42.23042054047281,0.42615437151786356,-0.12209154720388188,0.1499735253978712,-0.18089413726454823,0.14486822914928968,-0.00184289254597502,0.0010597551688315342,0.00305422517983114,0.0010458271673160586,518665.9908
17,10,42.15915975004185,0.45471119380847574,-0.10579225554531678,0.15681001078403176,-0.13538091006504807,0.15213698815021065,0.0001578973468088811,0.001089554763295287,-0.0037371267419297623,0.0011173710118035003,508925.9831
17,11,42.156382164982446,0.48459799813393556,-0.13438720892164033,0.1586929937824242,0.14704228126334093,0.15625897621186666,0.006482237162511639,0.0012114796175314506,0.003459480737974819,0.001127658159809418,511888.9181
17,12,42.183187992494084,0.5155291469611556,0.07528757217492828,0.1632338956408715,-0.28691239700081766,0.16207929675128704,0.006680673636364264,0.001196196942475296,0.001342601578394136,0.0011298549556009805,506330.2674
17,13,42.1137275951136,0.5491425942896573,-0.004931037012971042,0.16490768603401668,-0.026142747158507135,0.1678097359596625,-0.004302806906864811,0.0011966146549138165,0.0003811789698014508,0.0011904666408109588,504096.67539999995
17,14,42.185303406256274,0.5839597366060255,0.33633956250746977,0.17095808834427395,-0.05030714271982688,0.16983315593737128,0.0015277745805790716,0.0012291116671916565,-0.0044416842945304265,0.001266921294536109,493547.0212
17,15,42.131351097062314,0.6221378381156549,-0.44256782529896305,0.17434964104151426,-0.12623816259452889,0.17420642452069793,-0.0013904368539075975,0.0012866117376828408,0.0012946418321936313,0.0013119124958050096,475279.97500000003
17,16,42.11466212226664,0.6635618850917003,-0.06397273125610267,0.168767069292501,-0.19978184846998817,0.16747216995424863,0.002442601635145418,0.001259283357509192,0.0016081597105820147,0.0012469263839474452,460814.7582
17,17,42.098198757313334,0.7092854090350023,-0.2258401402971939,0.1731134238008485,0.06132535152503088,0.16399283839937331,0.007982396297509515,0.001516781673712867,0.0002934329206344176,0.0013345094499746311,438664.2038
17,18,42.1090016072603,0.7640143160841618,0.04656053478093912,0.1770163885706374,0.014082271919958424,0.18124670354374386,0.007924435339376599,0.0015487822842404873,-6.136838010876059e-05,0.001485035810579403,418500.4752
17,19,42.13768720674603,0.8407308808593993,-0.2596932227400022,0.18743084391751086,-0.13372558820902797,0.18888386913476082,0.010557015810290145,0.0016628890415089203,-0.00824535952481884,0.0017651526303587726,409423.68730000005
18,0,52.17938146488348,0.12539513095233137,0.04339059424119957,0.1046615143807971,0.017118095144277895,0.10771092460169703,-0.0011883059447752315,0.0007445765536658385,0.0006871124500192665,0.0007492436110640936,565482.5144999999
18,1,52.33586742639848,0.1747459708419683,-0.11600793156083006,0.10939391903422867,0.1380702566819438,0.12082026275138745,-0.0036530874482129166,0.0007851199431791415,-0.0018538846609655977,0.0008044043704983797,551998.1094
18,2,52.14475191054119,0.20624843915311508,-0.019201502832862268,0.11774045683328352,-0.24898299568081333,0.12202918239862105,-0.00282307574871134,0.0008357201720472872,0.0009604186497782879,0.0008424808536035261,538324.5266999999
18,3,52.15700888743139,0.23386465935382014,-0.1899833977620423,0.1124596570222817,0.08555837030740346,0.11996676990254265,0.00042322446371306847,0.000847115083026214,0.004525935619927623,0.000938379137546334,529020.0615
18,4,52.056974688818514,0.2597627755168812,-0.09000696511957355,0.1208764549027877,-0.014167384115941175,0.13000217024333563,0.0034122249409312393,0.0009174456806992922,0.0041548602302916935,0.0009228283563468597,512139.6055
18,5,52.04846558303868,0.2844338768473391,-0.22431202739639644,0.12618865796220735,0.14566722041229876,0.12862203371548606,0.0028754289326285453,0.0009637940398393587,0.0024400942560707066,0.0009450550152998574,522825.5984
18,6,51.917114039031624,0.30989401175797354,-0.09447306128059536,0.1291438503441875,-0.042886713270089964,0.13024689039025028,-0.004816926565627303,0.000948788179717307,-0.0010807098262330798,0.0009517682478924501,529491.492
18,7,51.83268474327362,0.33554917417675717,0.17882262272883667,0.13382684258772973,-0.2589439888008235,0.13730947046089786,-0.005109571277554303,0.0010466192625716414,-0.0015645926258188493,0.00098800113611412,527934.8476
18,8,51.78453092056863,0.36171413006304387,-0.17223136894366226,0.13343649425415505,-0.08459194103920004,0.13624387342590913,-0.0047290757732375245,0.0010329925962683831,-0.0042795855157511655,0.0010288012236665354,551544.3264
18,9,51.78239348692271,0.38828185947934646,0.07488942131696419,0.14360496548577328,0.03262745576166203,0.13821731218042987,-0.0004286009936568563,0.0010011756235088578,-0.004778244213519058,0.0010328306673072032,529996.6768
18,10,51.689286181681624,0.4158868819641334,0.10121742389530099,0.15406765390863403,-0.010852760674283476,0.1473803407516617,-0.0011385104824799684,0.0010514217353131163,0.00016391033450027505,0.0010387024750411241,521657.18559999997
18,11,51.64983132010679,0.4457464074281872,0.13261918355796834,0.1486268129725367,-0.14123321092281518,0.15592368423563144,-0.0012191065624254163,0.0010522922254436985,-0.0016165414550996073,0.0010597216318997237,530082.2303
18,12,51.53439098282086,0.4767595876688288,0.022755389687775424,0.15791689240065665,0.13242863274344838,0.16601389701771196,0.00012468089993303747,0.0010738460039509447,0.005353663298860813,0.0011364057611792143,512549.1426
18,13,51.54747089977245,0.511077728839146,-0.2714919597871961,0.16227789780258506,-0.020115650590195905,0.1621030312406234,0.004586860701335621,0.0011616529119688986,-0.002229117946785578,0.0011336855488392223,508509.9499
18,14,51.6508181467359,0.548740004063924,-0.202300560487051,0.16402259883597392,0.05619716579033709,0.15960347779655634,0.001368820081928223,0.0011652874682849322,0.002403648020611249,0.0011781605284950692,502444.74
18,15,51.61032504112697,0.5906130696283718,-0.04250075444004731,0.17398306699907612,-0.03912258222007284,0.1691641777478989,0.0011253453199962743,0.001234138493820093,0.00310437669457343,0.0012409937384616897,502959.2148
18,16,51.570106725101844,0.6362054260919481,0.1277385190055345,0.16665685894038884,-0.06458643670572375,0.16568612387411208,0.0004749995437649428,0.0011873514332827295,-0.003427409313072512,0.001235679008313108,505809.8242
18,17,51.341342001590526,0.688730059787617,-0.13714183945243752,0.1664434337325437,0.07890897891454055,0.1595221872057999,-0.0004033160358551078,0.0012634804198427018,-0.0005954906918700221,0.0012038734058484267,478393.8734
18,18,51.53205045794179,0.7501133098420543,-0.05569689305926884,0.1655733144442119,-0.09746479667671604,0.16271313260380874,-0.0011664741828792632,0.001291883866987485,-0.003209177961886618,0.0013720373935601285,473392.99929999997
18,19,51.42522367035885,0.8349256607320636,-0.30330643080822983,0.18304623445821824,-0.2431881014546473,0.17277055664342067,0.005463904683166954,0.0014836200215082563,0.007743385900648018,0.0014772669102772233,420417.5823
19,0,95.22884093812338,0.10786211795191236,0.0611447716742875,0.08219914911408997,-0.14634685432967048,0.08579112916022873,-0.004064045333136452,0.0005993796860048846,0.0008055128053862602,0.0006009836239660043,656863.4517000001
19,1,94.98734099736838,0.14762836658872963,0.0011678761945827368,0.09852983535664143,-0.016487182915463496,0.09857430972814003,-0.0016175526967851226,0.0006694071419902246,-0.0023405831915227775,0.0007044506815374924,601933.6081
19,2,92.56596859458519,0.1739399603852711,-0.19118963827531368,0.10350778053237947,-0.10661549776252126,0.11059985366938917,-3.5370598244284937e-05,0.0007152629743893831,-0.000727591296148273,0.0007278330973576268,585288.4702
19,3,92.63587322508997,0.1973966380740288,0.13642557056434215,0.10252562218381071,0.0830028852338037,0.10129268264722564,-0.0056388944676195015,0.0008126799733702534,-0.0005676691912362207,0.0007438648377285904,562532.949
19,4,94.14244118845322,0.21921414383141496,-0.14253508670497667,0.11158523939955683,0.11896287595052422,0.11123636225259141,-0.003013219466994817,0.0007730893492048052,0.0033949630853168933,0.0007749366706811098,567914.4755
19,5,91.14535730517078,0.24082672178809836,-0.144289343462061,0.11300633664140597,-0.07013800044182046,0.11151819430699121,-0.0025607426627639127,0.0008023372849624028,0.004482903495542954,0.0007998581901923993,572379.7197
19,6,89.56799478635637,0.26261578692217546,-0.019447770094798412,0.11990543665006267,-0.022985004185077176,0.11415525909721862,0.002511872397930004,0.0008711749756097852,0.0013411808691515472,0.0008292305140436947,562059.5135
19,7,90.3910566072663,0.28472568296355855,0.16383905043733954,0.12477495401385826,0.04396818910934071,0.12380251628949654,-0.002927803993636698,0.0008723969648264413,0.0008623707104406055,0.0008544031583065799,548828.8454
19,8,90.99269030080846,0.30877817331669577,-0.40344050197299136,0.13083264494810248,0.06754904727402783,0.129891255399862,0.0021783082947968257,0.0008815968977061412,0.0020747606040644718,0.0009083185239416422,553793.1347
19,9,90.33941777889783,0.3338395344957383,0.020279693033494424,0.1332848112364355,0.06222169998266671,0.12786900011665184,-0.0018913985112164059,0.0009503843006603168,0.0034927268122140905,0.0009242686518891145,553398.8940000001
19,10,91.07910442624049,0.359760625930514,-0.04026457254468451,0.12939188173031316,-0.20021945132732408,0.12917190728785133,-0.006409915729269731,0.0009412291573327268,0.003112368774873287,0.00094714303316072,547756.0231999999
19,11,90.78125930572557,0.38811705115847495,0.22087048251727134,0.13495040679068998,-0.04266276864139339,0.1467378407371504,-0.0011490592909103076,0.0009539338057982797,-0.0005459597000966622,0.0009559132924334411,539672.4927000001
19,12,90.63734535370291,0.41928149231763,0.024134164291174362,0.14350037343241914,-0.31792578136932187,0.14098838925911014,-0.0018226716165224306,0.001021053267110997,-0.003498673531330653,0.000994875433441792,554501.4371999999
19,13,90.14086820528709,0.4532221285782488,-0.00436759743008745,0.1331381192408468,0.07928446681039175,0.14243708923723875,0.0026236767071269075,0.000987601843332637,-0.0005688147706948226,0.0009861103384849836,567995.6127
19,14,91.2834045349996,0.4909432897180292,-0.1456390226154071,0.1391119027795878,-0.17876328548355386,0.14124377399293564,0.0014142444633282866,0.001022112802665954,0.0036078315550787444,0.0010515145186852876,538859.7254
19,15,92.40275809138053,0.5335470023045328,-0.264818140538445,0.15242344219102466,0.2993559250543746,0.15097940910321223,-0.004117817162084761,0.0011558359760417897,0.000656927411158222,0.0010782226349775987,502364.82220000005
19,16,91.23130439537206,0.5833495547199824,0.08358981033974235,0.15062848513986973,-0.2447732484470185,0.1518642213791481,0.0023392079225919168,0.0011235635733483438,-0.00017510015837967943,0.0011425918926613807,485966.19289999997
19,17,89.89664765039961,0.6433323129531673,0.2746520423659519,0.15284128340577535,-0.20971091089497174,0.15032589243670075,-0.000259682481167205,0.0011390208710759077,0.0013197541856468603,0.0011310831887761505,480724.283
19,18,91.88429086156616,0.7197499057329744,0.06544804473821096,0.14530584377216588,0.07289955751606625,0.15298963325566634,0.005154345388642782,0.0012324996155568993,0.0036808239324632374,0.0011936450056457119,466837.0648
19,19,89.78482743223189,0.8223256273791725,-0.29803308966332676,0.14968976056049094,0.07044546671601333,0.15106847069974433,0.00505738397933983,0.0012256256135562478,-0.0023177064652659964,0.0012297698046897995,403496.0541
