label,dseeing_ori,dseeing_corr,dbeta_ori,dbeta_corr
161.0_0.5,0.0514683654620951,0.007657183567841105,0.14891632989286255,0.043193283761366594
38.0_-30.2,0.02619378643463033,0.0008556682510591874,0.049869671351142536,0.005478630239004838
23.9_-29.2,0.036040470831740196,0.0016965878207432599,0.06440908434564961,0.010769927851939611
212.0_-1.5,0.06748099515731736,0.01594742987386061,0.240562873368038,0.08367426877961782
36.5_-32.1,0.03948377636459917,0.002579026907867807,0.10558365499800344,0.02006522028483969
38.0_-33.1,0.022970356139822394,0.0014089200619338469,0.03930688139210613,0.0013605855197777648
158.0_0.5,0.04935532661184559,0.007251563507049112,0.12539301515761883,0.02865380506913452
7.9_-28.2,0.018600641469964974,0.0005323374084134727,0.03216004176171156,0.0018385478790730184
182.5_-2.5,0.028901768810412273,0.004339127114673118,0.0636657992808525,0.007157929711398645
129.0_1.5,0.031375888527570395,0.0010413035708769728,0.05807420708652853,0.009961391504173914
1.2_-34.1,0.05512631777380447,0.00808246921064118,0.14078014255255786,0.034475179189804146
32.9_-32.1,0.04582752846235459,0.007797436518269114,0.10121292697440737,0.02268126986795596
43.1_-31.2,0.05273300804912116,0.008154737349972668,0.18150602971147567,0.056175699267667835
140.0_0.5,0.04358022649485747,0.005631854622317341,0.11550203515256785,0.02479576279532283
334.7_-30.2,0.03339664667058389,0.002081596771475414,0.06284330951822362,0.011203592699746329
36.1_-31.2,0.046011633031476935,0.00517634405427227,0.09759761926943161,0.021494018650630452
3.5_-32.1,0.0269318673173143,0.0011942265324191837,0.04677779546455249,0.003259020953242662
132.0_0.5,0.06329751865686556,0.01595893049748471,0.25601871043226804,0.08876417447698846
330.4_-29.2,0.04588868903663338,0.007152070924165451,0.12562448791816977,0.032676640868282286
6.0_-34.1,0.034880965627538243,0.0031715209982823276,0.07762011451331827,0.011501120238984398
18.4_-30.2,0.03806864658982602,0.005443631982717173,0.0761619476849398,0.011578775996408249
31.2_-34.1,0.06037971626798921,0.013674573789627682,0.14997791561185778,0.04857877939500809
4.7_-31.2,0.022050204515770305,0.0009043382154440041,0.03502481819535423,0.0031812793372326905
159.0_-0.5,0.06850167965506244,0.01674035261294865,0.24867106211659337,0.08094934598799386
222.0_1.5,0.06805480339727428,0.014293655575263972,0.17890661435268546,0.05540609899968753
48.6_-35.1,0.05455010530315527,0.010680820922544161,0.13956675879526795,0.04088637185514278
172.0_-1.5,0.07374932171638812,0.023896674636698836,0.3414769847059258,0.13038697924472603
349.4_-32.1,0.053075703753974,0.008337193463772463,0.18255874193869448,0.04714029414992299
185.0_1.5,0.026729625623861223,0.0008674184293055047,0.04698707934220171,0.004248439930075314
8.2_-31.2,0.038175486553882663,0.0032788315436682466,0.06818611555600695,0.011507812198675974
178.0_-1.5,0.06487786768855763,0.017141963274932788,0.26997051719023374,0.09258934138914274
17.3_-30.2,0.03707743895646939,0.004576436596010366,0.07764807143066885,0.014540579651076956
130.4_2.5,0.027296704498613943,0.0017420601081012752,0.045457671061578865,0.003223388369485073
348.1_-33.1,0.04466896536176193,0.006565538053734106,0.11097747864275812,0.02531402369379305
53.5_-29.2,0.03678988703983248,0.004481986877118287,0.07806416889291125,0.01318445547354233
342.7_-30.2,0.023763590645795973,-0.0007870949812015502,0.042023111673873195,0.0033693843763262623
214.0_1.5,0.07011569553978039,0.016050616845261833,0.2973206266048151,0.10157770589895528
200.0_0.5,0.03740234452929871,0.004891159942910568,0.07820036330759489,0.014558110625544077
211.6_2.5,0.05571993199231624,0.010869085208328917,0.16322989555891373,0.04631960154328933
170.0_-0.5,0.043980707732179485,0.006806320513229439,0.09000311429461218,0.021264179158916006
37.2_-34.1,0.02083758191160671,0.0019768413682051864,0.03213776134830256,0.0021374677284075544
36.8_-30.2,0.06804401228287563,0.016304855978514828,0.2703749303667387,0.099383601608947
337.2_-34.1,0.04909675683394266,0.007003368442457099,0.11744436158197503,0.029719383982818
204.0_0.5,0.04375832521521302,0.006481242171812697,0.09967658641381383,0.018724199176309565
30.9_-33.1,0.03149287126913223,0.0036146855591556604,0.059812015165833864,0.008611270932643168
177.5_-2.5,0.05823468991104182,0.009339357703931123,0.19404818154990872,0.05434454430856941
176.0_-0.5,0.023894881125679352,0.00014152002508373252,0.04502756810199202,0.004612137291417515
14.7_-28.2,0.04647238987246549,0.007833409323328275,0.11143900611135156,0.026408607743935136
173.5_2.5,0.03498835638099075,0.003363712158238232,0.07085008989878806,0.011016579823206881
223.0_0.5,0.067106319359619,0.015767871005547936,0.2528039897910794,0.08180057438498704
32.6_-31.2,0.042460182065071767,0.003517703999422504,0.07697941346939685,0.01853491028405004
50.1_-31.2,0.024435231695252125,0.0012112591883068442,0.0421715947649055,0.003893236079372652
185.5_-2.5,0.02937657505394783,0.002429544293373408,0.06215894096989929,0.007610080629390777
141.0_-0.5,0.026083737977983877,0.0022213254668679524,0.05516620693306274,0.006789209556373938
217.0_1.5,0.08055645927004322,0.025943497429679985,0.3441986277126704,0.13345218263825967
335.7_-35.1,0.04811192921163044,0.005665028651658015,0.12372058596397965,0.033410091110387834
2.4_-34.1,0.04623274032060868,0.005142028465116639,0.10505017991194081,0.023757244514369107
21.0_-31.2,0.05100652553846212,0.006176863311703032,0.13287750887253622,0.032044469876563425
344.4_-34.1,0.029872356408532183,0.003532909953070981,0.05072435218054219,0.005661648536520848
23.0_-30.2,0.030560489794404594,0.001418676458316006,0.04638114785341329,0.006565252668271875
133.0_1.5,0.04349351385557743,0.00828361001382479,0.11582511702021712,0.022208943332337312
29.6_-29.2,0.07515199253957701,0.022337508695527575,0.27866907874178115,0.09921607558780163
218.6_2.5,0.04406265660939832,0.00551265082689743,0.12818797661692627,0.025687866734061485
357.6_-34.1,0.04807470289500795,0.009376560018884546,0.10533073022124298,0.027487500878701148
19.4_-29.2,0.03295435700147768,0.004654237631574161,0.06192911107683993,0.009734779767844882
9.5_-33.1,0.04981068413995994,0.006485163842120471,0.14407241564365733,0.03698486169808374
138.0_0.5,0.035324091437490684,0.006160032523758688,0.07419453703958785,0.01436162153227369
221.0_0.5,0.07325196507785328,0.019008183449369675,0.3818599920887034,0.14000350388898636
10.8_-34.1,0.050814331383746546,0.00772099918188958,0.14413489480919475,0.03320166356343628
8.1_-30.2,0.04136566276377843,0.004826516701891437,0.08600188395047122,0.01364726440380257
210.0_0.5,0.0406563879663821,0.0043544209442989736,0.08432217712804849,0.017159597289636296
350.7_-31.2,0.03327851457964651,0.004335138821113132,0.07718297437585496,0.011581560801253327
332.7_-29.2,0.021902216315785858,0.0017018236676830964,0.03724995151761272,0.0008312567090065834
26.2_-29.2,0.054626945343019984,0.010257526930530432,0.16241863790191005,0.04296985350498403
343.0_-35.1,0.03305171117232695,0.0019186459041199647,0.06943221605684004,0.010053440897643307
222.0_-0.5,0.05403981027283418,0.006743152119565755,0.15929227475387073,0.04131671402297025
48.7_-33.1,0.0468526469763776,0.0058614288718808515,0.09974224857716166,0.02443497141950155
195.0_-0.5,0.05899176320386817,0.01370593122475535,0.1672633549812377,0.051907966376548355
213.6_2.5,0.03408249737817007,0.002485532180503734,0.07661797676366328,0.011321008497989928
5.7_-29.2,0.04244929819007934,0.007489108311753478,0.11124694420613558,0.028304611846112496
46.3_-28.2,0.020926847475341893,0.001664076768259952,0.030787822213848196,0.004247008419893913
2.3_-30.2,0.021173170869764526,0.00038005200590065244,0.026752286083819347,0.00011542639199781649
183.0_-0.5,0.052334394408800805,0.008061426359239565,0.16834793558931493,0.04493207941483805
52.4_-31.2,0.04249845430763815,0.007957842869734446,0.10845776729768918,0.025794423569280217
354.2_-30.2,0.025824642182007918,0.0011653959757094937,0.0386854083049376,0.0012766336269844428
356.4_-35.1,0.03178301111950925,0.0017575795789944008,0.050322342654944,0.008754654786031012
174.0_-1.5,0.030323032096601355,0.003137727819646151,0.06103100703740075,0.006213101966582016
214.6_-2.5,0.07383295264529716,0.022517041633929136,0.33327274630851567,0.13063371060014017
358.8_-30.2,0.02600999297912363,0.002982337276350262,0.043950184820469064,0.00525914972203778
45.6_-34.1,0.03337446222574716,0.003933594356067886,0.08809576992225886,0.01671193890668721
191.0_-0.5,0.061654228869059774,0.015184515147518205,0.206521340435238,0.05997956605828976
131.0_1.5,0.052071069776407734,0.007951960398687376,0.16902971034839187,0.04750270347510486
17.5_-31.2,0.05963881961924814,0.013412965072099887,0.21002475644797752,0.06243251212258502
175.5_-2.5,0.02452123532097314,0.0014117337723797414,0.042599838714752016,0.0074118354228108274
357.7_-29.2,0.03645716296416279,0.0016182667300734162,0.0772253604280094,0.012327364209589206
347.8_-35.1,0.027400884855465543,0.0015867922711573412,0.046262854978196655,0.006874642169924545
39.2_-33.1,0.05345693437169185,0.00884800881197847,0.17734002618547026,0.05092405369774025
228.0_0.5,0.022770657690569903,-0.0005802705672055578,0.04027711939035159,0.0029476767144333386
211.0_1.5,0.029224098349028487,0.0025602616042349814,0.05281301801524363,0.005844087076853187
337.2_-29.2,0.041281814878308176,0.00485213039276967,0.08422076086231985,0.017333281233120047
27.6_-30.2,0.047467135320655496,0.006077856417407852,0.09873124946236438,0.024209808217690743
355.4_-30.2,0.07351591957705687,0.01818004743390936,0.21632203873217307,0.0759384551924606
336.9_-35.1,0.0473954603074643,0.008240489828680553,0.1287199055771369,0.028643893644409345
222.0_0.5,0.05894138335866575,0.013053923413123532,0.18993893472370554,0.0549772414398901
10.3_-29.2,0.04220387154979823,0.007358149400716977,0.11285209369025549,0.021974231394677055
345.7_-33.1,0.03990841675132015,0.004254413891274859,0.07447608752062077,0.014522757441004562
215.0_-1.5,0.03552978757013225,0.0033523082953540993,0.07641294145832449,0.013686870615206305
341.8_-35.1,0.04308250718639052,0.007886471667831301,0.11589493878988043,0.02675760912050166
172.5_-2.5,0.03410553103145581,0.003194767875624071,0.06086207590379107,0.010443952392339917
345.0_-30.2,0.024742224326673546,0.0020262636888902607,0.044761805341609895,0.004448088238664038
32.1_-33.1,0.03857866886217354,0.005368304450883075,0.08643890307735813,0.017644322900744316
177.5_2.5,0.031390147200567035,0.003132882893702157,0.07645574941407053,0.009934249926304671
1.2_-33.1,0.040656163615072,0.004771468318000524,0.07635393008499365,0.013369547402186927
173.0_0.5,0.08253876992322395,0.026407130001278957,0.49652664418257253,0.28539139528548274
217.0_0.5,0.06569378447465947,0.015795078847083404,0.18444914687914116,0.06314305456971228
47.1_-27.2,0.05771085058994638,0.010970763902665565,0.1664755343800061,0.05175867321327562
177.0_-1.5,0.030276236220402566,0.00250598726567471,0.05957752226150591,0.009141217088235334
229.0_0.5,0.03069622724919243,0.0011710749061165783,0.05150887701446536,0.005871677461292906
336.2_-33.1,0.030887523061664902,0.0021758015970828504,0.0563890330419001,0.007669423529570487
338.6_-33.1,0.05895961290953239,0.012917890609117704,0.20949743059349388,0.057241272687089756
233.0_0.5,0.03373673678847559,0.0024974397976148806,0.06992428094667053,0.010267107941736475
13.5_-28.2,0.04893045491816028,0.009223308359744086,0.13089900606500868,0.03441882990355766
31.8_-32.1,0.025020147588045723,0.0014991538631993775,0.04393160429759241,0.0044626523933926805
28.8_-30.2,0.035213905016113066,0.0036699910128521304,0.07357086932819473,0.009940438393853475
1.2_-32.1,0.038976552103429735,0.004758761465292801,0.1320142344110391,0.023734611989113443
225.0_0.5,0.05527158490336823,0.01014483949631627,0.1803303886522112,0.052067473563299466
186.0_-0.5,0.042539471702775916,0.007144613095582707,0.12721368672175323,0.028701455175932724
224.0_-1.5,0.03906097387919457,0.006404771842991284,0.07347741852803939,0.010908158880688646
22.8_-29.2,0.04007713502287404,0.0037953744988202653,0.08144849756199755,0.018549605159936353
52.9_-30.2,0.0778642489039558,0.022494510090396578,0.17906871349055908,0.07065147990775766
51.9_-28.2,0.04095044254090549,0.007469580353917277,0.08831095926901264,0.01657629439727676
207.0_-0.5,0.05104687865230609,0.010181914474533654,0.11646810925059407,0.030304257485161308
47.1_-32.1,0.028673884794920747,0.002024302287280291,0.05217971692579085,0.006466893124987392
346.6_-35.1,0.019137249782327864,0.00018635050951608221,0.0244174104975959,0.000496532401642117
135.0_0.5,0.04027405231821922,0.005598250574278553,0.11493039629074958,0.024782678375047676
350.8_-30.2,0.0334311480343274,0.0040643630428240105,0.061401695626274955,0.009727044462875768
48.5_-28.2,0.020526167627066976,0.0020968011687903564,0.03907639197599456,0.001090520115581174
133.0_-0.5,0.03533020453035941,0.003158926988455566,0.0738233027853829,0.012549797531026243
10.6_-32.1,0.07509864781910996,0.018712355101324633,0.26069709684719417,0.08862824912830455
51.8_-30.2,0.022048852453917016,0.0022991161746142527,0.040510126887708886,0.006377444780189883
208.0_-0.5,0.0335997436672636,0.0020175292774305183,0.07088131957775792,0.014581309026427174
221.0_-0.5,0.04225762116700642,0.005793797685944938,0.08987245661130583,0.016530661106065825
51.6_-34.1,0.037458460011807325,0.005653164157430723,0.08650837040091115,0.019305412017705335
331.8_-32.1,0.03650731001172362,0.004299455745822585,0.07242539853013705,0.014667407634045357
168.0_0.5,0.038425349859045235,0.0053161358055684015,0.08771775500468594,0.01413187266766581
206.0_-0.5,0.08907279419236758,0.030368126847425778,0.5567945014973562,0.23422646366095304
223.0_-0.5,0.04187681795665241,0.00714759069143063,0.11560772300935045,0.02440475587281953
358.8_-32.1,0.052518285807605924,0.008380422209222417,0.1539609765330818,0.03447230036895349
333.5_-30.2,0.036975321775230205,0.0041973662018752024,0.087579528190356,0.014847529171199003
44.9_-27.2,0.034523528020808776,0.001681511258243539,0.05606845986485949,0.006896217822441398
141.4_2.5,0.040081761636926866,0.005827571882417272,0.10450502258540263,0.02158366801777146
338.4_-34.1,0.04701484434379323,0.005004989478146994,0.1275647373341095,0.026416871032150877
49.9_-35.1,0.01644124834750517,-0.000153710809188807,0.018234887630599047,-0.001103582000268176
137.0_-1.5,0.04766010143814877,0.008737744728372313,0.11929120489488403,0.031499738225444295
221.0_-1.5,0.04368861326118435,0.005270627496969125,0.13139316103783152,0.029293383392003436
163.0_0.5,0.0318545074108675,0.0028853300637709293,0.05678790844342957,0.00944199786150537
181.0_1.5,0.05720938031777204,0.011700367257735465,0.20761184105786612,0.06713741208641982
21.6_-34.1,0.04745803212095529,0.004905049566041273,0.1360135415080509,0.02871550438930407
162.0_-0.5,0.06893350336601908,0.016608087117332988,0.2839120586803849,0.09908073506519553
165.0_-0.5,0.049172539393459586,0.009581122812574292,0.1303038322192753,0.032066207589808216
356.5_-32.1,0.050315239110527654,0.005347614194480561,0.10929889015195202,0.02257771041441275
46.0_-27.2,0.07386151295844592,0.02346368022032387,0.39119757927725096,0.13878385565163254
352.9_-32.1,0.027313371619254873,0.0015014778599770913,0.04580712912804776,0.003764631474659073
139.0_-1.5,0.04253639960968924,0.005956175061980814,0.08215903157889227,0.020221674672724357
332.4_-30.2,0.036661489266123275,0.0056502481342308305,0.08037942008629534,0.010510840413424292
200.0_-0.5,0.05208035314604272,0.011354662056518269,0.15164585131401095,0.037804997046189295
38.8_-32.1,0.028512021081716615,0.0007143988903188439,0.042301877330342116,0.005951135701027632
357.7_-30.2,0.05855120092984261,0.011231859166422265,0.17264995294044502,0.04587192385378234
34.2_-29.2,0.05011734565999413,0.007188020208484722,0.13218933518287002,0.033271337053110125
8.2_-32.1,0.01727568547845231,0.000530406705144441,0.024114957018274763,-0.00035585593414924605
188.0_0.5,0.027270749097975343,-0.0005617096214278165,0.042304509026801086,0.005519929840144092
11.4_-29.2,0.032402491937296246,0.001956305847992731,0.054143006001475466,0.008878786620270019
168.0_-0.5,0.08068952690466613,0.025871942206603514,0.3594251410206896,0.1262582192531984
212.0_0.5,0.07261323443839293,0.022813334268039137,0.372941547529089,0.13688945339151395
341.2_-32.1,0.041145534544701795,0.0038552217028428168,0.07908699016248485,0.01714196234479203
3.6_-35.1,0.0519132684024135,0.008083548885646236,0.15543152288858916,0.04309552058904543
183.5_-2.5,0.03985898323777023,0.00420667524104665,0.07712935708608544,0.013768806669257031
218.6_-2.5,0.06280456891066818,0.012536785245974368,0.2302914207506469,0.07632380741937071
158.0_-0.5,0.05849913262853452,0.009266614831858647,0.20300708503386747,0.060383359753443624
5.8_-31.2,0.019250671422867117,0.0010903031124373983,0.028983409621334152,0.005340434175489448
25.3_-30.2,0.028790160509002738,0.0009165354705815942,0.04117282284867447,0.004173077900249561
355.2_-33.1,0.07136745315104247,0.015641964816004977,0.17278949623898546,0.05615849661300913
11.9_-33.1,0.03197803906465705,0.00431106750796381,0.06429856798334639,0.010899129328664832
189.0_0.5,0.05723648815251778,0.012025717277574552,0.192596298809483,0.05596011015385104
42.4_-32.1,0.039327252378055066,0.0036931751536645767,0.07501054241754099,0.016316140689577853
212.6_-2.5,0.03363764184232226,0.0029078741118746683,0.06078693760243653,0.01029373721017969
179.0_-0.5,0.04673679803213479,0.006987299372686606,0.15041563457393572,0.033789016942727464
5.8_-30.2,0.051870443962098486,0.008869450969937015,0.12576246493744536,0.03276647337126205
134.4_2.5,0.026040918511830123,0.0013170409573281733,0.041289607580355325,0.0024717284534082145
212.6_2.5,0.047103124793552206,0.0074651516152473545,0.14912573684884708,0.029524240878771955
342.2_-33.1,0.03182338530097875,0.003936266779330653,0.05787403234311681,0.010991223021954091
217.0_-1.5,0.054685803584415375,0.00987889036024083,0.16891957599922222,0.044619097716442825
202.0_-0.5,0.10694909560986512,0.04333133149435558,0.6513417095354037,0.2985394494491594
192.0_-0.5,0.06019968264221418,0.011051352983303358,0.1827626928130359,0.056803268000654585
219.0_0.5,0.06795490757131317,0.015493964743248628,0.3215258331221055,0.12413545488585179
45.6_-29.2,0.04389790863214262,0.0038664254102610167,0.09624696375216917,0.018342177565396082
136.0_-1.5,0.047752457093398225,0.005451892055465791,0.1227745458542219,0.02733577588786415
345.6_-34.1,0.02418188302529207,-0.00014547761663887893,0.036204430840253966,0.004500179049191776
138.0_1.5,0.026236863088571812,0.0008349605368744703,0.04549026825474243,0.0024305372722569865
132.0_1.5,0.05541925857805485,0.01172355678979122,0.13060030682445364,0.03824875379727843
330.8_-35.1,0.03580055352242615,0.0035234824494894865,0.07984952806030661,0.013147988622442737
180.5_2.5,0.05232156487049968,0.011322023382038434,0.15990057995028983,0.045546636218696125
137.0_0.5,0.04165254169383803,0.004670794651453216,0.09832581303795795,0.020689879488121725
6.9_-30.2,0.05813807379190419,0.012888748267908255,0.16565865568251406,0.04819066666922595
223.0_-1.5,0.042508849514319914,0.004713966752471429,0.11014168986794262,0.02048566151885466
43.3_-29.2,0.04200417479897489,0.005009943741023089,0.0929297503305723,0.016967555515528726
13.1_-33.1,0.04477811008849163,0.006670701817786735,0.10725061377505606,0.022029871417788355
187.0_0.5,0.055363766415104196,0.010819191858622495,0.16024973413234772,0.04514122970341968
43.2_-34.1,0.03832197808818878,0.0032237703781656316,0.07242880981738394,0.014034780382301104
223.6_-2.5,0.050164175666129046,0.006824066829114345,0.15108823208548833,0.03723687166368775
232.0_-0.5,0.034399531072212525,0.00422954474927297,0.07179912024619742,0.013596913921352753
216.6_-2.5,0.052332384602663914,0.010378934053720661,0.2265998832831605,0.063163290490384
218.0_-0.5,0.061715818848325076,0.011499530119012356,0.22283997450173104,0.07226218462900631
353.9_-35.1,0.02845325160416074,0.0018093849822912703,0.04962926396306098,0.008491774995387481
330.3_-33.1,0.028973446103859667,0.0023849849642250272,0.049225222772179986,0.006243860974276158
46.3_-33.1,0.030967157753453267,0.0033272875723955125,0.06117360728889166,0.007679045308309076
9.2_-30.2,0.04504783839857241,0.0042501750376673225,0.10416497857685479,0.018817899770858557
187.0_-0.5,0.04472309406725103,0.006384631899645456,0.11239908937423047,0.0274641020262843
342.4_-32.1,0.03850665668140073,0.00340220631470562,0.07010947447606761,0.01523790355080529
3.5_-31.2,0.0526207159884831,0.011341472224228641,0.17586494332008162,0.047921960496721414
357.6_-32.1,0.04934429743302852,0.011499093263312703,0.21312655206691927,0.05775400558651212
190.0_-0.5,0.049143177880914685,0.006521736279502314,0.1296292091460232,0.036607384175009944
347.3_-30.2,0.05775773394306402,0.009204919926005495,0.16557010763038382,0.03900713169885924
337.4_-33.1,0.030118285624294923,0.0004551936298780267,0.05723666304181556,0.008053171522424837
217.0_-0.5,0.05291314488800426,0.00861582811278074,0.16537803354162064,0.04412383637989502
140.0_-0.5,0.024072190595320703,0.0015925571432284138,0.04047445635209653,0.005369017377615149
357.6_-35.1,0.022669406950484333,0.0015107295653018792,0.030830177772056284,0.004840821263665774
178.0_1.5,0.0218950847829015,0.0022432562293841474,0.048108401345009724,0.003528054769495112
349.2_-34.1,0.0797572893397438,0.023030910008489298,0.3966605812204386,0.15531786442822645
342.5_-31.2,0.0505701363316788,0.0101635926266142,0.152118249163119,0.038147166976675126
172.0_0.5,0.08034379289455926,0.029272995412270963,0.4147129557442033,0.16929152555671864
358.8_-33.1,0.042266414597254935,0.004594134551571164,0.1093601502544492,0.023356505089852257
140.0_1.5,0.0572954807359345,0.014719823793547832,0.2169613995056093,0.0629397223806807
136.4_2.5,0.05737092222984528,0.008515500080611653,0.1871324991854331,0.05078290892351747
18.6_-31.2,0.023631364936197215,0.0018519741928737185,0.03860371083703173,0.0034333018314931414
175.5_2.5,0.04678045760732375,0.008130102249514843,0.1188357699386794,0.0288101164420793
209.0_0.5,0.03186470123643945,0.0014343749265177687,0.05708798311798446,0.010653720300056891
177.0_0.5,0.06128662242852426,0.01125964359350961,0.2001730630422172,0.05772559586094438
188.0_-0.5,0.02213273938705291,0.0007392634463937734,0.03449120626796973,0.0010846011139988118
348.5_-30.2,0.03251006216754064,0.0023036507743412894,0.05827035304375213,0.009043151420124573
172.0_-0.5,0.06810138113137852,0.020418283759442147,0.38674543735875627,0.13974946618215578
53.5_-33.1,0.038165022559325794,0.002570793214434594,0.07543204448317825,0.017937792874269786
16.3_-31.2,0.07231491188888628,0.022170689390485283,0.41049748784576806,0.16257309639625558
332.0_-35.1,0.025592005560102764,0.001943646208595383,0.0404892914460333,0.0034875385496593355
37.6_-32.1,0.028982746049470078,0.0021863203710985853,0.05545716488228509,0.006932834274366507
193.0_0.5,0.0739993144685227,0.02068019956583024,0.3204569398121642,0.11665244149244394
331.5_-33.1,0.055596209251858236,0.007924122382419251,0.15652716559285243,0.03956646059845971
15.9_-29.2,0.0514794145769644,0.01077698562559782,0.15410796465330145,0.038752450383308455
348.3_-31.2,0.021576158150322364,0.000440099705832915,0.03531433985022791,0.0052421084242897055
46.6_-31.2,0.019909561837580372,0.0013657516223516237,0.042116536131570126,0.0047287360078438504
31.5_-31.2,0.04745049236740245,0.008047966008754048,0.12686747829954775,0.033235351012365986
39.6_-31.2,0.03997644777374053,0.006030629003677755,0.09842333076795735,0.019614379126864766
177.0_1.5,0.04480228653201329,0.005986102512248058,0.12935926361446182,0.02688704928011455
173.5_-2.5,0.053313241845224756,0.00827024137158024,0.20107303093104067,0.055430642395868646
182.0_-0.5,0.09372796354020808,0.032051574618767724,0.577985827870117,0.2565216352056391
236.0_-0.5,0.028740296677872618,0.0016681836074024122,0.05877509615406486,0.006461826097043266
349.1_-35.1,0.05588511969897704,0.011318539971422783,0.15393071266016065,0.04281586030822964
176.5_-2.5,0.04159729260456469,0.006877382851079172,0.11548453008512632,0.022885701881206966
342.0_-34.1,0.047611945165182024,0.007257093656507977,0.11531376232915909,0.028268851629509192
141.0_1.5,0.024752149035542795,-0.000302915733052403,0.04225462988700158,0.004516774882333053
192.0_0.5,0.07195165159540268,0.019294377481944264,0.2700868757802958,0.09020186603893549
44.9_-30.2,0.08521544129424977,0.027150408457472516,0.44504136757129226,0.17166287140686243
166.0_-0.5,0.05015408410962546,0.006537460807947873,0.15844479519850227,0.04286115323456507
197.0_0.5,0.0775040493924747,0.02304536097552647,0.3778269597365833,0.13201745518263908
219.0_1.5,0.030672987067836173,0.0015279925749153301,0.05033349137285996,0.005345838502251327
21.4_-28.2,0.008333367204996773,-0.00026482429830156984,0.012352484696070217,-0.0005558162526138967
180.5_-2.5,0.02404435720914478,0.0010608180199120848,0.04423200524363145,0.004459314127896247
44.4_-34.1,0.027088575764605303,0.0017908275930634168,0.037086423384786966,0.004427998575608766
341.4_-31.2,0.028097023961497162,0.0018029824279550133,0.05125781665577548,0.005449339095852708
18.1_-28.2,0.034662321651853865,0.0034807174376885355,0.06728631597322672,0.009739709639933859
35.3_-29.2,0.04614308033225377,0.006091660717695958,0.1147531013877594,0.0276234220171828
30.3_-31.2,0.022685457317218872,0.001180389289520328,0.03639600354033614,0.0033534748434697575
41.2_-32.1,0.024466970448728684,0.0011557459714523362,0.03517619207892238,0.003592947602926031
4.8_-34.1,0.07130418982147461,0.02209233657879199,0.3016089225227269,0.10302022193011488
193.0_-0.5,0.034565999563183354,0.0029542606876416175,0.0721744673438032,0.011418569597748672
356.6_-29.2,0.028518746486116377,0.0018731831056470187,0.049193595005491565,0.0068707522317558445
353.2_-29.2,0.03174368278279801,0.0013169253816968528,0.06072190783523462,0.009104769629216143
195.0_0.5,0.04173710576190275,0.005184926612362272,0.08550654805562852,0.018828726482962986
50.5_-27.2,0.10267106578733792,0.03659339892367716,0.44346620174490514,0.18402972023224365
346.2_-30.2,0.08626397478603556,0.027013212524979034,0.3825863608412732,0.14805802011535307
52.7_-27.2,0.03857197815780715,0.0034653197412053494,0.0702282557209893,0.01207903021217162
13.2_-34.1,0.04996161181362483,0.006903249184044147,0.1408101714298528,0.03242853352169315
331.5_-29.2,0.05497940182163127,0.009549666814958299,0.14320254928488987,0.03955164391147275
352.0_-29.2,0.04897580340829431,0.0067569630234405095,0.11517825597541634,0.02870007476973379
1.2_-30.2,0.02260781354178174,0.0009525892550145789,0.037169995782321184,0.004371225711903488
49.3_-27.2,0.03775377898038614,0.002173649415344306,0.07782477004491684,0.015508541423072973
32.4_-34.1,0.026597384240182445,0.0008034801135446745,0.046115256270182724,0.006389360462454351
166.0_0.5,0.03957412767056642,0.004871362886207863,0.0824782054518183,0.016557389702584274
212.0_1.5,0.03593911865487271,0.003473790150019283,0.08490093195627044,0.013459429455443867
41.0_-29.2,0.026632614341047387,0.0023411826194037933,0.03964185913167845,0.005437191904835318
4.6_-29.2,0.0759011636314556,0.025769568193430754,0.37183310386343504,0.1448815318838249
343.2_-34.1,0.024598258726120842,0.0023780555248313177,0.0363589054327763,0.0045357374176806554
185.0_-0.5,0.08091463725940666,0.025074028692500003,0.4030529777141551,0.379035114798555
330.0_-34.1,0.03054347409693905,0.0008681384554041301,0.058502954857925574,0.006292591846730231
331.2_-30.2,0.028319185094604,0.0024169386186693666,0.04814679401185831,0.004879874267690433
175.0_1.5,0.029896382178910136,0.0029357439019754425,0.05367680240308924,0.00674146465812123
337.9_-31.2,0.04679982791792185,0.007421777964896547,0.13583743897319472,0.03389010764196505
213.0_0.5,0.03999058730907228,0.005841642651162588,0.10694882266935551,0.023765777797997104
53.5_-35.1,0.030328591859280062,0.0008906320918721845,0.049539771207799815,0.006960577642785806
163.0_-0.5,0.0469723153857785,0.007954713570159396,0.1267273520016374,0.030145425316403275
2.3_-31.2,0.038451743267196595,0.004036195579666996,0.07985354775918793,0.018395191336991253
9.4_-32.1,0.03751921535411211,0.0023490724607523493,0.07687612140318013,0.013324799494550869
330.6_-32.1,0.047683034551433155,0.009235950714683281,0.10364974200197391,0.02841576433141835
15.0_-30.2,0.027477650385185674,0.0011320696060783282,0.05620195782800843,0.00454317012760519
205.0_-0.5,0.07517584388145972,0.018785502419145547,0.2565943635298028,0.0859390507442849
211.0_-0.5,0.04002493641184743,0.0037449967695736513,0.08118574382116982,0.01600257484203233
219.6_2.5,0.03197447397193053,0.0012941517727648548,0.06931425560651723,0.01083613225303595
129.4_2.5,0.05705695479627187,0.010943731936031972,0.2122197381886981,0.06037225514473371
184.5_2.5,0.02950803641035813,0.0023442359773671287,0.05646174462004417,0.009381955711868221
224.6_2.5,0.04164716723298061,0.005415961416181255,0.08131835548513966,0.01902477275122393
213.6_-2.5,0.030463308203732158,0.0007123990429946083,0.052576805809560034,0.008168067784780068
225.0_-0.5,0.03743210966317038,0.004450163980237191,0.0899427627610002,0.016581230652086762
36.0_-34.1,0.0515471053171014,0.008287256047726755,0.14216815206535494,0.03225622083212115
178.0_0.5,0.04608623302087429,0.007342298464545589,0.12494074866976586,0.024983105489250784
201.0_0.5,0.045486184041359984,0.0078110062380677,0.09400275095477868,0.021131318511951398
130.0_0.5,0.018608907802207874,0.0006598521581160916,0.027561843414329892,0.0007925400064079077
199.0_-0.5,0.0676991194427642,0.01431416347062594,0.26416727206935947,0.09080546396899424
349.3_-33.1,0.025005333309769805,-0.00024110347125889112,0.04057056997098972,0.006373415089313901
12.7_-30.2,0.0809680722419277,0.0294934021351692,0.40369392177430796,0.15444554242070624
167.0_0.5,0.05604139137200573,0.00834919950359234,0.1610236027374847,0.04308666792216461
38.4_-31.2,0.03553948266596951,0.00358735276603775,0.0770923276268321,0.014043020643797977
334.1_-32.1,0.0396262378892532,0.003673745512679577,0.07842353433662791,0.01666458557724159
339.6_-34.1,0.029948677763567372,0.003403608749042416,0.04614348646591647,0.005589806125114721
130.0_1.5,0.020937081337663695,0.00010163069811952096,0.034648443756339804,0.0015482355453524297
216.0_1.5,0.0555850902612347,0.010295960976099175,0.1929670475565559,0.058766233351758713
46.2_-35.1,0.03745353377130414,0.00238468192551371,0.07423699451417318,0.014580750352417592
1.1_-29.2,0.04059169644770317,0.006726286208280852,0.09892400030779488,0.01997140072331798
176.0_0.5,0.05888375419871963,0.009796427845136369,0.18144341342557954,0.05289068343305903
344.2_-35.1,0.02376223453170368,0.0021155206174762373,0.04262932158005742,0.004334697552867799
222.0_-1.5,0.06672218051301584,0.015047057581589428,0.2740756388570502,0.08923564980006898
332.7_-33.1,0.020133949254948096,0.0012425798243008946,0.031687799904237375,0.0017619643060135983
37.6_-29.2,0.054816301374540785,0.007484800671836813,0.15550116559528296,0.04152940196207627
8.3_-33.1,0.03603490631497611,0.006177992588319716,0.08359078705644159,0.016794094703647143
352.7_-35.1,0.03992237678820281,0.006474581043552984,0.0949683848760721,0.019034377603112818
39.1_-30.2,0.04611612280034518,0.007008978022762149,0.12791552759567046,0.03168851422295628
235.0_-0.5,0.039289554258158166,0.00464656911621953,0.12014988634814763,0.024141535825122417
41.6_-33.1,0.033383509232979204,0.0004031844702246746,0.05880421529510958,0.007616380844866828
36.8_-33.1,0.037693853243018834,0.0046079622700529906,0.0890061254889026,0.016886514529372777
332.9_-32.1,0.03797326109906859,0.005444184540408451,0.07580421058780491,0.012521609964992927
8.4_-34.1,0.05095306953245408,0.009314675335447144,0.14241658621826475,0.035788574207922044
220.0_-1.5,0.0410810585712203,0.0037886027418034224,0.10979337508500073,0.020182729891801972
184.0_1.5,0.05662827817173942,0.011144279442492324,0.1770044426619498,0.04699789959291911
338.1_-35.1,0.023539250458380557,0.002016228836592163,0.039097643399055686,0.004408835575050975
14.4_-34.1,0.026185725933917617,0.0021147027329985425,0.0418914238986365,0.0044948424448026615
52.8_-34.1,0.02522068450482481,-0.0003459161062680992,0.05447003682550787,0.0068238854755767716
129.0_-0.5,0.02804287704361117,0.0034354677526736463,0.059926694289108434,0.009945527772143845
157.0_-0.5,0.031085418895821466,0.0032933590873087328,0.06433685150790056,0.008908893645954966
134.0_-0.5,0.020269428045102615,0.0021715224478502243,0.029208203581769832,0.00189993893692951
336.7_-31.2,0.0465664274331387,0.004832183394393871,0.11920456091317189,0.027543998888433802
139.0_-0.5,0.04260138124331926,0.005030160297614033,0.10458261145223319,0.021909962453313697
173.0_1.5,0.03912611909956108,0.005898249012075089,0.08745243205690523,0.015301237717015288
41.4_-30.2,0.030802298349300292,0.00248355388915466,0.07536691336625193,0.011506311936230551
33.6_-34.1,0.028538515338937656,0.00216573289434949,0.04629823043179843,0.0031687356390439074
140.0_-1.5,0.062230180973878245,0.011989564306194763,0.21969381662772786,0.06910202078898146
4.7_-32.1,0.048393929733210474,0.005535058391915495,0.13632640522410705,0.035746281618004784
220.6_-2.5,0.03138201189774845,0.0028118730640157817,0.0757742926253418,0.011925956979552744
176.0_-1.5,0.07307203460524594,0.02377897294493425,0.28729788974294423,0.0993044068503513
185.5_2.5,0.06521669419397941,0.01730037230982092,0.2784077305049773,0.08562705775603915
26.5_-30.2,0.05195665605151822,0.008611373868729792,0.13270283234105212,0.03383046066470434
52.3_-35.1,0.035646968661322845,0.0035564992098453684,0.08212455746753813,0.014704701028798336
134.0_0.5,0.027833683298812514,0.0014112235739072857,0.049883052761937385,0.006973925156151453
17.6_-32.1,0.0506870601280452,0.011038491821326487,0.1233959192428524,0.031437909071751834
130.0_-0.5,0.03377168880207611,0.005135353932212474,0.06540517761816883,0.011463398631507866
347.5_-29.2,0.03482783302751938,0.003295682990669886,0.06588384778067201,0.012089501344191799
222.6_2.5,0.04151186878982655,0.006583117092606731,0.11711281546251244,0.024600356123230492
51.1_-35.1,0.039846138120435234,0.004497260903876658,0.06967372511434829,0.01477486832814188
176.0_1.5,0.0501696826714982,0.006691320013123851,0.1441848724310334,0.038362273997559364
226.0_-0.5,0.060187443976717,0.010546560312255298,0.1971252517395644,0.06359644229821951
135.0_1.5,0.02190902472526492,0.0007660793861214894,0.03112871675783517,0.0006973270388323831
339.3_-35.1,0.02809678931113337,0.002002962171256865,0.052866431050179456,0.005965220341449475
214.0_-0.5,0.054486691180432985,0.007916301033663031,0.12955454309996814,0.033727409428808086
186.0_-1.5,0.023359895207946912,0.0014307545963480317,0.037534018781650545,0.004702067791767293
10.5_-31.2,0.03478814006317371,0.003169613561243379,0.07213271480504276,0.011742851456246255
216.0_-1.5,0.02304536294560072,0.0002547484245353392,0.04447794820832383,0.004829306642253439
38.7_-29.2,0.03593008392760247,0.004276664696481258,0.07107394582665102,0.011150621049776729
34.5_-30.2,0.058810990317839915,0.013233033780979222,0.18829206326060333,0.059998583864325765
350.3_-35.1,0.027493035451342473,0.0017413303021859997,0.050385306501742846,0.005344163896313059
351.7_-33.1,0.031539172286348734,0.001199784866161828,0.060415548505716926,0.010019562042079034
358.8_-34.1,0.0580546171152257,0.011029967465660073,0.12365969794414203,0.034122191570895875
11.7_-31.2,0.03547931316511315,0.003394038672673154,0.0830448510670676,0.014379731426180348
351.6_-34.1,0.06245932772886039,0.012207873038981814,0.21770765780507445,0.06679088020955695
42.2_-29.2,0.024801739293511885,0.001743700159407848,0.04420617347872419,0.004528073448282671
135.0_-1.5,0.05058381040529611,0.008036802507262453,0.12235314224777957,0.03569424011175792
3.5_-30.2,0.02757015400149226,0.0012895874029886013,0.04295334522035735,0.005388358960742581
340.6_-29.2,0.04059672839976853,0.004714082592879928,0.07450444028832232,0.01494371390788775
131.0_0.5,0.027866310063510286,0.001975471019089351,0.04701621718274672,0.005009773798671837
346.8_-34.1,0.07792886747403517,0.02018267814506915,0.3482481552841812,0.12862262758995643
346.3_-29.2,0.024601744427468857,3.095918940003856e-05,0.04029766232313633,0.004688985515351475
174.0_1.5,0.022992554969290604,0.0009135789627591334,0.03477101737421209,0.003366394794514539
340.5_-35.1,0.04014097538615233,0.0038569878726818696,0.08678279665990322,0.01719400652606566
18.2_-29.2,0.03141567621885712,0.0016372708687065138,0.060065027968947395,0.008381589693834334
185.0_0.5,0.05181394771655179,0.008679621784958331,0.1377315642022238,0.03875771163472234
208.0_0.5,0.054092275237774434,0.009888405631029024,0.14905614895217942,0.042198547968858496
216.6_2.5,0.035310786629717594,0.0033208465934060727,0.08202978876649326,0.015033881573996342
171.0_0.5,0.07699252365009482,0.026447748171931486,0.37938752131365766,0.1474772580697409
29.1_-31.2,0.016823994676975824,0.000370531979937244,0.028939657891082503,-4.455782415933285e-05
339.0_-31.2,0.06426462741538476,0.013757153571942736,0.21531689609838925,0.06699500921689233
132.0_-1.5,0.049240567473477485,0.007011070949777296,0.11766442997063294,0.030917264121536083
179.5_-2.5,0.04383706960978424,0.004535975121464022,0.11165241873598541,0.024416377810140055
191.0_0.5,0.08311432503796684,0.025090343339504495,0.29831386171751445,0.11464270951683721
347.1_-32.1,0.0529008963033231,0.01174516094293277,0.16405615508853272,0.0443934481481665
186.5_-2.5,0.04496802880124801,0.006384593891663435,0.11917005198423043,0.025999613820719157
43.5_-32.1,0.041533778666060256,0.004556248062531459,0.09927572764047791,0.019807659940713335
39.9_-29.2,0.038755924523758464,0.003343790733175763,0.07583170233167051,0.014194380672966639
15.6_-34.1,0.031256627035036066,0.0021876482863974426,0.062074292535636434,0.009205324292943896
196.0_0.5,0.031856804481424965,0.0018292255150342662,0.0520097432286987,0.008176003927503056
182.5_2.5,0.026904089020346748,0.0016305427879806777,0.05527932012350768,0.005054696114787961
172.5_2.5,0.05224489076647464,0.009883985341093181,0.15993990314346124,0.04197404958786326
42.8_-33.1,0.02966085787036321,0.0020560091338923223,0.06451201656551443,0.009074718660542255
174.0_0.5,0.033018808500988726,0.0022242098735881046,0.06741857765701927,0.00828923355596456
217.6_-2.5,0.03022090334565585,0.00024092996787218764,0.05494973892657963,0.009191372354006777
20.0_-32.1,0.051460718982753964,0.010889887382133381,0.14409718003689687,0.038864912047879785
350.6_-32.1,0.07145852476417751,0.019732940810044747,0.2358549257646327,0.07873414079591672
140.4_2.5,0.036294642897371554,0.0032533644281799684,0.08213641074697071,0.017779047928886658
7.1_-32.1,0.03566047959663024,0.0013291929801673354,0.06482082893643365,0.011435201415075109
348.2_-32.1,0.0219122474063677,0.0007205187735168684,0.032276028572653444,0.0036252753125161057
32.2_-30.2,0.04178259202928111,0.0046864759926301194,0.09558329636394489,0.022853327627757908
33.4_-30.2,0.057110667194870755,0.01145472475788294,0.19281732205247304,0.0572815524024356
337.6_-32.1,0.03354495864702815,0.0028179463629271354,0.06077761302307786,0.011101259154977072
14.3_-33.1,0.0381231214021983,0.0051192071379665355,0.08512075662894775,0.015755060679904273
216.0_-0.5,0.09075484274950997,0.03015735148564826,0.489563341749011,0.2040624929313529
132.4_2.5,0.03116136742967123,0.0009944125314627372,0.053904178563282626,0.007925467607998126
356.4_-33.1,0.03869046723006861,0.005572800158964944,0.08538575769401964,0.0143151222103217
42.6_-30.2,0.026372618647901,0.003163187572948445,0.047692567698412375,0.0030209459292928585
19.0_-33.1,0.07805047405700992,0.0229120900223482,0.27793351030505753,0.10237017783618552
345.9_-32.1,0.027900532878358048,0.002925967501518125,0.04372303064144136,0.00659550884001419
330.9_-31.2,0.04542481358433201,0.004365832990385575,0.10503715446508086,0.02452845189594982
50.1_-29.2,0.0639687354621511,0.012604727543288584,0.2742310336049603,0.09484208362258614
167.0_-0.5,0.036113338609675,0.004188277756155732,0.07873919783216823,0.013725443041225176
335.3_-32.1,0.022597493202593952,0.001094274887586119,0.03141420878816975,0.003293181464292109
169.0_0.5,0.03082298917663506,0.003186984104875381,0.0612475895028088,0.009474302003856683
213.0_-0.5,0.03472520086492397,0.00524585041293197,0.08261197530977768,0.0134275314990449
334.5_-35.1,0.01916233657789846,0.0006321122764821118,0.03160748447194035,0.0023217223727367265
5.9_-33.1,0.03302874637266047,0.002645547949934988,0.05767050033591563,0.008697669796648802
33.3_-33.1,0.03711690769978204,0.0023532124696217264,0.07210255672778813,0.013545951219764311
7.0_-31.2,0.03583289332075318,0.004094280990590954,0.07044331942834685,0.011318709108245891
22.6_-28.2,0.05111488251872468,0.0077355381608092055,0.14347072496901822,0.04088363585801222
6.8_-28.2,0.022233942369141876,0.0009865855993444533,0.03446163975088703,0.004556990128116239
175.0_-1.5,0.04523427675879928,0.0067593954057147895,0.12612030178369044,0.02871399888905104
3.6_-34.1,0.032145319507682964,0.002109344601374702,0.062054004681166855,0.007021750299708918
179.0_0.5,0.06117990933769748,0.014256988176506929,0.23188443259968491,0.07274919769992229
175.0_0.5,0.03566573888277548,0.003301184542688718,0.08228583567675696,0.016120659873238238
216.0_0.5,0.03556757158965048,0.001878668977823068,0.08023101265588205,0.015183648538157807
355.3_-32.1,0.04876388123361085,0.009063040303631855,0.13700312113642948,0.038549027482504106
20.7_-30.2,0.03411088623302935,0.002247525592796088,0.07317388420138263,0.011588985426808095
229.0_-0.5,0.02235501289907527,0.0006027785820735155,0.03669455340848193,0.0033219993783168223
20.5_-29.2,0.022122055871656467,0.00037477808715298685,0.038215253001404596,0.004064669945873216
34.1_-32.1,0.05171582842532632,0.00746888418736757,0.17930195116746958,0.04934299704086488
218.0_1.5,0.026268279094705648,0.0027059971767149356,0.04800839780029818,0.00659447053259607
358.8_-31.2,0.051587948197366805,0.007911771435176003,0.15111503611482083,0.03551889027700005
44.3_-31.2,0.04972647317151605,0.0065415233258522,0.13913452643227786,0.03366246908452425
210.6_-2.5,0.02899269913083334,0.0013316050681765094,0.06999357093777844,0.011163426241624754
335.8_-30.2,0.02846573535166157,0.0016827734935455098,0.051745898190996925,0.00560901991276413
162.0_0.5,0.025053921846280063,0.0024977230770464967,0.04328313939242843,0.006314721597723568
50.6_-32.1,0.020097170823895658,0.0006776278182895647,0.03643435677524044,0.0014744949458856806
137.0_1.5,0.05720376559288629,0.00851675007216104,0.18719509572739787,0.05317307144140684
221.6_2.5,0.06158592358511534,0.011544836278072831,0.2236597483518505,0.06947290943585374
34.5_-33.1,0.033248459352743724,0.0020239179986771116,0.06720816828064143,0.012853466542124459
210.6_2.5,0.07365337213501591,0.019219896974324698,0.276955468967819,0.09428800204367814
173.0_-0.5,0.0546351894799631,0.0105507603377138,0.15053884485217717,0.04024175908311671
37.3_-31.2,0.03162988663216272,0.0030528814622966896,0.07474677512037943,0.010634586461770647
172.0_1.5,0.0380483497864992,0.0022535791042060946,0.08723614658964228,0.013678563589547147
184.5_-2.5,0.03414996223167825,0.0021058788949221544,0.0747289003630196,0.015701332935673943
351.8_-31.2,0.042604890396161166,0.007207810783945613,0.12652859354285678,0.028932005047236965
350.4_-34.1,0.04158889315971055,0.00471848986202165,0.09418524367693867,0.018594205083844597
34.8_-34.1,0.02853067708692803,0.0012486962623410563,0.055428963144682326,0.007427871417373136
49.4_-32.1,0.01880224232975134,0.0015733430795301798,0.028095301210430045,0.0040148653903637485
339.8_-33.1,0.03095063045533204,0.0033112033653767323,0.05554109440971321,0.00789284437993301
133.4_2.5,0.051357987054346535,0.007126097631348094,0.16714478345936223,0.04502670403468878
161.0_-0.5,0.0447174885382125,0.008917200768990418,0.12699939544948607,0.03130243910707322
215.6_-2.5,0.05227041910182735,0.00771173685973039,0.18400582279494157,0.050347917000159996
17.1_-29.2,0.048149270338868136,0.009971647909306687,0.18512615777010147,0.0967869993841707
197.0_-0.5,0.03960602781938324,0.00406394139820787,0.08104253163727115,0.013712695616428967
209.0_-0.5,0.041393884399188965,0.0048537481044805516,0.08732816122384432,0.019330183684066568
203.0_-0.5,0.03136114758081539,0.0018936862213636454,0.051457375648423,0.008196577068746
138.0_-1.5,0.08897401707995271,0.028475460575510852,0.45510996242936597,0.19557893230670387
15.4_-33.1,0.0600608727670714,0.010918978003034744,0.1759880279338248,0.04916212720843304
223.6_2.5,0.056774337927423764,0.011878696120049518,0.16311974732383563,0.04768258469702604
49.9_-33.1,0.02432891717379553,-0.0002353254442811231,0.04519088043075262,0.0012116386328811016
48.2_-32.1,0.052066545326153575,0.009723309755751256,0.1070750330638112,0.02854548919596295
135.4_2.5,0.04311294795862803,0.005747708031751771,0.1029058070530011,0.022224079030531297
179.0_1.5,0.054188310365163306,0.008720124454844906,0.14848778684487438,0.04348211578725497
351.5_-35.1,0.021017453434566853,0.0019330150526123174,0.039805902898125745,0.00346859983985781
182.0_0.5,0.04310338522030648,0.004941066248832002,0.12598120182285744,0.02615559828112878
230.0_0.5,0.029553651624714846,0.0022445361970035525,0.05420982912760303,0.01188054638101866
220.0_0.5,0.03344523216578072,0.0016913283841505657,0.07919284284579436,0.013109192391881325
15.1_-31.2,0.01562156755160614,0.001317038431161084,0.028412785522899487,-0.0015633719026560196
17.8_-33.1,0.046282524141111954,0.006040888597223001,0.09179314622795905,0.018775133263668704
46.8_-34.1,0.034180221444546514,0.0030983022208031295,0.06652250621562394,0.010605637974764425
215.0_0.5,0.023453897220787768,0.003086655485050818,0.04307942195343631,0.003984095860127461
134.0_1.5,0.027545560636197487,-0.0002943437160146471,0.046678647111489016,0.004581461963928065
333.6_-34.1,0.01922968168854971,-0.00012278062199226955,0.028435274974235675,-2.0393228878800765e-05
334.9_-29.2,0.042860663811128186,0.0034502317484983113,0.08327857714364884,0.01891211743302966
335.5_-31.2,0.04732203268602642,0.0058123179759094895,0.11038697590714604,0.02469995992933218
349.7_-29.2,0.025830566390837827,0.0003757136267971634,0.03886338890952851,0.005351666686640533
5.9_-32.1,0.06472407279978887,0.01796254257547397,0.19515991767902466,0.059364208035085346
169.0_-0.5,0.03618990285197086,0.003342384317758502,0.08873698932780147,0.014487702651305544
345.2_-29.2,0.044557995284295646,0.0034087409246112343,0.11414732329201954,0.025414833632127726
159.0_0.5,0.04197456306178902,0.005520642488198699,0.08965259844887019,0.01708108743225558
219.0_-1.5,0.03008773569154393,0.0012557634457246105,0.04883252192069598,0.005131166840667178
184.0_-0.5,0.05845950516302952,0.015548984683447202,0.21539601528611507,0.062201833334720937
220.0_-0.5,0.03446679244376199,0.005161784159236289,0.0806693245172911,0.015541782770350194
355.2_-34.1,0.029106518609367613,0.0026513381823915607,0.053362343968380244,0.008333781433105964
333.9_-33.1,0.0392959936199954,0.0029357839306660806,0.09100196469764096,0.01927922730704248
331.2_-34.1,0.043434731077103036,0.008226810703335726,0.11277635447858711,0.027365888674309585
222.6_-2.5,0.053429240294462915,0.008528977593387402,0.191940213792451,0.05376447472283431
47.4_-35.1,0.06365462988461539,0.016300142937697732,0.22560118782968572,0.0732801444717066
196.0_-0.5,0.06861474762819675,0.016487198963406623,0.265128645233023,0.09164781815003721
45.9_-32.1,0.050734516628871226,0.00750809664097441,0.14689151986908203,0.038174643648252196
181.5_2.5,0.04875188693405939,0.009423691174032129,0.1215232480556081,0.031498650626885887
131.0_-1.5,0.03253959329833136,0.0028067777845050385,0.046767743729016535,0.005602720099223769
9.0_-28.2,0.02404781230471471,-0.0003342784644453199,0.037916101705740855,0.0034709739348470804
1.2_-35.1,0.03809204613874246,0.0054662961172391,0.07757612162784212,0.014401998429368044
177.0_-0.5,0.03524494267116648,0.0037872234187275376,0.0640687519073141,0.01126803166969283
183.0_-1.5,0.05317988211764293,0.009576893367549211,0.14036607780218588,0.029373151724286346
16.8_-34.1,0.022841031642784414,0.001078456501448425,0.03371420144302603,0.001946851600564161
181.0_-0.5,0.02918404560463789,0.00037736748338846113,0.05218122946160982,0.005784431554462271
211.6_-2.5,0.029904057579972963,0.0016690899439686078,0.05298481461756298,0.008492498506961807
49.2_-34.1,0.0762059949221265,0.019364128993141095,0.25604543504947264,0.09353970390309554
350.5_-33.1,0.028842936213816395,0.0002639657634325824,0.04495258814348888,0.006644753954929023
211.0_0.5,0.06075510205524833,0.013021122462761924,0.1756946964596185,0.05709055416683742
224.6_-2.5,0.05076886832862158,0.01061209629058506,0.1358982082211779,0.03330480639130992
139.0_0.5,0.0250128833072928,0.0018922919544967025,0.043950184727634456,0.006174377063159143
354.1_-33.1,0.03958635406122618,0.00310963988363927,0.09480759662413966,0.018015227044432425
18.0_-34.1,0.03327485678924018,0.0020495177104442775,0.06601540454178179,0.010593160123593614
220.0_1.5,0.02698407047825444,0.001373495154607175,0.04289453000473921,0.0038868670165996956
11.5_-30.2,0.019519382674393536,-0.00034138452056207757,0.02463639945793115,0.0025386791518010217
215.6_2.5,0.04052965597451593,0.0024257530796746272,0.07251353594397161,0.010535327094839115
9.1_-29.2,0.02821926347368872,0.0014427201540615354,0.04921580573243402,0.007470366938273757
330.1_-30.2,0.02200998907599927,-0.0005509378351708329,0.026013016173057877,0.0015962463285826194
8.0_-29.2,0.036973189148105635,0.004005833423743872,0.08673260178185678,0.01590565301073382
50.8_-28.2,0.0637851356651696,0.013128700633494817,0.22791564326247146,0.07343101549928001
236.0_0.5,0.04350304286748316,0.005672116842075887,0.10603246719955989,0.025156575329236326
341.6_-30.2,0.025952786823813224,0.0030406898475990158,0.045110825198468284,0.005776238341983132
16.6_-33.1,0.028047618752414964,0.002217276572706022,0.042941624510381145,0.006041820705941801
343.9_-30.2,0.024973400410448134,0.002026234729617324,0.05260365117926215,0.006462121264554721
134.0_-1.5,0.03364618548766468,0.002150041331530987,0.07030349926583788,0.013303933009112652
48.9_-31.2,0.03773180786757581,0.004548523313670739,0.08521467031303558,0.02026282772051596
207.0_0.5,0.05244297518526726,0.007246037600624021,0.10440316076548348,0.030512109274842186
187.0_-1.5,0.03008917590426226,0.00027080502282306396,0.06436650293060872,0.009025509544615569
348.6_-29.2,0.03932805338661745,0.0032819937315902233,0.0853787159939723,0.01702892058234816
346.9_-33.1,0.037768767070544246,0.00468048754075875,0.08684636726764446,0.017627791449402644
234.0_-0.5,0.04949764046276532,0.009516777968945655,0.14043772154910947,0.035860181138028045
40.4_-33.1,0.027486451178017113,0.0010729177287107387,0.053575354643371424,0.007469525380496943
20.3_-28.2,0.03829185152074558,0.0030955175708897694,0.07317212538078853,0.0144690744292188
174.5_-2.5,0.026584901176872674,0.0005294468322819756,0.04679061797133144,0.004013116756156894
51.3_-29.2,0.06258445332686359,0.01299717883827639,0.19438229690434727,0.06177190942248367
51.3_-31.2,0.021649521064877778,0.0015708599572443259,0.035189307036293006,0.0014434664487923033
224.0_0.5,0.037691535445762314,0.003920509144272981,0.10124574874726187,0.01878573410759649
184.0_-1.5,0.05057430247033051,0.009240231553465204,0.20819691850460162,0.051086313456932445
335.0_-33.1,0.03653432114468533,0.004325627549793951,0.06730729388880047,0.011756316988444857
180.0_0.5,0.03378249333151911,0.0016593085104831802,0.08096388527535148,0.014715700647683518
7.2_-34.1,0.02874996646883515,0.0038608543768470296,0.062399773606263385,0.009535263968807953
133.0_0.5,0.08388653435920297,0.024979657491855142,0.3706549848966043,0.14221248741383688
184.0_0.5,0.07161751451665717,0.018976654154435366,0.27250835567732956,0.08777059334637544
182.0_1.5,0.04324658336743931,0.006208243129542029,0.09599749777299241,0.02087976026831876
198.0_0.5,0.025610334677164615,0.0014783268024077814,0.03189838716951906,0.0031265406546191876
19.2_-28.2,0.02570399230946603,0.000747690793420609,0.0436762632633374,0.004489129628255711
49.5_-30.2,0.03251055493577318,0.002142597437662027,0.06384234360061845,0.008171599658500383
190.0_0.5,0.05868428129100201,0.012807962435058558,0.19380309120953934,0.057962043347677496
183.0_0.5,0.06116573619312409,0.012849589688546926,0.20849565206903609,0.05842440699459512
12.8_-31.2,0.02109817323394641,0.0020567154580219842,0.03226660600869348,0.0018339559068661776
231.0_-0.5,0.039724488255839296,0.0031359432145780584,0.09766723223730615,0.01762325945666284
180.0_1.5,0.027460068137105612,0.0008419316568696912,0.05053813843758125,0.007456132760330451
180.0_-0.5,0.06329161697985998,0.0161148558169308,0.22846140443056515,0.07481931014361978
333.2_-35.1,0.038549704358516776,0.002530639467469921,0.08909317194024542,0.017947355973340653
206.0_0.5,0.05241467863036234,0.011544205673843563,0.1632599314292535,0.044765295610285555
29.9_-30.2,0.01236643090402281,0.0011179150050892133,0.02129766989508032,-0.001391609112462594
230.0_-0.5,0.07112935609770331,0.018696450554459246,0.27922923557409723,0.10471405028342251
12.5_-29.2,0.026702360030816698,0.0005776180452997123,0.05247008412673328,0.0051516628360286105
349.5_-31.2,0.036324642453361276,0.004122464298030813,0.06843304539427406,0.012595567552636416
213.0_-1.5,0.05040113241967449,0.006774248325566753,0.16395078150981046,0.04128617924296852
187.0_1.5,0.029063819426322794,0.0017676968951205734,0.05620305518479137,0.006469317429021175
20.4_-34.1,0.027409047772967866,0.004117658780633563,0.04057538988283939,0.004801530807820701
176.5_2.5,0.04807732364032644,0.005096234658231182,0.15420108310580738,0.041156870560896015
352.9_-33.1,0.03165152346225648,0.00038935608461247197,0.08880239990526355,0.011654424055437361
218.0_0.5,0.05531905345243604,0.013246533049016818,0.19859895425966895,0.060872253818026405
355.4_-29.2,0.03460470044095085,0.0006832348527229222,0.06396698478204788,0.008502717298177899
233.0_-0.5,0.03904342381214096,0.005623898484849848,0.08913113163900846,0.0174557712874774
51.8_-32.1,0.027182997319986118,0.0012440327411985693,0.04729679307999491,0.004867627399433263
129.0_0.5,0.020361252734512135,0.0001782829002030858,0.029955480072688858,0.0028394955161459043
345.4_-35.1,0.014835284195075989,-0.0002365269563359329,0.01570939366994653,0.004227261704425831
35.3_-32.1,0.04892715922618031,0.007226691122387351,0.11175479994193939,0.02504948625495985
339.5_-29.2,0.026384883765685402,0.0012283915165264244,0.041096215693171075,0.0037463633363954423
186.0_1.5,0.06536582953637687,0.014460977613136982,0.2459834991631596,0.08422924573991619
20.2_-33.1,0.02423626563946443,-0.00020851397006934827,0.03751121079386733,0.002818111110746672
178.0_-0.5,0.0742231024248871,0.02089287748180776,0.32847665730027914,0.12188345842922022
30.6_-32.1,0.05054207971313186,0.007186374836082125,0.14850794036466436,0.04018794660052528
3.6_-33.1,0.03230593131522124,0.0033240803023607273,0.06048321859724446,0.007084127881505899
179.0_-1.5,0.03759024027582449,0.004507652904711221,0.08509670299479136,0.01557153677503209
357.7_-31.2,0.03440680782356352,0.0046824742654151185,0.09256550374570775,0.014212902795504386
19.2_-34.1,0.044027104871077034,0.008690802860056114,0.1136331528137509,0.028113962797268723
179.5_2.5,0.04592807725154414,0.0059461171119590825,0.11443780366680885,0.0261224372469208
30.0_-34.1,0.018480966536148762,0.0024599176243440355,0.02872509923467278,0.0022471703152485223
139.0_1.5,0.02139097845063014,0.001592065527413803,0.03532097351387207,0.005105769223072981
137.4_2.5,0.0363857261851147,0.0038136033621539297,0.0831044539021912,0.015314405634908553
355.1_-35.1,0.03768567793302448,0.002310029821671344,0.07169779713543858,0.015997989781388826
12.9_-32.1,0.054413198514510125,0.009908745330456091,0.1557364271740736,0.037407436344853356
16.1_-30.2,0.03773137607653456,0.0019475355221712726,0.08307379444842598,0.014789990037413167
333.2_-31.2,0.04960286222137051,0.0072275913863460274,0.12197965603948656,0.027307443556095462
344.6_-33.1,0.04778273792358315,0.009331995247488326,0.10799437768012207,0.02412142537834332
174.5_2.5,0.06755573392989278,0.016195664256289658,0.23787775519603216,0.0806978239845592
204.0_-0.5,0.09960720519719708,0.04084956827826284,0.6622171118673531,0.27856325591975645
130.0_-1.5,0.03872604245992448,0.004921348770400287,0.1020175910126286,0.019829671657513516
234.0_0.5,0.06381539768600057,0.016290998476660105,0.2496677774824689,0.07764679124159224
53.0_-28.2,0.02395335879683172,0.0009718619659801152,0.04669054973669713,0.005193437676339549
138.0_-0.5,0.02999878399065384,0.00223601353268471,0.05906672352101437,0.009048802041812494
14.8_-29.2,0.027280843640384356,0.0005982243250496755,0.051486570108288124,0.007088268184771299
9.3_-31.2,0.02589811818148557,0.00117768159879915,0.03737754715544727,0.006361955711614966
341.8_-29.2,0.037484459651790855,0.0053370538597636635,0.07352520938296504,0.01359191274479147
6.8_-29.2,0.04480134363417932,0.005498471773332412,0.1448233518381131,0.03562913651086411
47.2_-30.2,0.02287765818861755,-0.0006367707352586057,0.03764289389011443,0.005162055404898656
15.3_-32.1,0.02245413253431725,0.0014108876758627596,0.03152636690936446,0.004546424569355512
232.0_0.5,0.04242026265245392,0.008089056397432954,0.09855611856155566,0.02244511447796314
358.8_-35.1,0.06681352171722359,0.012752025684256322,0.18695175326457747,0.056863641068080575
51.6_-27.2,0.038544983513472734,0.0026298832190586644,0.08832633737757074,0.01724870463010881
16.9_-28.2,0.046441717635777334,0.008389291539931029,0.10216903541508165,0.022552141410102762
224.0_-0.5,0.021648880368899587,0.000559797975963439,0.03368848795370566,0.0044621765383477145
181.5_-2.5,0.0420658239817227,0.005915727523835026,0.10915036500119592,0.024520721890855798
215.0_-0.5,0.030196385339973163,0.0025029341211566616,0.06141079710983265,0.00798266740989251
178.5_-2.5,0.031641105515579575,0.003607379822221416,0.06737775480382126,0.010426089578549383
132.0_-0.5,0.054899192679881345,0.007411769215192296,0.14814584917666693,0.03752018775516725
19.6_-30.2,0.04224070517881296,0.007915412493283164,0.09939932012952582,0.022425247495823742
343.4_-33.1,0.05586986762672227,0.01144815798546854,0.1608277892633757,0.043092586437730715
35.0_-31.2,0.05065249200383201,0.01050016746865369,0.13743589338660586,0.03143050033755897
18.8_-32.1,0.08256407450542054,0.02394147119285259,0.3519155679709535,0.13458751993272222
203.0_0.5,0.058912932441354884,0.010465935532273058,0.16558202265966043,0.048837327270068794
29.7_-33.1,0.03619000452504034,0.0037630058059067656,0.08095447225882021,0.01615185673156703
45.0_-35.1,0.03887077784082551,0.0054568054541322625,0.08816157804355003,0.015791857708922934
21.2_-32.1,0.027449507083693456,0.0015038124603678421,0.05218988204098299,0.005636535908639176
334.4_-31.2,0.027031731942663857,0.0013559386440972398,0.04388511476025873,0.006139168465191172
141.0_-1.5,0.058882328524595864,0.009467819860114492,0.20545105449991571,0.06243962679170928
346.0_-31.2,0.03287818885024476,0.0027943581070337207,0.06288417755134473,0.00960253586784807
47.4_-28.2,0.03223270830814862,0.004632903273171361,0.05435834628076212,0.008619717188339841
40.8_-34.1,0.02192547109561945,0.002689226933819538,0.03646987921156342,0.003573035817205832
19.8_-31.2,0.02095630621149829,0.0007615660886334696,0.03435371746821508,0.0026118982657989025
27.3_-29.2,0.05164524996187375,0.007685802214271274,0.16099734384371503,0.044502151947957806
174.0_-0.5,0.03353580328349455,0.004906002638522375,0.07337518035057633,0.011668286472630891
340.4_-30.2,0.052293595309468886,0.008448028838240987,0.15040099691892586,0.04268487872915691
35.6_-33.1,0.029134835070683898,0.004033985434813691,0.06453440707981002,0.0106901178167087
353.1_-30.2,0.06034286498404802,0.011830446324646905,0.1530101770883459,0.042110940263132675
228.0_-0.5,0.06431824059840137,0.013463444119296833,0.23215336082759994,0.074472547636512
15.8_-28.2,0.04818587147707301,0.0066419192538962986,0.1086349574532081,0.02347202972077835
139.4_2.5,0.034689677728290916,0.0019290546867618856,0.056983169897197795,0.006826257438712763
336.5_-32.1,0.03846547533748648,0.005734471816820694,0.07691367426082636,0.016688593057341772
343.7_-31.2,0.02870817232491798,0.001988479537257748,0.04673986759905984,0.0049932078440693565
356.4_-34.1,0.04214660260207548,0.005580055142353499,0.08709409028774186,0.01794107554249232
183.0_1.5,0.05989559848711615,0.013188334824971814,0.22895211328858278,0.07403690187174025
47.8_-31.2,0.05358812606181936,0.009688620809243523,0.1611642048851469,0.041557026753379175
44.0_-33.1,0.057715300043809585,0.012334775619487679,0.18743034626460459,0.05039229542401141
226.0_0.5,0.03840583450482926,0.005006816435960454,0.08578712524084295,0.017640623103445576
178.5_2.5,0.03848447779447234,0.0039729090460156975,0.1307170038712195,0.023648089007456654
358.9_-29.2,0.02237038019398512,0.0006691221238297562,0.038849680100257494,0.003315586414735506
357.6_-33.1,0.03810384297592983,0.0049086619505367,0.08992282589745565,0.019718457079584046
217.6_2.5,0.07889692963595496,0.025144057696797024,0.27828843273110565,0.09564892887855946
338.4_-29.2,0.031326961424591716,0.0016290646296427142,0.04840123025250228,0.006513328056420589
14.0_-31.2,0.0260957493919289,0.000379063943509608,0.04625608761645783,0.00461686640931984
219.0_-0.5,0.043147422335303574,0.005214788795838131,0.1153336587406736,0.02520744717941575
31.9_-29.2,0.02743244631665467,0.003414544974187398,0.04741725163478774,0.007887951687770092
219.6_-2.5,0.04245924153996509,0.008533053205824185,0.09391398821086819,0.01897934177054972
45.4_-31.2,0.05105273838900724,0.008085173612097927,0.13133495967196912,0.03123060965107198
349.6_-30.2,0.036945340128294805,0.004814639448263267,0.07317342935912377,0.011978745953218177
333.8_-29.2,0.08282720972992619,0.026852184628022854,0.2974080776916301,0.10875151277707656
48.3_-30.2,0.06862303839955876,0.016676085144024806,0.27443176624721993,0.09828691995978195
48.0_-34.1,0.03200136174841053,0.0032204472773394426,0.06077767875213465,0.007960714831003348
51.1_-33.1,0.02812383605489503,0.0028856540328756203,0.05113559581617845,0.0074415084820585375
186.0_0.5,0.038485803658951705,0.0024689549771383253,0.08435074885077372,0.019293338411930486
164.0_0.5,0.036078118529097716,0.0037923981216755414,0.0706766788206033,0.015307950992237576
12.0_-34.1,0.02520184437038846,0.0003785551604516731,0.04122480632086821,0.00568735097469944
4.6_-30.2,0.059760268848153365,0.013989891788266304,0.17754937408230662,0.04948338334097494
336.0_-34.1,0.05188489682088019,0.008056359453343482,0.15436751182736697,0.041922419075639546
338.1_-30.2,0.029773216223574255,0.002602418961738499,0.06152843536031057,0.007712787662378455
141.0_0.5,0.04363633258602657,0.005685920491989378,0.10813132208266929,0.021718331343094387
52.4_-29.2,0.03596988661785918,0.0062006370024034335,0.08791656892211229,0.012935343748573193
2.4_-35.1,0.016591387560987884,0.00016162776202241025,0.024869030582401967,0.0009341444144409733
49.7_-28.2,0.02770246942986584,0.00361569280260334,0.05175024233926102,0.004637682905369099
214.6_2.5,0.04951966983110712,0.006206159647601264,0.14789190703280147,0.043173070683929685
47.5_-33.1,0.035927478092752874,0.0010085743368173578,0.07198847821504518,0.016037631684313814
221.6_-2.5,0.03834355226384541,0.002122265556967048,0.09291116129958311,0.02025224752897365
38.4_-34.1,0.04152820023614245,0.007123364792906659,0.1116397475472898,0.020882141383438965
351.9_-30.2,0.050452704713704805,0.006683842017300404,0.164202773575927,0.04476529284381897
354.1_-32.1,0.033024662979165585,0.002560128682193002,0.058927039216308846,0.008231203334364662
129.0_-1.5,0.080066541162431,0.01964323816033711,0.24539099401029085,0.0910912271388505
211.0_-1.5,0.05415661139303729,0.009662988184889584,0.16157911744167539,0.04104307276786653
138.4_2.5,0.017825969680273862,0.0017429408139942525,0.028418307589660834,0.0030918979154704014
136.0_-0.5,0.03938289511419351,0.004049765535240883,0.07264980579670868,0.014573606303203488
353.0_-31.2,0.030842871721541914,0.0016930732923980299,0.051532382728603436,0.004792543513650322
40.8_-31.2,0.029614146898378553,0.001013753928979125,0.044306119392633896,0.0068658855645534166
171.0_-0.5,0.04739361462161504,0.0063812140490818875,0.09539733407644814,0.02410477915563619
3.4_-29.2,0.020811503193881295,-0.0001640756388695794,0.032243704413370135,0.001832847262871762
21.4_-33.1,0.052370489907225426,0.011764554605339067,0.14998641060352164,0.040676354115505006
344.1_-29.2,0.031932265722558285,0.004487258655469097,0.055819411393154,0.00734154510366442
352.8_-34.1,0.023974200832981792,0.001551408114011232,0.04221117450572593,0.003052951186146523
347.2_-31.2,0.0589351048077442,0.012427819799296129,0.2380347127019945,0.0758409694029826
175.0_-0.5,0.04246800006500094,0.005675011827412642,0.091511104481128,0.017138744861106437
342.9_-29.2,0.030680564407255865,0.003268847268765145,0.057194644873808265,0.00951723932067564
29.4_-32.1,0.04864358445443401,0.009196176888749937,0.13119248772840603,0.030076125640450344
183.5_2.5,0.023142758378260426,0.0012182706987262577,0.03292589898703192,0.0023239723961750646
181.0_-1.5,0.07145720427593835,0.019008250220472988,0.26780614208797326,0.08977017916290175
334.8_-34.1,0.039544514018205155,0.004943177082722176,0.0892421725304099,0.013556555446652348
43.8_-35.1,0.028874416705304853,0.0022885144648576773,0.05098800921274494,0.00672176249414807
221.0_1.5,0.05582530115095286,0.011116086444234948,0.16597887255874896,0.04792374228860198
218.0_-1.5,0.03461211004804878,0.0028223524767399953,0.07000521565333022,0.013270055381479198
21.6_-29.2,0.0551341846270634,0.011243411556054064,0.219791199760944,0.05841690945764209
215.0_1.5,0.03705149701433732,0.0021926231651160275,0.07434175105441246,0.013020874852676443
341.0_-33.1,0.02705954397011805,0.0013187032691125641,0.04524804499902702,0.006953672179242889
336.1_-29.2,0.02609680881358883,0.0007610851391792098,0.038817594829077144,0.0063051554342963756
339.3_-30.2,0.03670753238772494,0.002054355817661838,0.07066560479416997,0.013510401409576892
13.7_-29.2,0.051371004747788024,0.007281252935783978,0.167952045356718,0.04872128592204698
227.0_0.5,0.02945673783552731,0.0020045581599132255,0.061605486750827575,0.007521378587527941
131.0_-0.5,0.04735086519136058,0.007578047525865846,0.14864227239483802,0.035596605877588165
11.3_-28.2,0.03987826410468313,0.006333803972273965,0.09687599536339003,0.01859656943307944
164.0_-0.5,0.04667348580420553,0.0075455050264781835,0.1271411554911859,0.030660073670459517
237.0_0.5,0.06067564681572313,0.014248766652071716,0.21235724345689938,0.06655913508884326
137.0_-0.5,0.044651915836631924,0.005841318344249278,0.1287228672387684,0.03180212014134277
14.1_-32.1,0.04856214690649669,0.006097013231155847,0.12656994909750652,0.03127321241975021
165.0_0.5,0.08217085852617845,0.026674917063297453,0.4294817059698108,0.1704701124569324
201.0_-0.5,0.056876310015232634,0.012555690562980915,0.1464614101861359,0.03902086276689657
1.2_-31.2,0.019270394798926862,0.0009464326452382746,0.024099385231905086,0.003167921893473345
173.0_-1.5,0.045386514021636216,0.007641004096208187,0.1493588211203029,0.038327659069651354
41.9_-31.2,0.05361953202952316,0.01106623913657003,0.17130357161039805,0.048097777204552085
25.1_-29.2,0.01860589777058998,-0.0004929628126084802,0.024364188152418156,0.0002781698971055561
354.2_-31.2,0.04521901977010126,0.00811065220429882,0.08508208386405713,0.018483113489203708
136.0_0.5,0.041911518488751465,0.007390353719545818,0.0986484276454595,0.022139749375381424
46.7_-29.2,0.04837157735402494,0.008479203786520326,0.0947699788494377,0.025439231365605053
354.0_-34.1,0.02552760935270839,0.0022201636856013615,0.04871992998157982,0.006377462271716905
194.0_0.5,0.07294698300720193,0.01706432764224365,0.25491480061174643,0.09263364833709978
185.0_-1.5,0.0831659527975112,0.02429823797155966,0.40016700895980517,0.16770859193391852
133.0_-1.5,0.05016613827077046,0.010412215055473125,0.13167940985250695,0.03262258232579053
235.0_0.5,0.05246906919569108,0.009307877083565095,0.13109097271432352,0.03583701130533015
2.3_-29.2,0.028586122658895013,0.0018000257146530822,0.04827060201909555,0.006475330171351519
45.1_-33.1,0.02027920868072105,0.0017286776137988356,0.024097263728734514,0.002002638599355586
198.0_-0.5,0.07570134591449391,0.018886133982390512,0.27112777082301404,0.09858698553583632
46.0_-30.2,0.05644601666852764,0.014046845430994725,0.21024039214543255,0.06082206663640935
348.0_-34.1,0.06307316914281584,0.012961975984568592,0.21190508363448926,0.06509472908494306
213.0_1.5,0.06117357829903666,0.014090791548567221,0.23871894916358713,0.07330627111044123
44.7_-32.1,0.058016128492509526,0.010692723384218507,0.13387620294971808,0.037754114230396915
356.5_-31.2,0.05493185715005441,0.007595171252295335,0.1430844379986414,0.04087505466323894
21.9_-30.2,0.026273116736336033,0.0026504618753973334,0.05331271540811958,0.0075675083915085995
170.0_0.5,0.05677406031997022,0.011731231519446855,0.16625446969164107,0.04307062350416215
186.5_2.5,0.0474234038903926,0.008145026244502852,0.12979115806838157,0.03101554310005465
182.0_-1.5,0.07608418384627304,0.02189289401228823,0.37569339042884625,0.13826622520185555
189.0_-0.5,0.029870571488965693,0.0028398478278379613,0.058778633490887314,0.00812553040881775
350.9_-29.2,0.10194024335480299,0.03565812345376215,0.4778930983938076,0.20200627852538658
194.0_-0.5,0.07146246841224829,0.019557712156983632,0.22814851402631636,0.06700778292527579
45.1_-28.2,0.07154696780112967,0.019457879088574905,0.252444620693295,0.08091106074071118
24.2_-30.2,0.038799463712183124,0.005387785054773697,0.0881708380829844,0.018418727228683998
354.3_-29.2,0.03386465193843901,0.003793796411143823,0.07318362404887954,0.011974661921823605
180.0_-1.5,0.02193172564927575,0.0009809613421151815,0.03478545433931349,0.0017169837088394893
157.0_0.5,0.03954438945200894,0.003281213075776047,0.08642459433853855,0.0175185965837089
332.4_-34.1,0.023714458621059132,0.0023346726302016143,0.03760808417543501,0.005104698406083913
42.0_-34.1,0.030877632831573232,0.003824214290413139,0.07245539616287117,0.012046009299269848
231.0_0.5,0.035063215139684106,0.0051480933148377196,0.09736742291730341,0.017860173697394975
344.9_-31.2,0.07630501018053382,0.02229687346896577,0.34831439857118507,0.130002643208806
220.6_2.5,0.058454176419939066,0.011450454769711281,0.16617580746495908,0.04731304113217731
340.8_-34.1,0.020811503193881295,0.0021665442314359584,0.0332974941594693,0.0041242497888470476
4.8_-33.1,0.042552966358838824,0.005207785474343074,0.09814636538821604,0.0202695201626467
332.0_-31.2,0.035287666339299924,0.004001500598276942,0.06362137057161918,0.010640452179187484
40.0_-32.1,0.04946823221382618,0.007999882612672099,0.10067887335591238,0.026908720477842686
16.5_-32.1,0.0434940367011759,0.005433463933959728,0.12061058746645605,0.02332797954123723
199.0_0.5,0.06302066089819876,0.016491137020499584,0.19411506286620975,0.06398951581062465
212.0_-0.5,0.033407292304055765,0.004297227732110668,0.07662453960260918,0.014714315943780054
47.8_-29.2,0.03713658365223028,0.004504379241831764,0.06479253872369481,0.009944878101074205
12.4_-28.2,0.05892590663977982,0.013493441998469092,0.16516384648779192,0.05077780588381826
351.8_-32.1,0.028760748322188525,0.0017591538780365712,0.05340633914357108,0.008675709031317582
337.0_-30.2,0.01728634029626064,8.065166545706189e-05,0.0215252140943652,-0.001300850353262757
223.0_1.5,0.022245609292176248,0.001728283013584736,0.035704170884203044,0.0035302420114462453
224.0_1.5,0.08283854458522902,0.027001566227242944,0.4712602666410501,0.19803209847741515
52.3_-33.1,0.04031367586624387,0.0038114416253229983,0.08625569918909452,0.01695320553923982
50.6_-30.2,0.036351097276417194,0.00459660683062181,0.07120782324835885,0.010808435232819606
43.7_-30.2,0.020402297198636298,0.0012398127442017949,0.03933883670687208,0.0037856267853143594
160.0_0.5,0.01634168139633557,0.0010419141495088809,0.02488724050424449,0.0025499544932544777
227.0_-0.5,0.05627734507468996,0.011107590186627526,0.17240962705578267,0.047662383201371714
214.0_-1.5,0.0581126420832969,0.010172263477581331,0.1500693809097208,0.047158000100730416
2.4_-32.1,0.03796374844305445,0.005059998492410048,0.08024927683312293,0.016303486307943777
2.4_-33.1,0.07019513967904538,0.01817176483353639,0.24218636590392778,0.07381051859024107
136.0_1.5,0.028976613019527888,2.842186041071034e-05,0.053194624864912006,0.005600008732957029
131.4_2.5,0.03323200408942329,0.0017484804191085803,0.07443307376070135,0.011587446472372658
181.0_0.5,0.06793389895645516,0.016200076861678743,0.269857959433367,0.09254621575637062
135.0_-0.5,0.04444927749902816,0.006237718566137034,0.11313613706017539,0.028885007420299612
10.7_-33.1,0.05588203934299316,0.007573710745601095,0.17391541430160265,0.04942482260090669
50.4_-34.1,0.06118079965474373,0.011493404353183792,0.20713784696662174,0.07182495216497277
344.7_-32.1,0.0448957925736124,0.004588239744363395,0.0899190007542439,0.021144337522363162
160.0_-0.5,0.09642377532184439,0.037836245342814476,0.6652959932295474,0.28640175502235143
355.3_-31.2,0.045988965133384185,0.00795300276489763,0.10393706631043825,0.021550406499755242
40.3_-30.2,0.0629944334767524,0.015669338835664272,0.23937747527215542,0.07833966870327236
33.8_-31.2,0.0262733659539825,0.0006805139351799231,0.046117694413437785,0.006052621280703202
214.0_0.5,0.06505775779435177,0.014683404385159414,0.2076311433146082,0.06705745067708747
199.6_2.5,0.026020383604954216,0.0006865469727331047,0.04376036284811153,0.0038907538042973937
226.0_1.5,0.06477511666539308,0.011713233775091049,0.170721941127783,0.053934594202627056
167.0_1.5,0.030163177847371124,0.003053620535598327,0.05442336407273812,0.010024194132296702
197.5_2.5,0.07682787149880009,0.024252188803560466,0.3976489908049632,0.15282925409500472
236.0_1.5,0.05987860903483794,0.011068409934549116,0.15862258369975377,0.04746020529893091
231.0_-1.5,0.0659260563419109,0.014467557070232392,0.2585314965711499,0.08539356533191066
195.5_2.5,0.031117483661449476,0.0018955306831897514,0.06119213397991311,0.00872686045753806
157.0_-1.5,0.025905514356694796,0.0004488018416403149,0.042393353072303235,0.004732689993561925
157.0_1.5,0.03251660448287476,0.0023901253069819866,0.060091160276707856,0.009040396910231369
194.5_2.5,0.04970103326231907,0.010089673516571149,0.13023311830082118,0.03141492216523016
209.6_2.5,0.020307559676528118,0.0008185388737180149,0.0317029701547239,0.0022834905965462378
337.6_-27.2,0.024129018695744686,0.0020783938912909685,0.04284055169687677,0.0029492373959314234
36.1_-28.2,0.030742543820801917,0.002254684569473196,0.04310322359124417,0.005707888036099043
169.0_1.5,0.02486491251914716,0.0016003565599312678,0.0363134246087205,0.003370396559819767
192.0_1.5,0.04809343890277363,0.007720039869539041,0.11663679327530524,0.025735740723754116
189.5_2.5,0.032294839114885676,0.001438199902212285,0.06267576517976672,0.009050755457675162
160.0_-1.5,0.03839586718444865,0.0029960080758878738,0.07586634153107877,0.014594934301307969
225.0_1.5,0.028166993448424275,0.0015993708786975261,0.04596467973064201,0.007821364049065044
25.2_-34.1,0.032694251203300835,0.004401258019648733,0.06827076848728397,0.011836821640113493
157.4_2.5,0.0238019671759565,0.0011830865057901295,0.03006633948232111,0.00443764694430905
209.0_-1.5,0.03038286670600014,0.002979067059564097,0.05144268187350579,0.009178148156974281
334.0_-28.2,0.0322900322074489,0.002407952327759566,0.05186270768611285,0.007147422315970784
204.0_1.5,0.08029893527471729,0.02510117945776089,0.4771172669607619,0.18072375075573138
208.0_1.5,0.037794263954564436,0.0030078640454728614,0.0694398692035846,0.012981656213343204
349.8_-28.2,0.02129889067705236,0.0006897202373810082,0.025526513851635742,0.002188956774070697
0.0_-33.1,0.04944379478876227,0.007074945930830666,0.12773909868686228,0.0314204489042418
171.0_1.5,0.031282227569611486,0.0012713690953635036,0.057505705085408025,0.009686862081762438
22.6_-33.1,0.046768657362987014,0.008118737706507463,0.11763056783857409,0.02708133732909822
230.0_-1.5,0.05947855937845819,0.01341427418809021,0.19068114251973248,0.05641821890125994
37.2_-28.2,0.00839683048672684,-0.0004346704172175186,0.010791556199870763,-0.0003851299778750871
201.6_-2.5,0.03376129552763396,0.0028608220200142904,0.06156497495161209,0.009422614720991538
167.0_-1.5,0.028530927143816477,0.002492169494605911,0.04832124613207989,0.006053973913196849
168.5_2.5,0.04604317375256971,0.0076562682937597795,0.1141928253752661,0.025154532028895314
236.0_-1.5,0.062086331441272465,0.012850541242007943,0.17769454028140935,0.05513706930014176
234.0_-1.5,0.052427336234421695,0.01129011136532393,0.17171992384852533,0.046497947254026464
198.0_1.5,0.02307496931961949,-0.0006622689476569535,0.032832696373563494,0.004374268583700473
196.5_2.5,0.04516394602451794,0.006573277248228013,0.12302984995242672,0.02644300378812498
167.5_2.5,0.020473158640289993,0.00028797528256995387,0.03513504746424112,3.066079342129339e-05
167.5_-2.5,0.04162585669840065,0.004313885712189257,0.10196879629553768,0.02227250619508312
331.8_-28.2,0.0321473561448098,0.0015446043453681284,0.06030611267519629,0.008231907141443931
192.5_2.5,0.07947088000648457,0.02491278498810624,0.3702800522387461,0.14326235534561907
206.6_-2.5,0.03043572949558224,0.0025861151848908088,0.06073930909419393,0.006839520943796019
44.0_-28.2,0.03722975141355786,0.004723975728232819,0.07676028200707119,0.015402299705440369
355.5_-28.2,0.030423883412071383,0.0029459131877494545,0.06877386698103484,0.006328215124298049
22.8_-34.1,0.017305381850661602,-0.0010061150226502093,0.01807701658297709,0.0006433730900010589
330.8_-27.2,0.02035873098265465,0.0016365524325141843,0.03799670584108499,0.0037085263688569556
168.5_-2.5,0.02174259005980556,0.000984839923150349,0.02670181614023332,0.0024367471984975417
158.0_-1.5,0.03034593931129995,0.0012101929554533982,0.04777486940242629,0.004648285952934319
161.4_-2.5,0.06075407280226545,0.011416674067276509,0.1859151091648233,0.05947694188694956
32.7_-28.2,0.015224949878303974,0.00011743574321015161,0.01653110436237069,0.0008921642952571446
161.0_1.5,0.038405532767496614,0.0027010445348032894,0.08338412455855375,0.014644120500810476
203.0_1.5,0.02419215917969857,0.00198076295652423,0.04301892235494581,0.002556077728914824
338.6_-28.2,0.046415692291446736,0.005067959769292446,0.10765550639142941,0.025537299635754723
221.6_-3.5,0.03585155167644546,0.0037547430329500945,0.07197754293648817,0.013547776142208066
170.5_2.5,0.043355558715311285,0.008364975953517277,0.11210193561828402,0.025293498372389322
0.0_-34.1,0.0256318228505787,0.0019538099293622668,0.04370156922296975,0.004686845666526162
189.0_1.5,0.02887841229362713,6.8241935508319536e-06,0.047540435454702934,0.005525026303396854
235.0_1.5,0.06819973109555381,0.018127868700449887,0.2618880410967234,0.08982758540045319
168.0_-1.5,0.038708819646910156,0.006063685315150094,0.0844298563856033,0.012970062524021346
24.5_-31.2,0.030901337433843462,0.002963631812330063,0.0641294231384845,0.009640868339224886
193.5_2.5,0.026286832508445646,0.0031375054593829445,0.0503165517152395,0.006614059965645628
158.4_-2.5,0.024217153452970926,-5.339520705196929e-05,0.031207422845402625,0.004872824681339748
226.6_2.5,0.029599076828954053,0.0025043642808238106,0.06100181151788349,0.007920124699835763
205.0_-1.5,0.07186489123836892,0.021921365840165307,0.3744366351940596,0.1464194975581789
33.9_-28.2,0.03727899347327775,0.0024124726842601365,0.07165611877061667,0.011779994881012924
202.0_1.5,0.045287650296282775,0.006692413977650765,0.11103958448964403,0.02448801113512506
343.1_-28.2,0.07166215905676078,0.016421841579607917,0.22536085703522393,0.07812975942363522
0.0_-31.2,0.05194158606064312,0.010823348169022048,0.17509278611858928,0.04586558786987357
229.0_-1.5,0.11349745988959455,0.04223362245666044,0.6657611478057158,1.5368099014975964
163.0_-1.5,0.031944794282360106,0.0028173202501966944,0.05697271469510971,0.008558197043362732
163.0_1.5,0.03843682638144291,0.005518079723817896,0.08123825449979412,0.017487487597004348
233.0_-1.5,0.06382785595117293,0.012996490820400126,0.23975823574619978,0.07334991988953886
230.0_1.5,0.027494446637157558,0.0030302931457966424,0.05310377538672544,0.009231792774830641
201.6_2.5,0.058839497697912226,0.012648512899010167,0.2157716277654994,0.06321701445800967
190.0_1.5,0.027809354514256625,0.0036571764708407993,0.04821220278918944,0.00801968920069908
229.0_1.5,0.03207893853087573,0.0013304727456295532,0.05455163267906616,0.006413674955519474
232.0_1.5,0.030929790294520716,0.002481005017011071,0.052348595281180924,0.008012018261978244
356.6_-28.2,0.030999719730865617,0.0011549910018142158,0.06005248803581534,0.006020686461174314
354.4_-28.2,0.01879788217390229,-0.00030457811685827903,0.02296588596832588,0.003927483188161679
198.6_2.5,0.03977011400938807,0.005423353486555575,0.11736551608350514,0.023582232855366606
234.7_2.5,0.028641482927445203,0.0023335166121652537,0.04672171828121175,0.006500692776693821
31.6_-28.2,0.028154203595609616,0.002450348505719354,0.04640088429633777,0.0047027589848356085
0.0_-32.1,0.051972533336500884,0.011251015917023214,0.16351678563887845,0.041705182746777265
5.6_-28.2,0.024428917995207324,0.002158724125746411,0.04097984169726341,0.0018945444693578633
199.0_1.5,0.0728644991026092,0.01997681252712862,0.3073448630846063,0.11526821017082095
160.0_1.5,0.03215950645819642,0.002553888280777611,0.05088114662418576,0.006392755580779541
1.1_-28.2,0.02930270820078707,0.0022868890879054983,0.056925392316175744,0.007008516803239027
348.7_-28.2,0.030802894238823916,0.0015035871674361316,0.053995090137677906,0.005771633355271926
30.5_-28.2,0.02548274600268072,0.000470971709932526,0.04498238660909453,0.005220613362964746
231.6_2.5,0.06649839691959718,0.018357844280865527,0.26996774098845333,0.08876926141416247
187.5_2.5,0.05734744437022023,0.011832488155608067,0.19343237397370558,0.05600682787976381
228.0_-1.5,0.028693548421843844,0.0017643979395967487,0.060311418554632644,0.0052112598745559235
194.0_1.5,0.02961009986942697,0.002080418054736389,0.0563639235727774,0.0069726546436279044
206.0_-1.5,0.026648015452246335,0.0027724802091708195,0.05552581979982417,0.007462365567266684
352.1_-28.2,0.0442723423829461,0.005832869657193623,0.1290824404493701,0.03041517213162734
226.0_-1.5,0.07337143740034667,0.017660117120051815,0.2419322617467761,0.0863723315104015
346.5_-28.2,0.05478485570040919,0.011254052131821023,0.12611085036403613,0.033643607280540735
235.0_-1.5,0.031713701690636836,0.00367800327513038,0.0692941584885612,0.008055296306620585
166.5_2.5,0.039233015736048094,0.005904843219731658,0.08876889563217072,0.0186014193024969
0.0_-30.2,0.044389941514163256,0.004574489198374009,0.0905280046241089,0.02030205262354683
161.4_2.5,0.024626581215751342,0.00011398357901099117,0.04668491140245724,0.004591340535731845
335.2_-28.2,0.02828115948983535,0.0019149759131728812,0.04596115062095318,0.009871563528287865
208.0_-1.5,0.03354642787956313,0.0010790008257549825,0.04754045033256665,0.006747562101942457
169.5_2.5,0.02560554871952913,0.0014167386082193257,0.03765950673506623,0.0009647560285100733
188.5_2.5,0.039079126027804736,0.005560444543036815,0.0962849720141612,0.020556605364709615
24.0_-34.1,0.049003048748101304,0.009167489934882242,0.14016561100369648,0.03493590731566104
332.9_-28.2,0.03164146982120993,0.003143086676977591,0.07154838644089538,0.011138159947511708
227.0_-1.5,0.05066968772269631,0.008251346292897805,0.12025607755567788,0.03057733137690779
207.0_1.5,0.03738467788626209,0.005509729683052893,0.06858789571071938,0.013486624755164447
200.6_-2.5,0.026811961826934145,0.0001909109647543494,0.036928089687771865,0.005039296971432384
210.0_-1.5,0.023155204547618408,0.0010727181185330999,0.03496737683408565,0.004443797150754582
232.6_2.5,0.028643230129646053,0.0022677626904243384,0.053734873579840005,0.005445877736573972
28.8_-34.1,0.03778918925989916,0.002905519032675785,0.06928290441980565,0.014051349439443788
340.8_-28.2,0.052876239364460405,0.0065231973798614866,0.11801538708543609,0.03166372318867611
162.0_1.5,0.025626948784781615,0.0006725218070496818,0.04184469404357426,0.004928937168014556
13.8_-30.2,0.06642236767237213,0.012743389433830054,0.19094477655069572,0.055182225055067986
22.1_-31.2,0.02546492344641419,0.0018003482899584585,0.047996231205934346,0.006076381957696977
41.8_-28.2,0.03362714613260688,0.005073910051595619,0.06535585943506884,0.012619858073682424
334.2_-27.2,0.0238381239824706,-0.00019563479646052246,0.03363830826924717,0.005239072279106532
234.0_1.5,0.03602809849882167,0.0035599814518501886,0.07512899132327999,0.016350173598809376
160.4_2.5,0.03649373364237183,0.004011024041044073,0.08410510718341131,0.014616339661095561
228.6_2.5,0.04844200191373848,0.008627748676507873,0.14236725374204845,0.033081965380967145
225.0_-1.5,0.07204764119320414,0.019200222261144942,0.3067420840828648,0.11206064869679892
235.7_2.5,0.03772577948030697,0.002146609898124985,0.07686239368281574,0.0169303294540245
353.2_-28.2,0.04626985772632259,0.008223681081729182,0.10303600615418909,0.02634627207962238
200.6_2.5,0.023422228059696813,0.0018512677493050576,0.041704287392027764,0.002760037717179553
336.3_-28.2,0.03399803100998165,0.004706302086186274,0.08142878595330479,0.014376465718894352
233.6_2.5,0.023749268619317247,0.0017068202519157955,0.03802560371376382,0.0026905146395110424
161.0_-1.5,0.03244205662457662,0.0018305670750610034,0.05829498436454507,0.0096200225446565
190.5_2.5,0.04811918462241579,0.005405863618994601,0.14839602220662973,0.03476560662409
210.0_1.5,0.04890125188128624,0.007201813733100687,0.10081665127591913,0.02486632279074857
220.6_-3.5,0.032000789409918746,0.0037267951795099865,0.06494907235643825,0.01126089489377361
332.0_-27.2,0.0240407621991606,-0.00039935145714396796,0.03860913741326984,0.004054031146538366
158.4_2.5,0.0251619503200741,0.001097115805518484,0.036813467504871286,0.0018296990149912046
170.5_-2.5,0.03441270966639261,0.004200377395190574,0.0734675268273283,0.011484708963630587
207.0_-1.5,0.0595327828199473,0.012247848710627488,0.1652654833703219,0.052102708245755226
159.4_2.5,0.0328424077735397,0.0017156502789947982,0.06698922789330437,0.011437914438048964
225.6_2.5,0.05060514856557372,0.010582095286885165,0.13946010893453203,0.03773628280066567
165.0_1.5,0.06185199688147108,0.015991279408184914,0.16273312250139396,0.047773024849895325
351.0_-28.2,0.03497700437647398,0.0030869566225771587,0.06662465005028385,0.013112921638444047
169.0_-1.5,0.02821749283719645,0.004181239757885345,0.04969979878829624,0.006289424355344314
202.6_2.5,0.018664445649090942,0.000714411364525449,0.02651508611298159,0.0039046216611539186
237.0_1.5,0.06652990878900034,0.017363636398018214,0.3455309247389361,0.16269895647768645
188.0_1.5,0.03259080584424545,0.002541867049836167,0.05490062672545774,0.010975639388937985
159.0_1.5,0.02917633221158544,0.0019494451160409773,0.0539740985865272,0.00828772132924833
157.4_-2.5,0.0312008269976015,0.0014954533803866173,0.06789820816547629,0.01069280352170278
329.7_-27.2,0.020129487826378387,0.0018312010492236015,0.029355346943845152,0.003808658829706151
201.0_1.5,0.05835523834689158,0.012493178018526244,0.19138200312362327,0.0574335194342678
0.0_-35.1,0.03365966643128464,0.0027622307499145355,0.057824869289263,0.013170786692216347
206.0_1.5,0.020520589779641607,0.0014007660835360246,0.03539630484656269,0.0037073795191552086
169.5_-2.5,0.034458680703121726,0.0028502210149707594,0.07026554458071345,0.013022816912701279
358.9_-28.2,0.03327044486753831,0.004488538325267179,0.06984506551088525,0.009855693385808505
159.0_-1.5,0.04256971832771806,0.004999638387980444,0.10270278978167449,0.01993966951135515
168.0_1.5,0.05163005976708863,0.008503274981687662,0.1360737564150205,0.03624549316568068
204.0_-1.5,0.03739866260797896,0.003602388896954277,0.07405115752361156,0.013949261027724983
227.0_1.5,0.03793271328800457,0.003526104007739202,0.06577859957771036,0.00839429394007018
191.5_2.5,0.03499417342012491,0.0058394079716708215,0.07124635021630737,0.013149940188567074
227.6_2.5,0.10071640425815137,0.04098760712786404,0.7549326326371307,0.4046581957465659
24.7_-32.1,0.034371934827950465,0.004160793476925466,0.07350083292727613,0.010245699263057316
232.0_-1.5,0.07039451413355725,0.019333291727892818,0.33762717897163663,0.12395239602288446
236.7_2.5,0.06542474142469921,0.017991448142092897,0.23965735687329986,0.07924708681369864
203.6_2.5,0.04138650103933224,0.0050406899256682835,0.11881749647551099,0.02698163842412309
4.5_-28.2,0.026081333357800666,0.002820043684701892,0.04595548452245946,0.005183936979969891
200.0_1.5,0.07212889186576202,0.01530227215556257,0.28945175856523897,0.08863937403235987
205.6_2.5,0.06543858561940555,0.011079474108211541,0.2373290853229779,0.06898944798681844
158.0_1.5,0.053466772457844834,0.006794193931231421,0.13536668212686562,0.03498182694848392
337.4_-28.2,0.025776097119625984,0.00307011580317591,0.06297792300682516,0.00823899121883262
40.6_-28.2,0.03365095629566478,0.002753780971609407,0.05733481751633544,0.008325723175284776
228.0_1.5,0.033082772919040854,0.00470137805862762,0.06132023280001748,0.008873840978999074
231.0_1.5,0.03865697805859313,0.003147337783085805,0.07353205821778565,0.013990131147759505
204.6_-2.5,0.042320686920170575,0.005315218745489933,0.0928555837097912,0.022308612291274232
191.0_1.5,0.026081348126792848,0.0012367634263862227,0.041462652911066655,0.003527122140057932
39.5_-28.2,0.05954947816313995,0.010593396663853108,0.18216076952976554,0.05482336043603219
165.0_-1.5,0.05911043692962844,0.01081224110873348,0.15412624248678783,0.045343224788406744
164.0_-1.5,0.036766363677780925,0.00464120874692024,0.07304160721533487,0.014905012584735628
159.4_-2.5,0.05485978621732997,0.011047718419166248,0.1351019900102673,0.04049275330839951
193.0_1.5,0.03145643548742141,0.0015984860391012859,0.05243393647472501,0.006655732569774696
171.5_-2.5,0.027268205577332616,0.003682966163567307,0.0536704413313304,0.006466338275831622
209.0_1.5,0.038834008040458466,0.003817131364937364,0.07022482939867422,0.012239098454292226
345.3_-28.2,0.027683522085420718,0.003906782499896826,0.05321103684730449,0.005871002175965642
196.0_1.5,0.05576676603899992,0.011205181758133002,0.16404571064875614,0.042311681290725864
164.0_1.5,0.05603421412357457,0.014485327010516054,0.17211324268146416,0.0506545913419356
230.6_2.5,0.056693335428181495,0.011505791478950015,0.18063631904370187,0.05264468762085694
166.0_1.5,0.03487559337393735,0.003429097442684927,0.0694783019813032,0.010819570134752599
202.6_-2.5,0.039666526961477086,0.004223349905972157,0.07278260740784624,0.01423774121410483
170.0_1.5,0.04499791768797302,0.0050421149528446065,0.0913129468480991,0.017823859518260713
339.7_-28.2,0.025920198472703465,0.0025448015454772894,0.04474006320430865,0.004178512058881813
187.5_-2.5,0.04590539165818924,0.004577822990844521,0.1131619544609955,0.02621425070936603
205.0_1.5,0.043804631451433505,0.005790502233171855,0.10958224426744159,0.02745390051104604
197.0_1.5,0.022219791115697263,0.00241892349118011,0.03379577078825618,0.0017602234522717543
233.0_1.5,0.042775692564188394,0.006293744136286728,0.08944351023055908,0.016388522269228767
