label,dmag_u,dmag_g,dmag_r,dmag_i
161.0_0.5,0.01586327289568151,0.04002474024997241,0.0187699943780899,0.05645684098451943
38.0_-30.2,-0.1210589746027179,0.003338110592359042,0.03319396823644638,0.0569336173551701
23.9_-29.2,-0.213697186813883,-0.00720278061979024,0.02736277133226395,0.02457261984790512
212.0_-1.5,0.022559807353682,0.02644691815997624,-0.00165890529751777,0.004376049487124419
36.5_-32.1,-0.03193223461748951,0.02553769388095134,0.03092917427420616,0.06572098384307265
38.0_-33.1,-0.0210970328795794,0.04850540481918768,0.02576147019863129,0.02681276780833798
158.0_0.5,0.0113876790556758,0.03773186461212277,-0.0120198056101799,0.05782708305992151
7.9_-28.2,-0.1657110536110121,0.07118057213523435,0.03806357458233833,0.03345436559094832
182.5_-2.5,-0.1236591668434241,0.03271040631276378,-0.04552941769361496,0.05618229419822057
129.0_1.5,0.05754017293025345,-0.01440078887134746,0.0292698573321104,0.03442560606229313
1.2_-34.1,-0.05207507432489616,-0.0488264288811231,-0.04317191243171692,0.06146517005500642
32.9_-32.1,-0.00043636440529931,0.03272568160480978,0.04080822318792343,0.1015573105270487
43.1_-31.2,-0.1501280365579968,-0.03198617360590197,-0.00618579238653183,0.0933288755341373
140.0_0.5,0.004600482159800037,0.01990404924248719,0.02964439243078232,0.08045716140935269
334.7_-30.2,-0.258959345920596,-0.00862101286312486,-0.05441635102033615,0.02833602747542137
36.1_-31.2,-0.1713572502697249,-0.01279734661526027,0.04072028771042824,0.03872828504896052
3.5_-32.1,-0.1267024314606557,-0.0399368653123961,-0.02976757101714611,0.06422500836523296
132.0_0.5,0.01799882396458623,0.04799930087410575,0.04320791363716125,0.04675184569379531
330.4_-29.2,0.04328703823416359,-0.619045804137472,0.002324201166629791,0.04931919255131675
6.0_-34.1,-0.1080318242740428,0.02444905625416504,-0.00568012148141861,0.05954447117541121
18.4_-30.2,-0.0046279086855111,0.08195435962359261,0.03025757148861885,0.04501249858088977
31.2_-34.1,-0.1015044940233753,0.01404337214024099,0.01975993812084198,0.06735334719636557
4.7_-31.2,-0.1112899525445191,0.03964839321910245,0.02079064771533012,0.05761813353438515
159.0_-0.5,0.008300650547390098,0.06005973565422483,-0.05010929331183434,0.06615033309467663
222.0_1.5,0.05669615075149161,0.03437474964363071,-0.1054458618164062,0.0546739786718739
48.6_-35.1,-0.1114289692167173,0.03227769669877762,0.03219667822122574,0.03454815690442047
172.0_-1.5,-0.0081603985195003,0.03954418335779133,-0.0049454141408205,0.04926499200491549
349.4_-32.1,-0.0458128499896565,0.009771418653670934,0.02462882548570633,0.0481574121210515
185.0_1.5,-0.03269713246428883,0.000720410327172772,0.04280879348516464,0.05514362368819138
8.2_-31.2,-0.1428933467031353,0.006456434505410925,0.03524733334779739,0.02365245558910237
178.0_-1.5,-0.0285188839030195,0.02292832118871365,-0.0030941218137741,-0.02889095857007442
17.3_-30.2,-0.1275279986282772,0.01362024950024261,0.0272832028567791,0.06896200686741781
130.4_2.5,0.009794534089731771,0.03142225549489137,0.03727640956640244,0.07480082047480778
348.1_-33.1,-0.1090174100315409,0.05298489678909289,-0.01878289133310318,0.08841138346451419
53.5_-29.2,-0.1069608310620915,0.06027353906943426,0.1138559207320213,0.07676143419749587
342.7_-30.2,-0.06262419786741737,0.02351646668566173,0.03578398004174232,0.05507014936255632
214.0_1.5,0.06173869501330741,0.04886457152253661,0.006251297891139984,0.04157540949790541
200.0_0.5,0.0255498406598015,0.05156129924251127,-0.05096889287233353,-0.02335228377299131
211.6_2.5,0.0781023679044647,0.06994673072280103,0.01296629011631012,0.01188601775823804
170.0_-0.5,-0.04068771006430198,0.05447570978541353,0.03153618425130844,0.0587963157809952
37.2_-34.1,-0.1137906064936151,-0.04348680597784005,0.000556137412786483,0.05984656286344807
36.8_-30.2,-0.01614861790184563,0.02154151751769132,0.05673161149024963,0.05413012013812749
337.2_-34.1,0.001698884792061636,0.0117051088089147,0.03047838062047958,0.04755186131409164
204.0_0.5,0.03441779480688434,0.01117944881804761,-0.06277760863304138,0.07134778769681169
156.0_1.5,-0.02299383805504232,0.05583717706685707,0.006695210933685303,-0.02452408257149477
30.9_-33.1,-0.02416957819951671,0.03786175933046115,-0.03773084282875061,0.04532932210143235
177.5_-2.5,-0.1193864218158029,-0.04369753344139923,0.03326807916164398,0.04552705777450416
176.0_-0.5,-0.01191404599735368,0.01178322518521014,0.03925219923257828,0.06256583452172691
14.7_-28.2,-0.1630599043262702,0.02682170157005976,0.03486917167901993,0.03342757120865417
173.5_2.5,0.07748042713898091,0.00892090063958392,0.000317513942718505,0.09116669254324848
223.0_0.5,-0.01694948261656029,0.070612357581585,0.006763303652405739,0.05400776542573351
32.6_-31.2,-0.03318075192662648,0.03557502742872566,0.03467792272567749,0.07135363545636664
50.1_-31.2,-0.01085757680115432,-0.00038470673510528,-0.01533468067646027,0.06895744557896251
185.5_-2.5,0.02037783697720673,0.01979581341463575,-0.0608045905828476,0.03531438320159531
141.0_-0.5,-0.04321637920352658,0.01857605541738803,0.03835088759660721,0.07241757739187688
217.0_1.5,0.04103818565633921,0.06775679279650956,0.01167202368378639,0.03447320904812932
335.7_-35.1,-0.3658773348942391,-0.00913950018953562,-0.04460830986499786,0.04453967771422664
2.4_-34.1,-0.0622673842288716,-0.04131490868665151,0.03117909096181393,0.05289954525118173
21.0_-31.2,-0.0808810955449148,-0.01650930967450677,-0.04603687673807144,0.0667042658318037
344.4_-34.1,-0.1571650143928081,0.03292972391637249,0.03784504160284996,0.04848225003358561
23.0_-30.2,-0.06018958391333806,-0.00239980129111427,0.03219542652368546,0.07809228212713243
133.0_1.5,0.0351429264623526,0.05911681372698672,0.01951901242136955,0.04387991027843759
29.6_-29.2,-0.1345860348625528,-0.16083053618543,0.1025271415710449,0.06231638587367888
218.6_2.5,0.0339073573935966,0.04344911892309551,0.01666522026062012,0.07260896037424641
357.6_-34.1,-0.09439422642039008,0.05661118320351444,-0.05429839342832565,0.04970339781256213
19.4_-29.2,-0.1735628300536947,-0.02797004384485285,-0.04010890424251556,0.07626803322060277
9.5_-33.1,-0.1654118356741661,0.02491004466799723,0.03573895245790482,0.01340318533081881
138.0_0.5,-0.07258869346090835,-0.06520755992625368,-0.03851150721311569,0.08222854928435573
221.0_0.5,0.06421549154040711,0.0742584838725553,0.03059846162796021,-0.1012810999663916
10.8_-34.1,-0.1360199631880903,0.03672283192335091,-0.09111884236335754,0.05922525769201548
8.1_-30.2,-0.1368996115285031,0.04198543862288204,0.04022638499736786,0.07334668674335831
210.0_0.5,0.0189718573644973,0.05554327345025081,-0.05239197239279747,-0.03002662756952418
350.7_-31.2,0.000486035220138306,0.0314084622044711,0.07765146344900131,0.05424771356348697
332.7_-29.2,0.006830895502457815,-0.4664651512878367,0.02454213425517082,0.04393982698053731
50.0_-26.2,-0.0202158688673498,0.0107474020686227,-0.01538227871060371,0.0463731095325843
26.2_-29.2,-0.1408793009326144,0.03305332940150857,-0.07587336003780365,0.02991975024992462
343.0_-35.1,-0.06463984129200961,-0.1222762056274664,0.05340481549501419,0.06713556375858343
222.0_-0.5,0.01018237448090312,0.05401864792503511,0.001975191757082939,0.03462019355441669
48.7_-33.1,-0.0517774834675849,-0.08727087875066719,0.05103069543838501,0.0514765695735523
195.0_-0.5,-0.04123660774125372,0.04236797578474751,-0.07819569855928421,0.0206673076541158
213.6_2.5,-0.0421881295715883,0.07082417030862223,0.02866008132696152,0.06966195145493498
5.7_-29.2,-0.1191882419300112,0.01855996981674161,0.01210336200892925,0.04781884710168015
46.3_-28.2,-0.07848170219967679,0.03471735350081553,0.05891793593764305,0.05579839040586694
2.3_-30.2,-0.08315778967701899,0.02833773422317108,0.03567837923765182,0.0444263348465106
183.0_-0.5,-0.00707972606132936,0.03047326451913045,0.03050892613828182,0.06758342397898048
52.4_-31.2,-0.03392147942740989,-0.02727338177437832,0.04286273568868637,0.0723075414988689
354.2_-30.2,-0.1399999026841877,-0.4134451396858167,-0.06930704414844513,0.004686769236171132
356.4_-35.1,-0.0055088167747823,0.02125154849789942,0.01403415948152542,-0.00981356027712979
174.0_-1.5,0.03964222981651611,0.01131241921403955,-0.06614099442958832,-0.04080076364057209
214.6_-2.5,0.0753945059234246,0.07018023989620428,0.01595763117074966,0.05368320167103775
358.8_-30.2,-0.1677716657920596,0.03051752723553227,0.02084041386842728,0.04933308589181411
45.6_-34.1,-0.02491750148417822,-0.05041266407137891,0.006007809191942215,0.03287263055327321
191.0_-0.5,-0.03550746573677538,-0.02633667272506386,-0.06974445283412933,0.008996558003696462
131.0_1.5,0.05243194581753028,0.04183367267777931,0.03051157295703888,0.02447846242051264
17.5_-31.2,-0.1052604088333823,0.003067102836500454,-0.01734592765569687,0.09417805117289481
175.5_-2.5,0.06765962215928481,0.006846990947423363,0.03301966935396194,0.0380364208079975
357.7_-29.2,-0.03094450305831542,-1.6426236818006e-05,0.007508344016969204,0.01830431075238812
347.8_-35.1,-0.0047236569696808,0.01505871097619183,0.03428386524319649,0.0661658755697622
39.2_-33.1,-0.04547789785358514,-0.1423290495719907,0.01249118894338608,0.07490405716140366
228.0_0.5,0.06229361324486341,0.06854745878441497,-0.02759499847888947,-0.07705665394599931
156.0_-0.5,0.1174215563428777,0.0657280018234353,0.02674732357263565,0.06699337655275964
211.0_1.5,0.08464129483470301,0.03481771604090807,0.01532463729381561,0.02187377398186607
337.2_-29.2,-0.0090828080130224,0.04273395119379825,0.009431479498744011,0.06974660681149908
27.6_-30.2,-0.1187989639696659,-0.04808352779612847,-0.01757817342877388,0.01497243852237011
355.4_-30.2,-0.2410151843400865,-0.1285872817450484,0.04474058374762535,0.08104564318300436
238.0_-0.5,0.07043483068453571,0.03942536728922937,0.02012787945568562,0.01166598010937469
336.9_-35.1,-0.0471390830523841,0.008475698172371718,0.05134104937314987,0.04049338239173858
222.0_0.5,-0.01343521595113654,0.03078018344380223,-0.00369853153824806,0.009588688154209535
10.3_-29.2,-0.1507336733220443,0.05831117007507283,0.008122455328702927,0.06919747852567934
345.7_-33.1,-0.021927686831285,0.03978171865580953,0.03570457547903061,0.05148798596924235
215.0_-1.5,0.3677409612769653,0.02664058094335746,0.02262548729777336,0.05297865343090268
341.8_-35.1,-0.06181588109992368,-0.04423829634928131,0.06070086359977722,0.06173859140836203
172.5_-2.5,-0.01908809508236461,0.02378633779063944,0.02565313503146172,0.05388943607638794
345.0_-30.2,0.01623921389093611,0.002826255452430586,0.03896867483854294,0.05129867638548751
32.1_-33.1,-0.1244594925848553,0.01538507935434268,0.03238724172115326,0.02625845679068766
177.5_2.5,-0.05305701886175988,0.005839138198248747,0.007217632606625557,0.4038243932247269
1.2_-33.1,-0.04031909357878757,0.02650440420528617,0.01758604869246483,0.009302787066459131
173.0_0.5,-0.00853867737694179,-0.03379314256860971,0.009470134973526001,0.03978698045216538
217.0_0.5,-0.03125555850697957,0.05191336225986993,0.000170711427927017,0.05915762867952981
47.1_-27.2,-0.0672135092653107,0.0267078135916081,0.0365263931453228,0.06348267760517456
177.0_-1.5,-0.03289371845693485,0.01711415979995411,0.01860731095075607,0.04159560672207784
229.0_0.5,-0.04987387200749711,0.03599257922640448,-0.05782436951994896,0.08193296557979385
336.2_-33.1,-0.02494632853445487,0.06133272846083151,0.02588078007102013,0.03506758540044939
338.6_-33.1,0.031937392796408,0.008141743612002754,0.03036213666200638,0.03668126348639953
233.0_0.5,-0.1190620977893523,0.06918867800221415,0.0377335287630558,0.01901863086994103
238.0_-1.5,0.1096371342611851,0.000577748332915574,0.01387582346796989,0.08402279765199148
13.5_-28.2,-0.0396394298388317,-0.02796847987630235,-0.04377500712871552,0.08165676032365127
31.8_-32.1,-0.1091903052672513,0.03887783983640611,0.0354960560798645,0.01715422196861573
28.8_-30.2,-0.1388593443258907,-0.01359181714414081,0.002339990809559822,0.01524037570865312
1.2_-32.1,-0.0326662044040868,0.04636986583176213,0.04147933423519135,0.01986581190993047
225.0_0.5,-0.00849880548214582,0.7005622215105334,0.01331162825226784,-0.02517041095123807
186.0_-0.5,0.0295829715319277,0.03884646666132153,0.01292316801846027,0.04524199098684744
224.0_-1.5,0.005996457101478184,-0.00617239233290786,0.02150431275367737,0.05454990357057045
22.8_-29.2,-0.1371409833112632,0.03133287567439766,0.04375483840703964,0.01300381638776707
52.9_-30.2,-0.0959292265670387,-0.02325485602463868,0.01853811740875244,0.03398210979111536
51.9_-28.2,-0.0909296255469898,0.03579274155568328,0.01067271456122398,0.05963821492244643
207.0_-0.5,-0.02124196702924306,0.03739244820710803,-0.00139668583869934,0.00798739093476911
47.1_-32.1,-0.00098381998303881,-0.05111463127665684,0.04489614069461823,0.02250147974661923
346.6_-35.1,0.05146709379281608,0.06783291615830285,0.05131214484572411,0.06147375415788713
135.0_0.5,0.03575073639801626,0.02623325555757901,0.0247696116566658,0.1517995431874572
350.8_-30.2,-0.1525591145899541,0.030991679286687,0.3692384362220764,0.03982758186168073
48.5_-28.2,-0.09533967395158291,-0.07101437856233817,0.1193002313375473,0.0419301511766812
133.0_-0.5,0.02830439189080325,0.03577531373610429,0.04253727942705154,0.07236355441743138
10.6_-32.1,-0.1334395090926429,-0.06808759898205563,-0.01148704718798399,0.05308026844066036
51.8_-30.2,-0.1012250363229064,0.04228371677359064,0.01483885571360588,0.1087537092646689
208.0_-0.5,-0.141197090920742,0.06425185671242162,-0.04934068769216537,0.06122406232949709
221.0_-0.5,0.0654423879455225,0.03424273968754597,0.03959172964096069,0.04628569082991033
51.6_-34.1,-0.0346372820772245,0.06619577964470091,0.007051698863506317,0.0566310849643296
331.8_-32.1,0.0876394020869917,0.08422617208544568,0.01149054616689682,0.04603708659878907
168.0_0.5,-0.02193648308389644,0.02769155943663486,0.04760397970676422,0.02177880955083037
206.0_-0.5,-0.04136508419528587,0.03380126094569414,-0.01970170810818672,0.0358283790263979
223.0_-0.5,0.06613333817099709,0.07259642142048983,0.0129438042640686,0.03664346358058401
358.8_-32.1,-0.2852565744974594,-0.01840440987950524,0.02509762346744537,0.0897983670519884
333.5_-30.2,-0.06999666086292744,0.06873457740776269,0.013270303606987,0.02488438484675339
44.9_-27.2,-0.05910189497293297,0.03203149461299382,0.01393453031778336,0.05815923196745939
141.4_2.5,0.1591084491310167,0.05857971627291545,0.02231977507472038,0.03226706511745033
338.4_-34.1,0.0591409634420261,0.06099637244766132,-0.01470346748828888,0.07695766582910915
49.9_-35.1,-0.1284512231493616,-0.2021778261834358,0.08620942384004593,-0.03515193738418396
137.0_-1.5,0.04440394144018277,0.02790922721613424,0.006123688071966171,0.07555158306307294
221.0_-1.5,0.1094190690155371,0.03831701351611582,0.007849261164665222,0.04746174183545122
53.3_-26.2,-0.06257886546141023,-0.03522433949136484,-0.0106588788330555,0.05791474169588491
163.0_0.5,-0.05128332967779713,0.04380715920825662,0.01412311941385269,0.03163504759097652
181.0_1.5,-0.0104559899134009,0.01382709111718009,-0.00186612829566001,0.0332279560776301
21.6_-34.1,-0.05437902008254308,0.003798587276709441,-0.00742706656455993,0.06493188801243105
162.0_-0.5,0.06146967467954378,0.03655532143135383,-0.05049216374754906,-0.0205596967173708
165.0_-0.5,-0.0827526367895771,0.01688182500982725,0.002707470208406448,0.0987089366721923
356.5_-32.1,-0.0210154759292472,0.03592424874511425,0.02477683126926422,0.04187342993828861
46.0_-27.2,-0.1174127527643727,0.06406444969259065,0.03377340361475945,0.06973169837052409
352.9_-32.1,0.00903047301568416,-0.00996027431612811,0.05526448786258698,0.07761976986480704
139.0_-1.5,0.02434125425365664,0.01321125461007273,0.03330038115382195,0.05876429072024666
332.4_-30.2,-0.01477677159611282,-0.5098542848646727,0.1049148589372635,0.06697412731424424
200.0_-0.5,-0.0470387903555555,0.04720229512183301,-0.06053399294614792,0.02024848508774324
38.8_-32.1,-0.09620435964341162,0.01218996888824859,0.02127541974186897,0.08492736795532983
357.7_-30.2,-0.09853322480922733,-0.5912041348185196,0.0556122213602066,0.03853502958397007
34.2_-29.2,-0.1372499040724451,0.03321437844861703,0.03032157197594643,0.07493231746247693
8.2_-32.1,-0.00763073627037161,-0.2889940490079398,0.05783913284540176,0.04178046605300915
238.0_0.5,0.0645380460534864,0.06413710733830841,0.01829590648412704,0.03757945311362584
188.0_0.5,-0.06268870572271679,-0.02628913410851021,0.02827794663608074,0.01580169616208809
11.4_-29.2,-0.1490564322045874,0.01218760851375464,0.03942794352769852,0.02724962220821044
168.0_-0.5,-0.01244994520536778,0.002541577129965845,-0.00020082667469978,0.05085705215842699
212.0_0.5,0.03908770005002389,0.05092141679270776,0.007496103644371033,0.005051509048626713
341.2_-32.1,-0.00183606808688233,0.03820423881985675,0.03358551114797592,0.05743860391108478
3.6_-35.1,-0.1818452064029471,-0.1224869668820961,0.1200733482837677,0.01521051766640426
183.5_-2.5,-0.09500058964884345,0.03998606731058681,-0.05728137493133545,0.05538468571081478
218.6_-2.5,0.03828731605318281,0.07194816956594274,0.0196039080619812,-0.00366902163803343
158.0_-0.5,0.0676374607108204,0.02321040312083824,0.00299970805644989,0.03574347031827915
5.8_-31.2,-0.00789868478090491,0.04914027080993674,0.04637493565678596,0.03360001139613178
25.3_-30.2,0.005353256575527321,0.02731709719188984,0.02942939475178719,0.01652407334095278
355.2_-33.1,-0.02222041269879099,0.03352316574337146,0.0274159237742424,0.07864636164259582
11.9_-33.1,-0.1875133122045943,0.05575252675268257,0.03246700763702393,0.04039146785057119
189.0_0.5,-0.0560107375963822,-0.04219957088058368,0.000390604138374328,0.05017588102542572
42.4_-32.1,0.03433859898288003,-0.03505861772885601,0.02674532681703568,-0.00281391491835984
212.6_-2.5,0.0312727739743159,0.05659415937507004,0.04164553433656693,0.1044640974283453
179.0_-0.5,0.002239089987202146,0.01848750349655859,0.001682788133621216,0.4269148149105712
5.8_-30.2,-0.1333104125583166,0.04438401730480837,0.0252241175621748,0.04692936223479682
134.4_2.5,0.09488015109679959,0.07719128712737734,-0.03333654999732971,-0.01405074487680417
212.6_2.5,-0.06283740213848885,-0.02708404787843768,0.009086024016141891,0.0317494492260962
342.2_-33.1,0.005825402579357999,0.02677699657950052,0.04604059457778931,0.04383058817685151
217.0_-1.5,0.002703187637455209,0.06748324922052813,-0.00353454891592264,-0.3295382326740022
202.0_-0.5,0.1372698332913842,-0.01687065453981245,0.01656991243362427,0.06438260212632191
192.0_-0.5,-0.04335581773891721,0.04334378954881993,-0.06382527947425842,0.02161800306102146
219.0_0.5,0.0416877903502802,0.04743123163048926,0.01680026203393936,0.04968280323982617
45.6_-29.2,-0.07945014460513469,-0.00048011202033193,-0.1085016876459122,0.04295436701763264
136.0_-1.5,0.01542272666581033,0.04530677849577046,0.03131520003080368,0.02580992230172842
345.6_-34.1,0.07013463147651869,0.05455172300085815,0.01619963347911835,0.03429358815791943
138.0_1.5,-0.00555452397576319,0.02717198033143974,-0.04078111052513123,0.01001761686942405
132.0_1.5,0.06370828300373386,0.04986486176642711,0.03769160434603691,0.03739435747517188
330.8_-35.1,-0.06569592389355658,-0.03468405471158326,0.008151620626449585,0.06390447399256095
180.5_2.5,0.0258950811895335,-0.04906626489366454,0.003737799823284149,0.04617578943101694
137.0_0.5,0.07890891559244731,-0.02419772386930299,0.01519892364740372,0.06631262680629516
6.9_-30.2,-0.00942787046185641,0.0362297442479553,0.0633014664053917,-0.00376691940947626
223.0_-1.5,-0.04216634257090537,0.01924318307022736,0.01222071051597595,-0.08126070578296549
43.3_-29.2,-0.1947615216507567,-0.08654858388501953,0.03709311410784721,0.07517591297176023
13.1_-33.1,-0.2261573828165504,0.01601468584114264,0.0346105769276619,0.03036966627919764
187.0_0.5,-0.0345724262367148,0.06642940433371859,0.001329917460680008,0.03334759346249098
43.2_-34.1,-0.07900123893769087,0.02585131353586712,0.02301178872585297,0.08459061907494653
223.6_-2.5,0.09057718111978569,0.03297839558234136,0.0316341295838356,0.04006462198059194
232.0_-0.5,0.02734524113772373,0.05114696186452136,0.04635827243328094,0.05174096239067353
216.6_-2.5,0.2999367371064557,0.05941563523789432,0.01872994378209114,0.04487644817270939
218.0_-0.5,0.091042569661875,0.05582793412105696,0.007713831961154938,0.04111555035539675
353.9_-35.1,-0.09670925255942386,-0.04743433802729782,0.03356044739484787,0.04122976308079501
330.3_-33.1,0.0562099445288663,0.01727952595267982,0.0440693274140358,0.04921633938922173
46.3_-33.1,-0.1046781702529578,0.0303272221901334,0.01783157698810101,0.07199394495714068
9.2_-30.2,-0.1670886936793831,-0.07952846384368786,-0.00389017164707183,0.02334176115902301
187.0_-0.5,-0.01125317896173458,0.03397785278914506,-0.123858705163002,0.04342342317410322
342.4_-32.1,-0.01770529809591163,0.06960597865104341,0.03839228302240372,0.04911443417274722
3.5_-31.2,-0.1010221610088942,0.02129917095983001,0.03518199548125267,0.07343627801145886
357.6_-32.1,-0.0041437641958989,0.03367257648301757,0.03710005432367325,0.05665653251356616
190.0_-0.5,-0.04056087114591324,-0.02946479706017271,0.000903643667697906,0.00955967924189622
347.3_-30.2,0.0630182463158218,0.04233175206038959,0.01578458584845066,0.05621252087371295
337.4_-33.1,-0.04047344509582015,-0.0068599228369128,0.04383917897939682,0.05439613498145263
217.0_-0.5,-0.0648621392107552,-0.03873854095730109,-0.07809421420097351,-0.08164580312885254
140.0_-0.5,0.003596987695908702,0.04415950305559681,0.05164852738380432,0.07101710040157014
48.9_-26.2,-0.1766757152319123,-0.09639990291804588,0.01080271601676941,0.1865444963451996
357.6_-35.1,-0.1973481136311199,-6.627924792997e-05,0.0335455983877182,0.02609639386710137
178.0_1.5,-0.08763218572646977,0.01286627962405475,0.03660418838262558,0.01597533971457972
349.2_-34.1,-0.05623774445597629,0.02763285605655801,0.02677756734192371,-0.00081051659979175
342.5_-31.2,-0.03895314147164442,0.02226903824375404,0.04521514102816582,0.06814922790336027
172.0_0.5,0.01052755999957,-0.05195679911313528,-0.00263695046305656,0.1128343925379263
358.8_-33.1,0.0277727094358142,0.07544956980154574,0.03170726448297501,0.07795123831906312
140.0_1.5,0.03374546529618899,0.0267460823396309,-0.03393709659576416,0.03960494062632551
136.4_2.5,0.0300142515805088,0.03337934881427691,0.04791167005896568,0.08368720878042085
18.6_-31.2,-0.1570530523571023,-0.0404905663510782,-0.05155772343277931,0.04296705414884559
175.5_2.5,-0.1148441229601265,-0.03885937967144036,0.02999258227646351,0.0694867207891175
209.0_0.5,0.01662834554092649,0.03021161382572657,-0.3274042010307312,0.03311915553347489
329.6_-35.1,0.0439758039078446,0.007041135963574217,0.04327932745218277,0.04084941512000796
177.0_0.5,0.02218008485865451,0.01310054067906935,0.0116557814180851,0.05182803636805625
156.0_-1.5,0.006259392975309551,-0.08189638988595699,-0.02722004801034927,0.01427449456077989
188.0_-0.5,0.1866079832243864,-0.0075454383435142,0.02766286581754684,0.01504273539490464
348.5_-30.2,0.02462490565180118,0.03282778881901233,0.3658596873283386,0.03374566805616902
172.0_-0.5,-0.05318802136201017,0.05706824737836769,0.003841803409159184,0.09286122986540647
53.5_-33.1,-0.0969886982527318,-0.05384743778506663,-0.00829237699508667,0.05845609652502889
16.3_-31.2,0.01253182554532689,0.03387952139640583,0.04454116523265839,-0.01235669278801015
332.0_-35.1,-0.01163766862867388,-0.09880171732020676,0.05305228382349014,0.03681835110800784
37.6_-32.1,-0.172591758496405,-0.00859666555129297,0.05134039744734764,0.0583655408362547
193.0_0.5,-0.01099482062189799,0.004965640193502166,-0.06863665580749512,0.02999776066853382
331.5_-33.1,0.01659064895030329,0.04466161521776064,0.02867163717746735,-0.00201162982296318
15.9_-29.2,-0.2156779450927115,-0.1610354261348998,-0.01543157175183296,0.0410016962874638
348.3_-31.2,-0.06502089193084595,-0.06036050103425643,0.05170761048793793,0.02397731183666633
46.6_-31.2,-0.0475381981717338,0.06112696727819457,0.01335413753986359,0.06714540796928123
31.5_-31.2,-0.1092536916114649,0.03365879867336571,0.0294056236743927,0.04786919281991595
39.6_-31.2,-0.02983850532897181,0.02887780040692269,0.02818572893738747,0.03717764162903722
177.0_1.5,-0.03598456503967172,0.01709264088184932,0.01815144531428814,0.03882355208754143
173.5_-2.5,0.08972992515087731,0.07001375824297339,0.002332471311092377,0.05789884939502963
182.0_-0.5,0.066133452416644,0.03082036617431982,0.0156828947365284,-0.01772808665186608
236.0_-0.5,0.094542627921816,0.0652557880771801,0.02858578041195869,0.03748133585320022
349.1_-35.1,-0.0203050180868154,-0.3921659385002993,-0.08331786096096039,0.05787043212357662
176.5_-2.5,-0.06275571832482854,0.02456772874887952,0.01123036816716194,0.07168839918975117
342.0_-34.1,-0.01696785168822715,0.05393431397336712,-0.01793801411986351,0.08780974147415942
141.0_1.5,-0.1460548361851429,0.05682882849427393,0.04586351290345192,0.03561249046774947
192.0_0.5,-0.02515378934211131,-0.03055814701057397,-0.0655757486820221,-0.0123032446381801
44.9_-30.2,-0.05968513219526297,-0.00509009376442281,0.01998120546340942,0.008071476421392616
166.0_-0.5,-0.07003698963994962,-0.00201684178038931,0.009388048201799393,0.05599705955672903
197.0_0.5,-0.06872104035517201,0.0522855256580059,-0.00504697859287262,0.0347598143569669
219.0_1.5,0.05308827316428419,0.06145413048154387,0.01580245047807693,0.04935981157335868
21.4_-28.2,-0.1556854559449566,-0.02547915566770576,0.0286987666040659,0.04332975202883404
180.5_-2.5,-0.01319375632939421,0.0104305313101836,0.04008135572075844,0.04455621826679555
44.4_-34.1,-0.2166050600220316,0.00466267510068246,0.04850463196635246,0.05983756909516705
341.4_-31.2,0.0135276340380563,0.03366012295874032,0.0271313488483429,0.05512239420361174
18.1_-28.2,-0.1265330425678694,-0.08826657472101943,-0.2448736131191254,0.02161486855103817
35.3_-29.2,-0.152682040878823,-0.2112145415142368,0.03310001641511917,0.02874000118885397
30.3_-31.2,-0.1456178123998193,-0.0332793046257957,0.05969643592834473,0.05091569030850542
41.2_-32.1,-0.03715571724059552,-0.01960842166744078,-0.00042575784027576,0.07954872684813108
4.8_-34.1,-0.0728292448472305,-0.06620267298615318,0.009525995701551437,0.07586683384778461
193.0_-0.5,-0.04029086173452735,-0.02983748079231464,-0.04994835704565048,0.03397707312679858
356.6_-29.2,-0.1147769721999053,-0.00411315261263826,0.0145043209195137,0.01155467867827588
353.2_-29.2,-0.1227488584995198,-0.06318060522622386,0.04946483671665192,0.03004525639259691
238.0_1.5,0.04814259844074949,0.08128624696079033,-0.01578695327043533,0.04037403802800395
195.0_0.5,-0.0018649474497783,0.008211791799884627,-0.07540678232908249,-0.082293044156522
50.5_-27.2,-0.07467845739321713,0.0132510874847203,0.002239234745502472,0.05813387830916508
346.2_-30.2,-0.3161485277518155,0.05880077229878589,0.008408373221755028,0.04306524962264757
52.7_-27.2,-0.1077654302467404,-0.00431097578125627,0.03284177184104919,0.07777356711821358
13.2_-34.1,-1.065936448496267,0.03513751160010929,0.03287868946790695,0.02670139382577236
331.5_-29.2,-0.00126029318571077,-0.6277681785139032,0.05188992619514465,0.03574945592939207
156.0_0.5,0.0649019592259681,0.02298166990659524,0.05221905559301376,0.02520897833759523
352.0_-29.2,-0.07802145234003979,0.03324237743542744,0.01829712465405464,0.04778059350929106
1.2_-30.2,-0.1307352957773575,0.02057673968111294,0.02140218392014503,0.05560416606420131
49.3_-27.2,-0.4023749069505256,-0.05427319959037868,0.005898572504520416,-0.0827354407562998
32.4_-34.1,-0.1055995621369064,0.02884928771996783,0.01350003853440285,0.04364391111380791
166.0_0.5,-0.06863686842984927,0.03654387895191746,-0.0495128370821476,0.05459556547505565
212.0_1.5,-0.0163135503765546,0.04864081897400058,0.04167904704809189,0.006558699462695133
41.0_-29.2,-0.2735431094683122,-0.1307899336076357,-0.08199885487556458,0.06249851528908745
4.6_-29.2,-0.09977095929383281,-0.00138013183944167,0.01169335097074509,0.1430031741231796
343.2_-34.1,-0.1503399467378606,0.03418996393722728,0.03257254511117935,0.04022722445993577
185.0_-0.5,0.04193800315282198,0.04078869862795478,-0.02038008533418179,0.06058113315797664
330.0_-34.1,-0.02609609568635218,-0.01539268334102439,0.01666256040334702,0.07068415599055175
331.2_-30.2,-0.06892268601461521,0.002010522502483694,-0.03816056251525879,0.02997746842077589
175.0_1.5,-0.04215460152291788,0.000267526511592904,0.03712621331214905,0.0734048598506754
337.9_-31.2,-0.09075222880345103,0.01439349849667542,0.01046743243932724,0.05155774081140248
213.0_0.5,-0.03684661013803199,0.0681290429143453,0.004644192755222321,0.03815749510080627
53.5_-35.1,-0.07588583919753665,0.00576223346076722,0.007494140416383743,0.03438349440642878
52.9_-32.1,-0.0670682543212082,-0.02366766647094573,0.02006098255515099,0.05229292401715202
163.0_-0.5,0.04484652934935,0.02589629584715249,-0.04733167961239815,-0.01132127411019837
2.3_-31.2,0.01392672696253799,-0.7064261959689172,0.03155238181352615,0.0555311902739893
9.4_-32.1,-0.2433941258306105,0.01005007603233389,0.02344055101275444,0.01818645325563466
330.6_-32.1,-0.02156321623842124,0.07540480640770864,0.03419236838817596,0.0694681384785697
15.0_-30.2,-0.08514539833560691,0.01705630202125667,0.05513439700007439,0.03927173029788901
46.7_-26.2,-0.1127393881239803,0.03522203690892729,0.03941366821527481,0.05579997136541261
205.0_-0.5,-0.0029704846444892,0.07464375412104778,0.000896451063454151,0.00763860757543057
211.0_-0.5,0.06510848867375021,0.07592523508458862,0.02481791749596596,0.01932611483762423
219.6_2.5,0.34585954717795,0.03267725520204794,0.04196436703205109,-0.0876237906829174
129.4_2.5,0.00687329793966197,0.02550139952097948,0.03087399527430534,0.03330935525445011
184.5_2.5,0.02087583538606551,-0.05899728066386729,0.03184247761964798,0.05000956025536994
224.6_2.5,0.06543265035756951,0.1405856055029717,0.0328499972820282,0.05457311933960977
213.6_-2.5,-0.2457464244325373,0.07001054139420534,0.05040010809898376,0.01453248776303406
225.0_-0.5,0.0850082528269553,0.07086811934451567,0.0118737667798996,0.02316948461051254
36.0_-34.1,-0.101648960544612,-0.01256100765970859,0.02191956341266632,-0.04135656274779557
178.0_0.5,-0.07237417952842039,-0.06830146308867142,-0.00223700888454914,0.05368499136636228
201.0_0.5,-0.00310017661586228,0.02017689550024113,-0.0482705682516098,-0.02219876401771546
130.0_0.5,-0.146303701337624,0.03955487323110822,0.05507391691207886,0.05250346100832712
199.0_-0.5,0.06364807417351528,-0.01456520520414119,1.36531889438629e-05,0.008713865554170525
349.3_-33.1,0.016871591121108,0.008462473202122622,0.04352577030658722,0.0310060233435546
12.7_-30.2,-0.1633626748117635,-0.07548342328492254,-0.02179852500557899,0.04249773988817833
167.0_0.5,-0.01449305781332239,0.01968802075406302,-0.05194824934005737,0.03451485987088496
38.4_-31.2,-0.07593925623678449,0.02985908527090578,0.0131231639534235,0.04097713128913984
334.1_-32.1,0.02200471052092111,0.05916487155785148,-0.04920876771211624,0.03531751702091743
52.2_-26.2,-0.153991519900893,-0.05233652974034976,0.05163411796092987,0.08760706890264919
339.6_-34.1,-0.1383076550536713,-0.01340385602294475,0.03315816074609756,0.005704614676442021
130.0_1.5,0.1068312540567443,0.05906009846373536,0.06060855463147163,0.04959115092177854
45.6_-26.2,-0.07536885474472681,-0.01216118178387023,-0.02545740082859993,0.05832685078093255
216.0_1.5,-0.06573083604217068,0.04764580101175216,0.009645100682973862,0.06115374081093773
46.2_-35.1,-0.1244470373377721,0.00324517975349272,0.04904843866825104,0.03544296538562685
1.1_-29.2,-0.1100079169466987,0.003427373809157871,-0.00042382813990116,0.1715838082166128
176.0_0.5,0.01008633354490199,0.06066953557078455,0.02182172425091267,0.07068613930994422
344.2_-35.1,-0.03007766128571622,-0.07367991170249188,0.06483209133148193,0.03075145007806254
222.0_-1.5,0.08157929346996881,0.05166355916727048,0.007279850542545319,0.02909377153525099
332.7_-33.1,0.06095507097407701,0.03124034965392388,0.05018290877342224,0.05345036607560189
37.6_-29.2,-0.1047304749504261,0.1019418082256634,0.01211423426866531,0.08273989302989049
8.3_-33.1,-0.1650724731610083,-0.1667274906809798,-0.08642873913049698,0.03002558578217941
352.7_-35.1,-0.1391814402220636,-0.0620774156828918,0.03997374325990677,0.05105890255777194
39.1_-30.2,-0.1626529509127424,0.02368763395054248,0.01437202654778957,0.05957496276048915
235.0_-0.5,-0.05765143018919702,0.03035576134140285,0.02078993245959282,0.000933726914018166
41.6_-33.1,-0.1251458759238619,0.006973205690168016,0.0308554470539093,0.0301141141032615
36.8_-33.1,-0.0560599035856157,0.0126037548073532,-0.03168755397200584,0.04189666708644836
332.9_-32.1,-0.00514823064193115,0.04299567047048151,-0.04532383009791374,0.03917661942685652
47.8_-26.2,-0.2407610260003086,-0.09677024385358346,0.04378331825137138,0.07099576009337125
8.4_-34.1,0.008199655319841181,-0.06207737400390125,-0.1432355493307114,0.04602980417085178
220.0_-1.5,-0.02250488781623823,0.067543996632352,0.01208107173442841,0.04811786747688779
184.0_1.5,0.009445961340928191,0.001959163426847226,0.00455571711063385,0.05202874662776708
338.1_-35.1,-0.01864218975764836,0.0331784115453504,0.04633350297808647,0.06029147938706717
14.4_-34.1,-0.02810315718470141,0.02155035177754235,0.02234679460525513,0.04885628155788527
52.8_-34.1,-0.06815261442620844,0.02188061501256471,0.0605994388461113,0.04831846145396048
129.0_-0.5,0.06361127422138141,0.0555489022901238,0.01977928727865219,0.02245196218948593
157.0_-0.5,0.0318286314009755,0.0211668771782513,0.01425703801214695,0.04632750773249404
134.0_-0.5,-0.0558711510279792,0.04563888013784412,0.04061076045036316,0.007677466167661233
336.7_-31.2,-0.0912678426796539,-0.03164690962690953,0.07926519215106964,0.03169031942342394
139.0_-0.5,0.0505651737348248,0.03423695071288194,0.03191270679235458,0.02322341978205805
173.0_1.5,0.0347228722148491,-0.03650830294067487,0.02369044721126556,0.01502536217397369
41.4_-30.2,-0.04329436205164866,0.06567727602607283,0.02878604829311371,0.06302266164897992
33.6_-34.1,-0.1476974734230093,0.03262024439470861,0.02441208623349667,0.04526509411432926
140.0_-1.5,0.0220182242623717,0.03856936206743421,0.03499063849449158,0.04507425075672927
4.7_-32.1,-0.04682096895336771,0.05148586492769437,0.04157336801290512,0.05173735435289291
220.6_-2.5,0.1068606318602325,0.06974769009559123,0.03165054321289062,0.0313821834666187
176.0_-1.5,-0.00641821196171137,0.01321070495323716,-0.00479588285088539,0.03260854661739336
185.5_2.5,-0.02863993325800007,-0.04143545424626245,0.002310730516910553,0.04305386709222375
26.5_-30.2,-0.1193610503077894,-0.00286862536437547,-0.00678255129605531,0.02387773392324107
52.3_-35.1,-0.098660026815717,-0.02633315513418984,0.03854089230298996,0.04235493259131999
134.0_0.5,0.01460704949406345,-0.054658896757403,-0.03568194061517715,0.003787203049496611
17.6_-32.1,-0.0829274697588146,0.002387639164102893,0.01309649460017681,0.06798036895502628
130.0_-0.5,0.072206117660774,0.02890892792097907,0.03047491982579231,0.07088545025328494
347.5_-29.2,0.0302455275982613,-0.2296640664718443,0.03610950708389282,0.003177733942986607
222.6_2.5,0.07259152502758331,0.07128005686098812,0.01740613952279091,0.05002217451930233
51.1_-35.1,-0.1382043582436775,0.04028860933794158,-0.04496483504772186,0.0997928759093652
176.0_1.5,-0.01801733931034769,0.01220292315055667,0.007700201123952866,0.008851504167833582
226.0_-0.5,-0.00712233056820588,0.07429061310505426,0.006241075694561005,0.02773170448372559
135.0_1.5,-0.05695726399722345,0.05285610224856679,0.1261338144540787,0.07385729037660257
339.3_-35.1,-0.0769214037354967,-0.04266337643586926,-0.6451178789138794,0.05689606684376758
214.0_-0.5,-0.02175981826111321,0.06179865567695982,8.22171568870544e-05,0.1135709578419668
186.0_-1.5,-0.0152579930226628,0.01777756934434888,-0.03750325366854668,0.05685154429771921
10.5_-31.2,-0.1061960059974944,-0.03330385075326194,0.0203985832631588,0.08084636459742751
216.0_-1.5,-0.04722380780658458,0.03669888423979705,0.04517935216426849,0.07130475295893826
38.7_-29.2,-0.2167406494916616,0.02897293156452861,0.1231067106127739,0.0673351563742649
34.5_-30.2,-0.07143720531649292,-0.00972340088416694,0.04970377683639526,0.06212703682587562
350.3_-35.1,0.0201062757982514,-0.6003806389120041,0.01667490601539612,0.03972784079985195
351.7_-33.1,-0.00948143488340901,0.02621228411224638,0.0323416143655777,0.05380314942639711
358.8_-34.1,-0.12624618594103,0.03636713399745441,0.01908895373344421,0.06159593822553939
11.7_-31.2,-0.05633590468470373,0.02632393439259522,0.0442575141787529,0.04764072247695276
351.6_-34.1,-0.08804114698101942,0.03593184028605924,0.01478500664234161,0.03028716261782415
42.2_-29.2,-0.287194993439067,-0.1508446600883567,0.03106559440493584,0.0759360592237008
135.0_-1.5,-0.01278239887296443,-0.00511103773639752,0.00789634883403778,0.02577637609787257
3.5_-30.2,-0.1223465277618362,0.0648134597372973,0.1003569662570953,0.07053149878282511
340.6_-29.2,0.02685816504195521,-0.00554713165806412,-0.05155492201447487,0.04415281344025186
131.0_0.5,-0.00837805750511496,0.01439377324078669,0.0520402193069458,0.04006168678622771
346.8_-34.1,0.01168105824246791,0.04526730377063723,0.02525624632835388,0.04330011957780971
346.3_-29.2,-0.0208030747964692,0.03259880202157137,0.04624152183532715,0.05128896723654134
174.0_1.5,-0.04851143792187257,-0.1031190076002474,0.04086482524871826,0.0516351937774142
340.5_-35.1,-0.03901913071385046,-0.1592538177629846,0.002269119024276733,0.06408291237614602
18.2_-29.2,-0.2211068303596126,0.03609277851763681,-0.2305132299661636,0.01507944027333077
185.0_0.5,0.01481507379728871,0.01890404877296351,0.008286075666546822,0.04762168588320174
208.0_0.5,0.01498121999963664,0.03614747585383635,-0.05946554243564606,0.03459348084519286
216.6_2.5,-0.04494079957184933,0.06306312223461669,0.01938151754438877,0.06169451072940547
171.0_0.5,-0.02552628396708811,-0.00669524865027346,-0.05145192891359329,0.06178231535160854
29.1_-31.2,-0.1281513613791919,0.02296982789372623,0.05812889710068703,0.02613065025651758
339.0_-31.2,-0.0160440644969926,0.01666471775742366,0.01670105382800102,-0.0525648461156718
132.0_-1.5,-0.00448517973702811,0.0638684522903286,0.04111507534980774,0.04985731143346402
179.5_-2.5,0.009659563365337728,0.01084376728264908,0.002419784665107727,0.07326001320702119
191.0_0.5,-0.07730710169536094,0.03506990130911697,0.006459588184952736,0.001428257824787806
347.1_-32.1,-0.00464391310156309,0.06370636612661656,0.02235161885619164,0.04887009855672375
186.5_-2.5,0.0311161378013919,0.04662228562201262,-0.1877537071704865,-0.02920850494037711
43.5_-32.1,-0.0022467801065826,-0.02046389179106609,0.02567794173955917,0.04459906107121697
39.9_-29.2,-0.1423792232669454,0.0482222719442052,0.0108683705329895,0.06838871377534815
15.6_-34.1,-0.07621826444448501,-0.04229464048922819,0.02828121930360794,0.07841660746644993
196.0_0.5,0.02006995140329247,0.01284818930875464,-0.300569474697113,0.03097452190591071
182.5_2.5,0.0768160578442593,-0.02373513172590071,0.03124673664569855,0.04391957292666018
172.5_2.5,0.03588312160637408,0.03094251152481002,0.009401798248291016,-0.00369051234158928
42.8_-33.1,0.001630258166649606,0.03538452467684874,0.02151906862854958,0.04955287448784975
174.0_0.5,0.01161837533532459,-0.08716220197911981,0.02309703081846237,0.05035209633835769
217.6_-2.5,0.08147744893280069,0.02769442587627202,0.1098452210426331,0.06587767627428844
20.0_-32.1,-0.0740479246941389,-0.00594256043465748,0.02242006175220013,0.09126512266840928
350.6_-32.1,-0.05280355969013011,-0.01381691448295624,-0.00121419876813888,0.06348326939189133
140.4_2.5,-0.00740806546963848,0.02755850570373855,0.01691490411758423,-0.02837029970560093
7.1_-32.1,-0.05728490762817399,-1.098218977182597,0.02368903532624245,-0.00055603889115946
348.2_-32.1,-0.05396026380111917,-0.07353465084666232,0.04656617715954781,0.05374481310489034
32.2_-30.2,-0.1833856923260883,0.02570396125885691,0.0372619517147541,0.04052540507293179
33.4_-30.2,-0.1490715227532789,0.03692931739832056,0.02991358935832977,0.0790346311495623
337.6_-32.1,-0.03101563611093412,0.03405795294311974,0.01506127044558525,0.05207485659110227
14.3_-33.1,-0.1151738131481228,0.04478894283697332,0.06068567931652069,0.02599126461236028
216.0_-0.5,0.05487399244402649,0.04776030104696918,0.005766173824667931,0.03341309215905994
132.4_2.5,0.02192756020543649,0.02378202511374388,0.0133232232183218,-0.09168062400679605
356.4_-33.1,-0.0778562204373468,0.07024643149969848,0.02461161278188229,0.01334678640829611
42.6_-30.2,-0.1073704831461208,-0.04141670102951775,0.03970623016357422,0.06275852992914588
19.0_-33.1,-0.1707262631761588,0.02463339119517332,0.01503923535346985,-0.01575629430895697
345.9_-32.1,0.006183539252703402,0.05597203300773163,0.04448806494474411,0.03936953451624663
330.9_-31.2,0.1088456557434537,0.04808071812106334,0.03254666924476624,0.03313725168273868
50.1_-29.2,-0.01038615424925471,-0.02741974974749246,0.04178225249052048,0.04525390323296688
167.0_-0.5,-0.02273864061547116,0.00541073038562854,0.01393233984708786,0.06306722479925793
335.3_-32.1,0.04670866274365319,0.0330889290659735,0.01979068666696548,0.04363217680939818
169.0_0.5,-0.06490642142780702,-0.01115960748984753,0.04648701846599579,0.05564505081213906
213.0_-0.5,0.03912347718115189,0.08057047541041175,0.03148313984274864,0.02535774852663542
334.5_-35.1,0.03012795704657331,0.06489840098241768,0.04785627871751785,0.03998986646148898
5.9_-33.1,-0.00218847037665317,-0.04794371618640299,0.03913664445281029,0.05823979414253154
33.3_-33.1,0.01425660801586011,0.02871064796432574,0.03770909458398819,-0.00303910134492662
7.0_-31.2,-0.0954921417899712,-0.03957097612774532,0.02541165798902512,0.00041227333866527
22.6_-28.2,-0.1523244708314956,-0.02940472885650161,-0.0511767789721489,0.01282488118327638
6.8_-28.2,-0.09104315831186513,0.0262154599986286,0.05464485287666321,0.02126683699646491
175.0_-1.5,-0.01342057246917973,0.04097899278728596,0.01626768335700035,0.03907782801027588
3.6_-34.1,0.03677806956057199,0.03593844381889494,0.09455493092536926,0.05325525352938734
179.0_0.5,-0.02651868202833772,0.02743822555393604,0.007510125637054443,0.04162952480498848
175.0_0.5,0.014726365534422,0.02499637433460793,0.01698380708694458,0.04235219280455885
216.0_0.5,-0.05033085468899539,0.02588888372082522,0.01758495345711708,0.04349381613274488
355.3_-32.1,-0.01795680024700649,0.04637306004952325,0.02510212734341621,0.06297712242744818
20.7_-30.2,-0.0963913550387802,0.0188251819350935,0.02553454041481018,0.07277379707646878
229.0_-0.5,0.04496746926816316,0.05633038766102527,0.05197132378816605,0.06102733049933772
20.5_-29.2,-0.08865785002611462,0.02241764674450587,0.0179729275405407,0.04293089963150305
34.1_-32.1,-0.1215905380489069,-0.00983677699087001,0.06629656255245209,0.07770206221853641
218.0_1.5,-0.02115985458343045,0.04060459961058223,0.0347873717546463,0.03384625108654928
358.8_-31.2,-0.0316840184147547,-0.00709515906701744,0.01836799643933773,0.01926594564760899
44.3_-31.2,0.005109392257930306,0.0317378823488657,0.02291934564709663,0.01907037523905638
210.6_-2.5,0.1026934833605904,0.0313556748304037,0.03990628570318222,0.06782316163734549
335.8_-30.2,-0.05166671524050361,0.06522947192571463,0.04678314179182053,0.03784741740317952
162.0_0.5,-0.03167424319889192,0.04167734593405931,0.04669518023729324,0.03210284809878818
50.6_-32.1,0.04294105356646308,-0.0398879825510353,0.01630587503314018,-0.01527513332110175
137.0_1.5,0.0566847350793612,-0.02192977150372599,0.000245433300733566,0.03862013836153983
221.6_2.5,-0.00858879807408561,0.0374794976108692,-0.00462793745100498,0.03747091760535443
34.5_-33.1,-0.00249790657113907,0.03997626239130932,-0.00063119269907474,0.05832342782905289
210.6_2.5,0.0607181498906324,0.04289283537038478,0.03059075772762299,0.02396099555972796
173.0_-0.5,-0.04656123277332914,-0.05422134143122526,0.03203821182250977,0.04054870614276365
37.3_-31.2,-0.1373030531238878,-0.05838722653444711,0.03745628148317337,0.07796512502613495
172.0_1.5,0.04027071580210259,-0.03841645168891364,0.03079566732048988,0.06753645102676159
184.5_-2.5,0.0317764479007767,0.03826103113918362,-0.06618325412273407,0.04148751183206548
351.8_-31.2,0.0210879095623053,-0.00626444925660792,0.03826544806361198,0.06358479814507507
350.4_-34.1,-0.03316791947101001,0.06003214046622521,-0.01197507791221142,0.04006237286090936
34.8_-34.1,-0.08015520885209729,-0.02894923838627346,0.03645223006606102,0.02816503196223584
49.4_-32.1,-0.06577774843725082,0.02908816232834761,0.05562234669923782,0.05564883279202514
339.8_-33.1,0.03096312304291761,0.04171602926421201,0.03881580382585526,0.04342345164090489
133.4_2.5,0.01246653787832112,0.04170359300431073,0.01391611061990261,0.06291165551948211
161.0_-0.5,0.06775884289974168,0.06719444751149377,-0.04339475929737091,-0.03077537239309595
215.6_-2.5,0.1152525180828328,0.07811461388274415,0.01298545114696026,0.04031593357261488
17.1_-29.2,-0.1802246497334232,-0.09081473704190376,0.04961405694484711,0.06632844925165318
197.0_-0.5,0.1108445100944121,0.05709542111721532,0.01275015622377396,0.003610159446554462
209.0_-0.5,-0.0230474248613492,0.01394275119567703,-0.05575649440288544,0.04670917142883377
203.0_-0.5,-0.03364241673632085,-0.01184042366129347,-0.03464236110448837,0.0230769633266325
138.0_-1.5,0.03924632930578821,0.06343630787454141,0.01022470183670521,0.04018126723624937
15.4_-33.1,-0.0791945969727366,0.03953991636180718,-0.01993194781243801,0.06223955226473027
223.6_2.5,-0.0057809869079413,0.05110695223617768,0.002399332821369171,-0.09090646804174139
49.9_-33.1,0.06214598960317028,-0.02885123502457827,0.02531454712152481,-0.04836376127070617
48.2_-32.1,-0.06157351874868487,-0.03178226868747151,0.02938229590654373,0.03487939588641984
135.4_2.5,-0.05238013750154728,0.03653798714975642,0.03622563183307648,0.05199898306804221
179.0_1.5,-0.00949923245679409,0.03587195563855903,-0.00129714608192443,0.02887258280214314
351.5_-35.1,-0.107894511048866,0.04055818414007331,0.02546252869069576,0.0706764518987659
182.0_0.5,0.03839758092165829,0.1596532145665256,0.008136935532093048,0.06735034785677704
230.0_0.5,0.0604633854033978,0.07256339523082408,0.038857601583004,0.03731470749587845
220.0_0.5,-0.02081408364781213,0.0746843033856178,0.01974879950284958,0.05525303539670892
15.1_-31.2,-0.1301843225726144,0.06624244830058683,0.1025055944919586,0.04777569722678868
17.8_-33.1,-0.1351926312183837,0.0211623194594531,0.02760324627161026,0.000290375956748446
329.4_-32.1,0.02799035345045621,0.07719024732087154,0.01488973386585712,0.05620569317765262
46.8_-34.1,-0.0331050087347424,-0.04788018841048779,0.04247868061065674,0.04762972656436613
215.0_0.5,0.0210905975109702,0.04625697206321161,0.04162205755710602,0.002814741606554434
134.0_1.5,0.05257115864100335,0.06707994776871443,0.03575429320335388,0.002177868328163864
333.6_-34.1,-0.1292956125585937,0.03589482414187091,0.02618668600916862,0.04647266739882366
334.9_-29.2,0.01197754682261859,0.06294283340915592,0.03922026976943016,0.06955915541869945
335.5_-31.2,-0.01173003027252056,0.03788941143847251,0.02933795750141144,0.05180354776344438
349.7_-29.2,-0.03756335729035651,0.03644238739067623,-0.01383805274963379,0.05682121142004826
5.9_-32.1,-0.02414687057430839,0.01137891390704681,0.04759687185287476,0.003794044553413638
169.0_-0.5,0.000883467565163789,0.01973624075361158,0.01044019311666489,0.03157652007263823
345.2_-29.2,-0.02985625844038985,0.03574385381233924,0.04004879295825958,0.05226628543843981
159.0_0.5,0.02252598289523011,0.02946120608055253,0.04147107899188995,0.02094666613564459
219.0_-1.5,0.05757138295542651,0.04434293565699955,0.02834418974816799,0.04744507134011679
184.0_-0.5,-0.01577505754829737,0.02221887761034088,0.01323240250349045,0.09143944865735694
220.0_-0.5,0.01032031365449668,0.03481619629107911,0.03743298351764679,0.03006474792250254
355.2_-34.1,-0.09949492251563495,0.02717660284763179,-0.00535429641604423,0.01544323130791054
333.9_-33.1,0.04723033655401292,0.01621938633826016,0.09772675484418869,0.03933473174222649
331.2_-34.1,-0.0857076430656514,0.04903935024559575,-0.2253403961658478,0.04789462859596599
222.6_-2.5,0.0147596372667208,0.01776890114445064,0.001684499904513359,0.02731406661254414
47.4_-35.1,-0.100053012096303,0.003415636823656309,-0.07914742082357407,-0.01833443138825805
196.0_-0.5,-0.2176834700183413,0.0649277678937184,-0.06054995954036713,0.01433896587944389
45.9_-32.1,-0.0655675115588999,-0.07063572951809784,0.01832230389118195,0.1641175922143757
181.5_2.5,-0.05987999997278105,-0.04626583457625406,0.04640775173902512,0.0575223329508774
131.0_-1.5,-0.00318968526529292,0.01288992199187919,0.05023286491632462,0.03334646288978138
9.0_-28.2,-0.05353054229299631,0.03538431912196938,0.03147983551025391,0.04641659794538464
1.2_-35.1,-0.1510416637411395,-0.05910624737576006,0.1227318570017815,0.02934183730866426
177.0_-0.5,0.05598396038642079,0.03541066479649203,0.04343992471694946,0.05238652106513814
183.0_-1.5,-0.0465087837929963,0.03427462209189969,0.008953608572483063,0.07700295660165069
16.8_-34.1,-0.1247367441026569,0.04329634588501585,0.03662458807229996,0.07735788874316722
181.0_-0.5,-0.03526097039181147,0.01580037954862757,0.02920029684901237,0.03982461335465473
211.6_-2.5,0.0634138134553058,0.1278662795814801,0.03637281060218811,-0.1080739389411332
150.1_2.2,-0.0014779266043268,0.006944577503406889,0.009470313787460327,0.04935819204623567
49.2_-34.1,0.007662646356419306,0.02073410714290185,0.02253480814397335,-0.03125271076349782
350.5_-33.1,-0.05531091434914975,0.02360510864575645,-0.01502822712063789,0.03089408122751843
211.0_0.5,0.1137659172738174,0.0787012144670291,-0.00802860409021377,0.01237587463427553
224.6_-2.5,0.03781438118784319,0.02753029039980584,0.009351043030619621,0.04967073099498066
139.0_0.5,0.01356741653154933,-0.06743509085293022,0.03109003603458405,0.02549838116704609
354.1_-33.1,-0.02239165453371358,0.02425222558824316,-0.0090077556669712,0.02475443044990606
18.0_-34.1,0.007694235570710778,0.02596911060843831,0.03379468619823456,0.08041112191833871
220.0_1.5,-0.06117891126298093,0.01769030348910212,0.02677103318274021,0.05069449676935358
11.5_-30.2,-0.134073117110214,0.01979411871843013,0.03926005214452744,0.01498226293110793
215.6_2.5,-0.09386045706427787,0.05343194327500282,0.04338320717215538,0.02787707179554264
9.1_-29.2,-0.1708053378155055,-0.07656813819156333,0.01101468876004219,0.05072223410823972
330.1_-30.2,0.0377122898159515,0.07105545231695737,0.06963767111301422,0.05768425777328594
8.0_-29.2,-0.1916342030051081,-0.02538303996118839,0.03378919512033463,0.007579784142564674
50.8_-28.2,-0.03601194234401911,0.04156999366919081,0.05189306288957596,0.3819587877302097
236.0_0.5,-0.0572264232760458,0.06220167861063215,0.04465236887335777,0.02486995878785319
341.6_-30.2,-0.05187579280657054,0.03992835941291082,0.04168049991130829,0.01002640975413692
237.0_-0.5,0.06394936236316968,0.04257173352523091,0.04037428647279739,0.02477805521921448
16.6_-33.1,-0.1486280876279516,0.02333077293052702,0.1122753173112869,0.003149563770850364
343.9_-30.2,-0.1063503125270055,0.04776856551655533,0.02747086621820927,0.03970402341569729
134.0_-1.5,0.002465444062064719,-0.06661640616104819,0.01102905347943306,0.05531718676249579
48.9_-31.2,0.1452058600042412,0.02040370521063233,0.02745096385478973,0.03380717559332243
207.0_0.5,-0.00382438582647207,0.0387590420886853,0.02726158499717712,0.07048393720263357
187.0_-1.5,0.02924386179036095,-0.00422342282837155,0.04823734611272812,0.04130679353444736
348.6_-29.2,-0.06419465967407187,0.05612633956920308,-0.0021834447979927,0.04070150228407329
346.9_-33.1,-0.05852149091400651,0.06593515823267217,-0.00506442971527576,0.0726416414192288
234.0_-0.5,0.0622687380369269,0.0688136632236766,0.01212930679321289,0.04414193213678459
40.4_-33.1,-0.1233654810255989,-0.00360512750847646,0.03953405097126961,0.05920882566233195
20.3_-28.2,-0.1316005171126309,0.01226562779012147,0.03092087060213089,0.04464426164606311
174.5_-2.5,-0.109062279932832,0.05774471799209391,-0.04323693364858627,0.04533190128162426
51.3_-29.2,-0.09753226277755497,0.0315570800948517,-0.03600955009460449,0.04925039706767666
51.3_-31.2,-0.02399126188363361,0.0308295760851729,0.03102912940084934,0.09541949573037846
224.0_0.5,0.08570225695566722,0.06712852146534476,0.01065796613693237,0.02966713211174863
184.0_-1.5,0.0467358033061737,0.02774352027838336,-0.01681689731776714,0.05265337984529969
335.0_-33.1,0.02918014321665376,0.0377857763177941,0.003949813544750214,0.03575231577252452
180.0_0.5,0.01637788655860083,-0.03839175910010522,0.01653885096311569,0.05227171229060218
7.2_-34.1,-0.05104929908302339,0.02449899816508832,0.00488654151558876,0.06785630185450373
133.0_0.5,0.02519396068645756,0.05152305335733809,0.01008332520723343,0.06672995536071426
184.0_0.5,0.05172627493655191,0.03633383609343969,0.008425626903772354,0.05760236281762082
182.0_1.5,-0.02303679139704104,0.02865330936042051,0.04908910393714905,0.03522104485325849
198.0_0.5,-0.01550035802930474,0.0152804350330266,-0.01877877116203308,0.04255030231612363
19.2_-28.2,-0.09418200067774674,0.01554412218772359,-0.08890286087989807,0.06081503333077762
49.5_-30.2,-0.0766676555460611,0.01851102692118547,-0.00362590141594409,0.05917834903967241
190.0_0.5,0.0210718188005616,0.07023688317493895,0.009026957675814629,0.01798379303635898
183.0_0.5,0.0139574791562483,0.03944696856944529,-0.01456318795681,0.04986166732198638
12.8_-31.2,-0.2273959449023028,-0.07908847270457045,0.01976713538169861,0.04300215596604925
231.0_-0.5,0.04592451103202382,0.04812021836996758,0.02300221472978592,0.04876796439987663
180.0_1.5,0.0307576266724882,0.04354733632300486,0.02588067203760147,0.05117553959667202
180.0_-0.5,-0.00755380425893064,0.006421590526884529,0.009962376207113266,0.02118053401196858
333.2_-35.1,-0.1481395493355987,0.06844196849024448,-0.195290207862854,0.02881427541215253
206.0_0.5,0.1938941520589647,0.04016874742706068,0.02519044652581215,0.0447082812561639
29.9_-30.2,-0.1560943363367438,-0.0747131555745591,0.08847499638795853,0.06173438843685836
230.0_-0.5,-0.01547951020787748,0.06977576796160395,0.002311654388904572,0.05984465263423408
12.5_-29.2,-0.1828276250387783,-0.07990546632015412,-0.08090373873710632,0.0383668182402048
349.5_-31.2,-0.04249995324193975,0.03978264479090422,0.02944726683199406,0.02085723684763445
213.0_-1.5,-0.04312810477964985,0.06693704481878149,0.02930729277431965,0.01275122471809937
187.0_1.5,-0.00282021167604273,0.02640879182922208,0.02691522054374218,0.05032335320202912
20.4_-34.1,-0.1339851538276873,0.02400583241667073,-0.04495353996753693,0.03586269346607288
176.5_2.5,0.08082524180810409,0.03728056531215065,0.0134588573127985,0.4194731214704655
352.9_-33.1,-0.01589767505100778,0.04027558013248836,0.03066523745656013,0.05575228460607855
218.0_0.5,0.02321523321445919,0.05229968099974758,0.005294376984238625,-0.09588670363126699
355.4_-29.2,-0.03867530067159863,0.0137606821638102,0.01371203735470772,0.0060787505838789
233.0_-0.5,-0.00080810541759739,0.7027443483777481,0.01890714839100838,0.03799560962560702
51.8_-32.1,-0.2075410197631142,0.01065079858355329,0.05513348430395126,-0.00452036675164981
129.0_0.5,0.06368164083881385,0.02574518352451889,0.04366797208786011,0.02778554233085231
345.4_-35.1,-0.1133906772167264,-0.0443818734634715,0.06542952358722687,0.0654002913590682
35.3_-32.1,-0.0599067775518663,0.04884673107568233,0.0388634167611599,0.07066565669655755
339.5_-29.2,0.02530377492821748,0.03504410279648641,0.03288982063531876,0.04308760093511137
186.0_1.5,0.03636368622899772,0.04569992303447816,0.03844543918967247,0.06322615245962016
20.2_-33.1,-0.1151287448918397,0.03190777496114651,0.1081301420927048,-0.01267070275585001
178.0_-0.5,-0.02386034963174839,0.001920103531494077,-0.01648036390542984,0.06135006987169526
30.6_-32.1,-0.1284330781910756,-0.04022450182360353,0.04155534505844116,0.06228847708531884
3.6_-33.1,-0.0171043744084533,0.03547924034076186,0.01810191571712494,0.04865216487478984
179.0_-1.5,-0.03125353272980674,0.007768000822509065,-0.04676013439893723,-0.0843359521854411
357.7_-31.2,0.01305493746131201,0.03098242696179705,0.03107946366071701,0.07299878286444733
19.2_-34.1,-0.1301130787056493,0.04513458307447854,0.02945755049586296,0.01522743595106385
179.5_2.5,0.01519698584814758,0.0119754312378177,0.01429141312837601,0.08045811864864959
30.0_-34.1,-0.1259652785875886,0.03564819879039532,0.0684480369091034,0.03982187768399126
139.0_1.5,0.04559708400206534,0.02369073757314277,0.05418664962053299,-0.04257341151784204
137.4_2.5,-0.01024056357362178,-0.02083321255032388,0.02022325992584229,0.06683416131475474
355.1_-35.1,-0.131000186791302,-0.04271408921842704,0.02339555323123932,0.007277698562432534
12.9_-32.1,-0.164798561203112,0.02962537653891786,-0.00165104307234287,0.02771869453974387
16.1_-30.2,-0.1382549438445223,0.0306684318850871,0.001479439437389374,0.04528177917847688
333.2_-31.2,0.06544150617181449,0.03870333068315177,0.01885279268026352,0.03519782564852017
344.6_-33.1,0.0340645933279427,0.03628385859466493,0.01548099517822266,0.03348260429927405
174.5_2.5,-0.01640574482036802,0.01091557854978839,-0.00022307038307189,0.06037449668470504
204.0_-0.5,-0.0601350111949543,-0.0137122082464723,0.000344624742865562,0.04507923857086985
130.0_-1.5,0.01631700924054007,0.03675289600666042,0.02950245887041092,0.06213883857558653
234.0_0.5,-0.1150703694225097,0.03963980714947275,0.02069977857172489,0.01712221893262472
53.0_-28.2,-0.150373892298424,-0.0393588022346039,0.04070928692817688,0.06017100164456861
138.0_-0.5,0.04889094128856163,0.06569198733972871,0.05618483573198318,0.0468998663347204
14.8_-29.2,-0.1852404968331245,0.0480243739009411,0.03438013792037964,0.01770575697262893
9.3_-31.2,-0.2281996026209461,-0.07439028363690704,0.04415256157517433,0.03493187400885472
341.8_-29.2,0.0574453273981851,-0.02076618225330844,0.03763582929968834,0.02558981301556889
6.8_-29.2,-0.1967162648314698,0.05775492472898122,0.05930203199386597,0.03331497987111152
47.2_-30.2,0.0206557185700216,-0.08076229987631724,0.04194325953722,0.05198138736789679
15.3_-32.1,-0.2477683847667215,0.06587377712235912,0.04986423999071121,0.02193239371925165
232.0_0.5,0.00098524274412564,0.008637027338126019,0.05550861731171608,-0.02229350301568184
358.8_-35.1,-0.1448431911066773,0.000127679092712239,0.03405317664146423,0.03657627391319192
51.6_-27.2,-0.0805107570753899,-0.00306229784431434,0.02898350358009338,0.07551226993535057
16.9_-28.2,-0.2583778474495583,-0.08367605218624294,0.03449854254722595,0.03062210043759933
224.0_-0.5,-0.03938572967796247,0.05572203451917744,0.04943471401929855,0.05428460171538688
181.5_-2.5,0.05340811809074052,0.03336312554386746,0.04231908172369003,0.04612124593688986
215.0_-0.5,0.05743796789233199,0.08362311174068213,0.02414180524647236,0.02650702279004429
178.5_-2.5,-0.01329439443507838,0.0915704925124345,-0.01951444149017334,0.05820911952720985
132.0_-0.5,0.01643559299786763,0.02278343172904624,0.026507668197155,-0.07986780184919895
19.6_-30.2,-0.2300947007647993,-0.00338189703540138,-0.00216527096927166,0.08760524631549652
343.4_-33.1,0.0242985124181565,0.03955642498576503,0.03326573222875595,0.06666440155719078
35.0_-31.2,-0.1511163518548797,-0.03524357239061101,0.02195656672120094,0.06260658175307435
18.8_-32.1,-0.1259572379360428,0.01564416945865833,0.007189162075519562,0.01694566527792085
203.0_0.5,0.01926770409069292,0.01729166766963215,-0.06581567227840424,0.02415763744355616
29.7_-33.1,-0.1325567840765613,0.03991606837873587,0.06467442214488983,0.02676127835270381
45.0_-35.1,-0.09000067452202087,-0.01488323206190012,0.00908331573009491,0.0727332853589146
21.2_-32.1,-0.06767232017936449,-0.0037178927729542,-0.0042400024831295,0.05022604760064496
334.4_-31.2,-0.00399701091239469,0.009687227825337916,0.04433776065707207,0.04146401864262646
141.0_-1.5,0.03434465370678549,0.023536793321181,0.003164229914546013,0.06963994319252334
346.0_-31.2,-0.02047614835761311,0.03143850722925845,0.03287770226597786,0.03717102892334628
47.4_-28.2,-0.03547660410670461,-0.06389919923463003,0.004662074148654938,0.06253918268819597
40.8_-34.1,0.04248732812130571,0.02491599101114798,0.07344875484704971,-0.03321145185267733
19.8_-31.2,-0.1400968935452453,0.02288932640953817,0.1093181669712067,0.07869787146984664
27.3_-29.2,-0.1105077509092382,0.06117725966147827,0.0552244670689106,0.0317321105164674
174.0_-0.5,0.001181186807183349,0.04555136298357684,0.03627082705497742,0.02203741243125865
340.4_-30.2,-0.02127607112190077,0.03890208985335073,0.03473187237977982,0.05482233678369766
35.6_-33.1,-0.0249933692711396,0.03157888973577019,0.007993914186954498,0.07203161940872178
353.1_-30.2,-0.0382318521483624,-0.3756075779705859,0.007070679217576981,0.04679254465490726
228.0_-0.5,0.097271296297489,0.07880526706260185,0.01787658780813217,0.0420573838618102
15.8_-28.2,-0.2214298508643109,-0.128351069744439,0.03095090389251709,0.05202449919642368
139.4_2.5,-0.05705111066861157,0.07131801109334196,0.04945018887519836,0.03849735972352255
336.5_-32.1,-0.05320115231053576,-0.00239700469935303,0.03617613762617111,0.01377478274336238
343.7_-31.2,-0.00467957000097012,0.03777770628517726,0.02949535846710205,0.02449181144543775
356.4_-34.1,-0.1024883333866351,0.02813019859571592,-0.05150911211967468,0.005363954806587343
183.0_1.5,0.062942727806155,0.03884645747850732,0.007319816388189793,0.01603485338782662
47.8_-31.2,-0.05087268529405781,0.05962957581966293,0.01321441680192947,0.1129263280497517
44.0_-33.1,-0.1177963137789196,0.01924861391118384,0.04527223855257034,0.05716807625808087
226.0_0.5,0.09259941998945569,0.07116995057910469,0.03440012410283089,-0.06577637652490875
178.5_2.5,0.0679990726626732,0.07062054598306144,0.00410471111536026,0.06795543068516667
358.9_-29.2,-0.1702045529507464,-0.06618583424720259,0.04044889658689499,0.05246035513659081
357.6_-33.1,-0.0888024657149982,-0.06664902666291232,-0.01337284594774246,-0.04637298812105906
217.6_2.5,0.01823238605083538,0.02261967302064238,0.0313672237098217,0.04948044885036233
338.4_-29.2,-0.04693451198390616,0.03730535610477523,0.02826492488384247,0.05050275322850007
14.0_-31.2,-0.159512652536044,-0.06403882707741831,0.01908857375383377,0.04737186643734571
219.0_-0.5,-0.0045892501765209,0.009272078652846403,0.01711046881973743,0.03460716004809399
31.9_-29.2,-0.1294825045283743,-0.1473458451870956,0.005350540392100811,0.0758830869818853
219.6_-2.5,0.0203415131499009,0.1385745359782282,0.04358875751495361,0.03784647813662366
45.4_-31.2,0.002348336189953004,-0.05631190301031075,0.0292880367487669,0.1578784607368652
349.6_-30.2,-0.0220534096396114,0.05859812717921659,0.02328983694314957,0.03880269636443171
333.8_-29.2,-0.07525137939525946,0.06123236981991158,-0.01319680362939835,0.05140478698647155
48.3_-30.2,0.0118864849797575,0.0243284381462372,0.03362296894192696,0.04858908727310973
48.0_-34.1,-0.0668193219048645,0.03358720306733812,0.02975016459822655,0.08281501638811824
51.1_-33.1,0.0406250853779182,-0.04344456646027584,0.04017788171768188,0.05015402424399826
186.0_0.5,0.006027290648898745,0.1252157448605231,0.0129653587937355,0.05053253862068254
164.0_0.5,-0.0167420057914002,0.04843818829454154,0.01938408613204956,0.04091619098420506
12.0_-34.1,-0.2140840023580967,-0.01996312022757138,-0.08466198295354843,0.06804955486185554
4.6_-30.2,-0.1410724196147831,0.05281329542250933,-0.00910143181681633,0.000420982456360434
336.0_-34.1,-0.2062716184739317,0.02466316001102473,0.02420107647776604,0.04373495866244002
338.1_-30.2,-0.2437437159195487,-0.02515349852756367,-0.01766177639365196,0.1375225757081522
141.0_0.5,0.03691042654993859,-0.02727928256044288,0.0101466178894043,0.04475230745943987
52.4_-29.2,-0.1003742543976856,0.01894782864800891,0.01614607311785221,0.04823217482206019
2.4_-35.1,-0.1295112704545085,-0.06604351254003564,0.04495222121477127,0.02390477738384527
49.7_-28.2,-0.147873286196859,0.02428092155210379,0.1123790293931961,0.09657079447546675
214.6_2.5,0.001859905479642834,0.03319607205594116,0.01197976991534233,0.002170532140138676
47.5_-33.1,-0.07606416768300839,-0.05499090024571751,0.0153866708278656,0.04682316138768419
221.6_-2.5,0.0390864505930812,0.06029001033247096,0.05182556062936783,0.05213465459775637
38.4_-34.1,-0.1133151403340208,0.02207455674220637,0.02105470187962055,0.04527402209130833
351.9_-30.2,-0.1081369953514807,-0.02234230327513478,0.03070995956659317,0.06434125966115106
354.1_-32.1,-0.00536527172856099,0.01951832154599742,0.02950416505336761,0.02645006484240684
129.0_-1.5,0.03091816009352136,0.0115008297965162,0.01245644316077232,0.02417365646742746
211.0_-1.5,0.0226505246256116,0.04034161122444664,0.02257782593369484,0.02366694155876201
138.4_2.5,-0.04779676747686812,0.04012162718906086,0.04161477833986282,0.01737385327789139
136.0_-0.5,0.06931050330887051,0.03846563860415722,0.04360082745552063,0.0601205488629505
353.0_-31.2,-0.1111623442792711,0.02397328940822172,0.03987609595060349,0.05300863985631713
40.8_-31.2,0.006158940389507594,0.01409020963028797,0.04192878305912018,0.03754821429470303
171.0_-0.5,-0.09155900898158048,0.02914282524117812,0.02399937435984612,0.07851528300429084
3.4_-29.2,-0.1555665134045639,0.04511505879640913,0.04633235931396484,0.04493529727622331
21.4_-33.1,-0.0651813172738378,0.02508864363673865,0.02812493965029716,0.04474507766138368
344.1_-29.2,-0.05991891753952498,0.03933627690851176,0.01934545300900936,0.04346342651328405
352.8_-34.1,-0.05902115774813259,0.05287677170300412,-0.00934550538659095,0.006554012709075664
347.2_-31.2,0.01898842358047811,0.05867812925056592,0.02772072516381741,0.04177747311753046
175.0_-0.5,-0.01996007087127501,0.02536155227598078,0.06491871923208237,0.04470068674396634
342.9_-29.2,-0.0518920658500869,-0.01624520702084681,-0.00823752954602241,0.03988237321941745
29.4_-32.1,-0.111874808467934,0.005300833520913328,0.03437028080224991,0.0318014379121123
183.5_2.5,-0.1251803961066764,-0.01489626860728185,0.04162807017564774,0.04631347093767658
181.0_-1.5,-0.02780425914533841,0.0226914417947072,0.005834793671965599,0.03911455704840296
334.8_-34.1,-0.1119825016524289,0.05674918415354208,-0.2240061461925507,0.04436877407136103
43.8_-35.1,-0.1553763945134299,0.1092330018925195,0.0372810885310173,0.08938589176803224
221.0_1.5,0.3684552318755272,0.07677321352559908,0.00758250430226326,-0.00615936332075807
218.0_-1.5,0.01936559113033169,0.0545459337838131,0.0298636257648468,0.03527331788825779
21.6_-29.2,-0.2064202162926315,0.004045792124227773,0.05889816582202911,0.0513740016249767
215.0_1.5,0.0556554981043295,0.03362322575511485,0.03122007101774216,0.006779239453124773
341.0_-33.1,-0.02209916043559259,0.04203806492951844,0.06643356382846832,0.07103359364106336
336.1_-29.2,-0.06698233519133888,0.005543136529234514,0.04091668128967285,0.09293718312788007
339.3_-30.2,-0.2604730755064221,-0.01735276665638662,0.03444906324148178,0.04128742484667509
13.7_-29.2,-0.164864293149648,-0.04816946406259923,0.04528580605983734,0.05281434205085134
227.0_0.5,0.03380001735296366,-0.01105144132545172,-0.04194274917244911,0.04768315143545783
131.0_-0.5,0.02264097189803481,0.01865657123366873,-0.00113596394658088,0.04802068302474379
11.3_-28.2,-0.1182224555208959,0.02473664754287711,0.04285907372832298,0.04817406045563416
164.0_-0.5,-0.0555585738513872,0.02697460676110029,0.008147886022925377,0.04060217843103123
237.0_0.5,0.0474540756367673,0.09055370043652318,0.01460363902151585,-0.03221756958577043
137.0_-0.5,-0.08346210057815591,0.05688026071627519,0.01828132197260857,0.07337211265456085
14.1_-32.1,-0.1531705295262223,0.04241800654937697,0.01660396903753281,0.03319168073984156
165.0_0.5,-0.0691110059395062,0.0418703190434353,-0.01520589366555214,0.03719170303200372
329.7_-31.2,0.0301847240437632,0.04555919582269235,0.004846526309847832,0.02352274667117445
201.0_-0.5,0.0330333509191278,-0.00943339758063905,0.02282283268868923,0.06529290227959018
1.2_-31.2,-0.05074488576462757,0.01889282890201616,0.04476200416684151,0.02889956972955474
173.0_-1.5,0.009866168671087888,0.04483610447469846,0.0176461860537529,0.0487844890921383
41.9_-31.2,-0.0445518989036981,0.001678380182558611,0.02648394554853439,0.06327183228410922
25.1_-29.2,-0.1300982378467795,0.007871301583893,0.05631706118583679,0.03151433978016394
354.2_-31.2,-0.02358542006248421,0.04056505096978822,0.03837839514017105,0.0790778771552159
136.0_0.5,0.05539335656233261,0.04873642105677686,0.02629666402935982,-0.0409405396446698
46.7_-29.2,-0.2884975915809656,0.06343698479983413,0.03252207115292549,0.05823938579240348
354.0_-34.1,-0.0597990714702118,0.02107570721350248,0.01972537115216255,0.01333714954723996
194.0_0.5,-0.05740321990686079,-0.08115434347318615,-0.06925305724143982,-0.08039666170748888
185.0_-1.5,0.05098193174301729,0.03617536940228547,-0.01252145878970623,0.04912738600293506
133.0_-1.5,0.0159861076866929,-0.03489974335552597,-0.00449825450778007,0.06558331607661398
235.0_0.5,0.08942955559710042,0.07188028487069936,0.0132744163274765,0.02073106987959591
2.3_-29.2,-0.06742315596637702,0.142707281973861,-0.05713140219449997,0.03897028555996918
45.1_-33.1,0.008131200300447894,0.003491984071707976,0.04687126725912094,0.02073877170613469
198.0_-0.5,0.000883667239889557,0.02502930088988273,-0.00176538899540901,0.01484177784531403
46.0_-30.2,-0.00088474454080073,0.09852015424145702,0.02925795316696167,0.0359165595635086
348.0_-34.1,-0.05827485984022052,0.04424661398197395,0.0272530522197485,0.004494478866679627
51.1_-26.2,-0.0973685312732599,-0.03548049417494349,0.003339497372508049,0.4036728214175955
213.0_1.5,0.0968395771187595,0.07087334108445406,0.04065648466348648,0.02994772842940756
44.7_-32.1,-0.1016388266046273,0.01388839011566688,0.03219763934612274,0.07687076835279186
356.5_-31.2,-0.063093437439419,0.01131567828978996,0.02150790393352509,0.04406857195213979
21.9_-30.2,-0.0942168921146874,0.01543810880378078,0.05405711382627487,0.0795586742979367
170.0_0.5,-0.02841580535119831,0.05725385075832855,0.003698274493217468,0.06536631372983492
186.5_2.5,-0.145801327155029,0.05676766848020361,0.01190442219376564,0.03866353099503089
182.0_-1.5,-0.0298785045089735,0.03593258112616286,0.008509302511811256,0.0659331148984611
189.0_-0.5,-0.02865062272957365,-0.01238629050668766,0.04156434163451195,0.01743957778221767
350.9_-29.2,0.03830565353298129,0.07168045736417253,0.01458873227238655,0.03981768599542306
194.0_-0.5,-0.1005823627119006,-0.1735695720830724,0.01040787063539028,0.02670388608541794
45.1_-28.2,-0.1545471271660557,-0.00641754970924012,-0.04940042272210121,0.05073288221290022
24.2_-30.2,-0.1450498533818186,-0.05824344213709492,-0.00175822153687477,0.03223426034393106
354.3_-29.2,-0.09495521596500936,-0.02753957469790885,0.02534542419016361,-0.00806396274149847
180.0_-1.5,0.025563943011828,-0.0179237676428728,0.0214324127882719,0.05669052181815511
157.0_0.5,0.01491572406697431,0.03101672504039243,-0.00522702932357788,-0.03735804540331696
332.4_-34.1,-0.07225398783541946,-0.07073478950279764,0.0206458680331707,0.05296290710193307
42.0_-34.1,-0.08867426969674291,0.006552641423579871,-0.03722743317484856,0.0296834838978632
231.0_0.5,-0.107054481448037,0.05587578416292206,0.03265298902988434,0.01878415237357729
344.9_-31.2,-0.01232278003491789,0.06551847881683626,0.02156574465334415,0.06129849218748063
220.6_2.5,0.0466863525843499,0.03591421962079425,-0.00445043295621871,0.04657153892874135
340.8_-34.1,-0.1379159370407388,0.03798476291775626,0.01854698918759823,0.07356751776879811
4.8_-33.1,-0.022449515973687,-0.0537135033819518,0.02169817313551903,0.07595007328338307
332.0_-31.2,0.01941357916034139,0.0249117997328749,0.02227191254496574,0.07417552178239646
40.0_-32.1,-0.0571099616999714,-0.03237678603265204,0.03222006186842918,0.01772313607752903
16.5_-32.1,-0.07835155812107059,0.03395676799908915,0.0293346680700779,0.004930634694717811
199.0_0.5,0.009825300817891292,0.0284882849543401,-0.06318863481283188,0.04789287599615205
212.0_-0.5,-0.00604599434427266,0.01817178592096377,0.007500531151890755,0.03022453220248531
47.8_-29.2,-0.1636954620801153,0.03082101475947957,0.03602971881628036,0.006969342246017276
12.4_-28.2,-0.02075100399022731,-0.07038635810075766,-0.08497212827205658,0.03864821890890562
351.8_-32.1,-0.00744117928987667,0.0501639459550887,0.03842705860733986,0.04833514805476739
337.0_-30.2,-0.0173985116568669,0.06418680212074492,0.04988092929124832,0.0768871768640986
223.0_1.5,-0.09648388896011578,0.03396353707286562,0.03415229916572571,0.07081663315151424
224.0_1.5,0.08014177156576419,0.0657434491638246,-0.00730782002210617,0.007338592225758249
52.3_-33.1,-0.02987933151250449,0.02223878656283432,0.06214329600334167,0.05389042939590218
50.6_-30.2,0.1136879524807127,0.01775121973376963,0.05632705986499786,0.04037793069271174
43.7_-30.2,-0.06660634313636411,-0.01728702684577275,0.01637880690395832,0.0565543488939702
160.0_0.5,0.0262524744932548,0.0250140589146837,-0.06764689087867737,0.3783866187375514
227.0_-0.5,0.0475994574787012,0.06649202039884199,-0.01233997195959091,0.05115858123103476
214.0_-1.5,0.01689932906554432,0.04300518209559914,0.004638254642486572,0.04079089037607764
2.4_-32.1,-0.04627741768950189,-0.5233879316271496,0.02581240423023701,0.07133723614038673
2.4_-33.1,-0.01847922034835689,-0.0386504865445122,-0.05271827802062035,0.06583058049341162
136.0_1.5,0.05836883009283979,0.03373862775055841,0.02120386436581612,0.02681941826532556
131.4_2.5,0.0850510764276535,0.05640293956804067,0.01000329293310642,0.03688222244011661
181.0_0.5,-0.03741076114153671,0.02042123023025386,-0.00526735931634903,0.0497423402255273
135.0_-0.5,0.1571216047571906,0.02645999570989715,0.04045343026518822,0.04626823051765109
10.7_-33.1,-0.1051067462329426,0.04659959064767554,0.02405934035778046,0.03963490203398851
50.4_-34.1,-0.0753638315907382,0.01134919215525861,0.05730757489800453,0.0809719302922931
344.7_-32.1,0.003782370633681004,0.05388147011926185,0.04160569608211517,0.04853770491729688
160.0_-0.5,0.0220371895017471,0.03850832283812997,-0.05973505601286888,0.03814306633149978
355.3_-31.2,-0.07028820631637439,-0.00433681790402124,0.02771437913179398,0.03485799625006029
40.3_-30.2,-0.0120425084588977,-0.0735319909366981,0.02469839528203011,0.1349941826571812
33.8_-31.2,-0.03825178134927579,0.02202762101145936,0.02632109448313713,0.05988058349447146
214.0_0.5,-0.00819318831631332,0.0459356158286796,0.0399194248020649,0.0465519429326165
199.6_2.5,-0.1660866057520137,0.0257062144087472,0.01979253999888897,-0.02541536016295106
226.0_1.5,-0.00453020406854758,0.1307993255439708,-0.1044898852705956,-0.06823538495637228
167.0_1.5,-0.04391706138514591,0.04901934437232421,0.02973467111587524,-0.02183157287760309
197.5_2.5,-0.1016811726266657,0.05132143522179353,0.002276590093970299,-0.03611713325973983
236.0_1.5,-0.05939446634975069,-0.4130279974434973,-0.0785129964351654,0.02564200330204518
231.0_-1.5,-0.04475996793789222,0.05197636300995635,0.006962042301893234,0.05553978062060253
195.5_2.5,0.0174029980092599,-0.03118052328324211,-0.06487080454826355,-0.02448462465242255
157.0_-1.5,0.006927372185729648,-0.08069123828301508,-0.02220626920461655,0.03476430544648326
157.0_1.5,-0.01635316442770086,0.07981876346060039,0.03806339204311371,0.01747430803338011
194.5_2.5,-0.1491781163780684,-0.06801872108200155,0.006665222346782684,-0.02941331208291172
209.6_2.5,-0.1109533512547845,0.03292138908780282,0.02473616227507591,0.02800609131266128
337.6_-27.2,-0.072912318714414,-0.06865325076913904,-0.07435649633407593,0.08459282257607903
36.1_-28.2,-0.1650587168437092,-0.7149084739734799,0.04551722854375839,0.03083697773886888
169.0_1.5,-0.08871853400008475,0.02145361148948541,0.03250239044427872,-0.01985610967306434
192.0_1.5,-0.2937872392690162,0.1401015861009945,-0.04925882071256638,-0.03582976955364313
189.5_2.5,-0.140774752229564,0.0328361875097013,-0.1796120405197144,-0.02698283070025739
160.0_-1.5,0.027440266528601,0.03628323747759328,-0.03549129515886307,0.03200489859716868
225.0_1.5,-0.1836563129626563,-0.02118145701866683,0.0279940590262413,-0.06816850813458371
25.2_-34.1,-0.1629982881405153,-0.2126941819170745,-0.2914607524871826,0.08860927709354222
157.4_2.5,-0.1430911625423055,0.07148637629971655,-0.06136918067932129,0.03357121328608628
209.0_-1.5,-0.04217012078646273,0.06600052033731504,0.03096268512308598,0.008995194055788601
334.0_-28.2,-0.09766265842312477,0.07446002138217397,0.1023282706737518,0.0521179484878495
204.0_1.5,-0.09321325930760149,0.06108457586152372,-9.230151772499e-05,0.01356100306181816
208.0_1.5,-0.06748638304022123,0.1143092024107128,-0.1350868344306946,0.06353976190957361
349.8_-28.2,0.0286717415318631,0.00508969687083493,0.06470976769924164,0.04407067632809776
0.0_-33.1,-0.05727596803087562,0.044057806318855,-0.01046290993690491,0.07152721895893956
171.0_1.5,-0.02100313602977509,-0.00774518814059103,0.02754877135157585,-0.02417603053108121
0.0_-29.2,-0.1751259398060458,0.04211559013860051,-0.06109040230512619,0.07864030140031356
22.6_-33.1,-0.1711334753434742,-0.1396366290147434,-0.1462139636278152,0.05658175076833868
230.0_-1.5,-0.06340345783348705,0.03454208130588632,0.01570119708776474,0.04872697356702611
37.2_-28.2,-0.1791262375732015,0.04162167871563235,-0.03692839294672012,0.04153155875031468
201.6_-2.5,0.05461592869968471,0.09964247869888823,-0.00758863985538482,0.05313023559397698
167.0_-1.5,-0.06165703802537773,0.02874628272661039,-0.0269041396677494,0.0499931292488775
168.5_2.5,-0.222911140457483,0.153443704526529,-0.09004279971122742,0.04749251085323544
236.0_-1.5,0.01802853136469957,0.07081354440017346,-0.07519853115081787,0.04446059313575244
234.0_-1.5,-0.07856350429796305,0.007949016118867346,0.03392475470900536,0.06576287341332351
198.0_1.5,-0.07719525876839507,0.09558814285056941,0.04549789801239967,0.02535948335196144
196.5_2.5,-0.127694999493052,0.01602177024203775,0.0105370469391346,-0.02918973679553664
167.5_2.5,-0.08903741527792562,0.1467617780017592,0.02607670240104198,0.03540744788591042
167.5_-2.5,-0.1631700644931897,0.07434218009088137,0.03360050916671753,0.02926088647060794
331.8_-28.2,-0.1020667116881871,0.04625806601288628,0.01235061138868332,0.08690596782444754
192.5_2.5,-0.1410766420444841,-0.05175382591773461,-0.00450319424271583,-0.03313075366282078
206.6_-2.5,0.0591996885488309,0.09109696364912827,0.00693073496222496,0.01687602141336674
44.0_-28.2,-0.1516507154243905,-0.09607409164204092,0.04509525001049042,0.05025315139796657
355.5_-28.2,-0.09897095723410398,-0.00485385345266104,0.007642298936843872,0.05979007369760529
22.8_-34.1,-0.1165804617902547,-0.1635099217622333,0.05555451288819313,0.06816197352269501
330.8_-27.2,-0.08200799940791795,0.06684605807297805,0.01153421029448509,0.0531991740314827
168.5_-2.5,-0.117373869214316,-0.064088026253978,0.1508892327547073,0.03559905885998535
158.0_-1.5,0.009912595755379505,-0.1224497411573962,-0.03385523706674576,0.01884483843316525
161.4_-2.5,-0.0119769057353344,-0.00352901000071096,0.008765481412410736,-0.05000146620623127
32.7_-28.2,-0.1730233298337681,0.01267674263392859,0.05084184184670448,0.0466587994420006
237.0_-1.5,-0.1176575352765947,-0.5149387297611762,0.008951440453529358,0.03603752446652356
161.0_1.5,-0.05291685950510245,-0.01235216922921029,0.01645491644740105,-0.02798210711738738
203.0_1.5,-0.1559135889628552,0.03019760271911071,0.04405749589204788,0.0125165057970321
338.6_-28.2,0.02044655005960361,0.03846896830234869,0.01999363675713539,0.07016603773255167
221.6_-3.5,-0.08283498962697683,-0.07444480624803396,0.02910295501351357,0.08066383204242056
170.5_2.5,-0.2044291385561409,0.01198491589014702,-0.09385481476783752,0.03445252235065072
0.0_-34.1,-0.1590694044016022,0.001270548657868402,-0.04106485098600388,0.04917572599707615
189.0_1.5,-0.2499184223040707,-0.02719895179150296,-0.03260813653469086,-0.02828615040020929
235.0_1.5,-0.2243347892521261,-0.3268688821472239,-0.1042784154415131,0.01343614883739827
168.0_-1.5,-0.2345005848311156,0.01000187176647251,-0.04491879418492317,0.01291370568568414
24.5_-31.2,-0.1408775912433314,-0.1364805311322887,0.03412928432226181,0.08358579353078471
237.7_2.5,0.08826604901993848,0.05619093499645657,0.02025742828845978,0.03056980226098506
193.5_2.5,0.0368292784802749,-0.05439367367658116,-0.07012870907783508,-0.03394829833864924
158.4_-2.5,-0.1346195332089156,0.09639278267638009,0.006828244775533676,0.02825516522166811
226.6_2.5,-0.03831029561755057,0.09691503547564094,0.03298167511820793,0.08199541392395396
205.0_-1.5,-0.04599089970022258,-0.04758818526100231,0.006632227450609207,0.02664957104685414
33.9_-28.2,-0.2463038821298145,0.0557743468581366,0.009187877178192139,0.04426291802554943
202.0_1.5,-0.1179585835862565,0.05175554751296022,0.02881602197885513,0.04671664950070339
329.5_-28.2,-0.00212930402162225,-0.05944815229577091,0.03333334624767303,0.05434857933520152
343.1_-28.2,-0.1109029955698953,-0.06542452636321082,0.01434073410928249,0.08440048933340813
0.0_-31.2,-0.04659898662404223,0.01322682922945751,0.0157437976449728,0.0238070537558674
229.0_-1.5,0.17906203252121,0.1042924395260497,0.01458356902003288,0.01773274766465943
163.0_-1.5,-0.2607355658989835,0.05311803735761032,-0.03313764184713364,0.07482084392100614
163.0_1.5,0.007393820285765296,-0.01500726902733595,-0.04973620548844337,0.02754165907498692
233.0_-1.5,0.007893368508767762,0.08212774660822947,0.01415037550032139,0.04408972808606063
230.0_1.5,0.03690674029793638,0.1140813580523159,0.02711345814168453,0.05236258513685209
201.6_2.5,-0.1080462574652119,0.04524024323029426,0.008670054376125336,-0.04145439912785423
190.0_1.5,-0.2606038550145047,0.06390697737204641,-0.04005641862750053,0.03559731991191506
229.0_1.5,-0.03344951913590657,0.01349215042451988,-0.01954121515154839,0.04841915706589044
232.0_1.5,0.1261852282217105,0.09156705989980549,0.01874375529587269,0.04760179157983123
356.6_-28.2,0.04742657073184439,-0.04618003035999572,0.0664789006114006,0.05470578355624593
354.4_-28.2,-0.09547002887573755,-0.02284845964827668,0.03665290772914886,0.06412941490284464
198.6_2.5,-0.01153375463654857,0.03432275303224537,0.009651236236095428,-0.0203837141964209
234.7_2.5,-0.00851581626572438,-0.00349528215762325,-0.015682028606534,0.04714201704931292
31.6_-28.2,-0.3050304883747493,-0.1418143951556681,0.02686312235891819,0.09923347139514363
0.0_-32.1,0.007144985412191662,0.03189938470109974,0.02373169362545013,0.02866065184890067
5.6_-28.2,-0.2120062551595613,-0.07166581116669386,0.0509372316300869,0.06785624733926761
199.0_1.5,0.1226096281772649,-0.0365100341441987,-0.00118639878928661,0.03023710466504088
160.0_1.5,-0.06010004295080013,-0.01439500385645079,0.03984294459223747,0.03067598861316037
1.1_-28.2,-0.02308047338330582,0.004024079203858492,0.03409238904714584,0.0294865578386798
348.7_-28.2,0.07046111127562062,-0.02291621632420862,-0.07350218296051025,0.02594195043016186
30.5_-28.2,-0.1393649327562924,-0.1144744876398058,-0.07396162301301956,0.06066225196987943
231.6_2.5,-0.05765452795488896,0.05213083161365194,0.01021089404821396,0.05849797962387834
187.5_2.5,-0.01901348679221722,-0.03869277697788948,0.02276719734072685,0.01987756524655424
228.0_-1.5,-0.07018575326781884,0.08485310087362484,0.03630734980106354,0.05393169865780749
194.0_1.5,-0.2607580959889405,0.04613193651184407,0.02916130609810352,-0.02913952722998943
206.0_-1.5,-0.0464455610327426,-0.0694707311884813,0.02583996020257473,0.04651793569862468
352.1_-28.2,-1.03249477117475,0.04726686702759298,0.04440036416053772,0.1924229789026589
226.0_-1.5,-0.05838275914338403,0.07191609263504414,0.01758624613285065,0.03130824394446859
346.5_-28.2,0.005544407337716717,0.07233213683882742,0.02451884001493454,0.0635986785660807
235.0_-1.5,0.03093850790141131,-0.05932625715095219,0.02734336256980896,0.02296032242687625
166.5_2.5,-0.1882434957202203,0.04572977617256549,0.02833424136042595,0.05894331857959776
0.0_-30.2,-0.09639343830144839,-0.03029394416399373,0.0218963697552681,0.06425460489459511
161.4_2.5,-0.09599501362603674,-0.00206412253782855,-0.00023914128541946,0.06022564401573345
335.2_-28.2,0.000608062004793019,0.04405694046022194,0.01597472280263901,0.02791765093855605
208.0_-1.5,0.05425462672542722,0.05047843541523184,0.04156007990241051,0.02929855100273664
169.5_2.5,-0.2068216985938269,0.1830909017162579,-0.0694669634103775,0.04616955076355111
188.5_2.5,-0.1995391556871058,0.009952612927307428,0.02570636570453644,0.03128121085697239
24.0_-34.1,-0.03582522973909219,0.01441896068725236,0.04131195321679115,0.05898369912020644
332.9_-28.2,-0.1000146213996961,0.06636658048749894,0.01517697982490063,0.03554975503777359
227.0_-1.5,-0.05007836462069212,0.05230245735006258,0.00452018529176712,0.04588741575326867
207.0_1.5,-0.2215495700526278,0.02871340420492288,-0.03735864162445068,0.06739626593428705
200.6_-2.5,0.0324137159828762,0.08375496913638109,0.03523080050945282,0.1619481980829548
210.0_-1.5,-0.1410632820812831,0.02944043138534721,0.04560694843530655,0.01773483168734344
232.6_2.5,-0.1568077850335706,-0.6957763334817901,-0.2311400771141052,0.02660211551575448
28.8_-34.1,-0.2247376109877766,0.004660527157311203,0.123009130358696,0.06239478793199714
340.8_-28.2,-0.06355169729710197,0.0223826548872355,0.02379082515835762,0.01194741671350744
162.0_1.5,-0.06975647752364941,-0.04077117813189944,0.03319582343101501,0.03917025423600717
13.8_-30.2,-0.1165869174339338,-0.00973782427556216,0.03434423729777336,0.0948836767558505
22.1_-31.2,-0.3642176543893196,0.04001340182574495,-0.04232911020517349,0.07375112193681435
41.8_-28.2,-0.3401527734718857,0.05755610829364104,0.04618814587593079,0.02621054463611472
334.2_-27.2,0.0509099467210601,-0.05179780360990992,0.02634135447442532,0.01188127865763772
234.0_1.5,-0.07427001414037133,0.1057640140009398,-0.09971174597740173,0.02274652466947191
160.4_2.5,-0.1331559780895725,0.04434017309078581,0.008127443492412567,0.03818568168219372
228.6_2.5,-0.0579293857960558,0.07245608397049488,-0.07011494040489197,0.03971475702443661
225.0_-1.5,-0.05564844969172072,0.07468729407185368,-0.07415343075990677,0.05452105750476199
235.7_2.5,-0.02412041765641576,0.1011330413683469,0.03134274482727051,0.05523601795740535
353.2_-28.2,-0.1261832979616451,-0.06259855958916365,0.03722016513347626,0.1932312188240346
200.6_2.5,-0.09928943602702915,0.0517858129779807,0.02475236728787422,-0.03637871827396987
336.3_-28.2,-0.08975352290657347,0.04470578382974634,0.02527070790529251,0.04027784703720443
233.6_2.5,-0.0940325551858136,-0.8467640724596918,-0.1756795942783356,0.01352220127214754
161.0_-1.5,-0.02567886191418617,0.04972262632581272,-0.0387769527733326,0.05725235822480237
190.5_2.5,-0.1334515838157089,-0.04911259461663235,-0.09290683269500732,-0.03918420682484691
210.0_1.5,0.08947305277808941,-0.200952476973328,-0.052801214158535,0.08159776423850451
220.6_-3.5,0.03312496154996172,-0.05955258161461847,0.01500119268894196,0.04917674053244116
332.0_-27.2,0.026190446073187,-0.03625824728182397,0.03980899602174759,0.06269257191586144
158.4_2.5,-0.2707032841137289,-0.06901613869500124,0.05371639877557755,0.0340620457476216
170.5_-2.5,-0.07446783220493876,0.06215314818954539,0.03738316148519516,0.025190627212697
207.0_-1.5,-0.07185951510310555,0.03329490189462945,0.006393648684024811,0.03759058468256171
159.4_2.5,-0.0992914244048942,-0.189217577318238,0.03284142166376114,0.04171840974508109
225.6_2.5,0.08289582326204992,-0.01995615742289192,-0.00367633253335952,0.07750340566211264
165.0_1.5,-0.0483882668866291,0.05109983514019587,-0.05762451887130737,-0.01378717409969295
351.0_-28.2,-0.0509739330230615,0.03379926694322603,-0.01135129295289516,0.05466635746723342
169.0_-1.5,-0.1866776528343309,0.03390614920766041,-0.02925968542695045,0.03484282342546863
202.6_2.5,-0.08361634504358044,0.03612926049102646,0.0353650227189064,-0.04494436943288566
237.0_1.5,0.01406470127108345,0.6516946164582881,0.010370172560215,0.02137371761115958
188.0_1.5,-0.08751386568107976,0.02046432567673406,0.02209034375846386,-0.01386103320871581
159.0_1.5,-0.05068259046873806,-0.0154062871896308,0.02871084585785866,0.05697000126903004
157.4_-2.5,-0.1288078233226647,0.1452059916192943,-0.00454119592905044,0.04746615387494444
329.7_-27.2,0.0603574651269316,0.05687160324173578,0.05314180254936218,0.1712850670429697
201.0_1.5,-0.09318921661293354,0.09633662884915316,0.02428759448230267,-0.08108709315213299
0.0_-28.2,0.016445700734983,-0.08267982801504149,0.03957115113735199,0.05919460147820518
0.0_-35.1,-0.2657311603590213,-0.05375759387876224,0.03018589317798615,0.06982314479571369
206.0_1.5,-0.02558332956726455,0.1010273051417869,0.03067856281995773,0.01533203648466701
169.5_-2.5,-0.05358779738102459,0.07032782224018808,0.02530878037214279,0.01744655857784596
358.9_-28.2,-0.2035799740551543,-0.05823974420423218,0.03439539298415184,0.06122558997334754
159.0_-1.5,-0.02189966538288038,-0.1110191261329946,-0.04315051436424255,0.02554957755500027
168.0_1.5,-0.04201179644404011,0.05741320387098017,-0.07330366224050522,-0.03994254153436077
204.0_-1.5,-0.1139987741230038,0.01243645526057753,0.01901227235794067,0.02343212066515014
227.0_1.5,-0.00545093712802374,-0.00723087384011148,-0.03538795560598373,0.08841934374921732
191.5_2.5,-0.176523428587553,-0.09062831363570911,0.008884210139513016,-0.03684227439982215
227.6_2.5,-0.0494920525593233,0.08655104178360944,-0.01271345652639866,0.02223364614421303
24.7_-32.1,-0.1308514575797302,0.02318906107498515,0.005968883633613586,0.08418291718733781
232.0_-1.5,-0.03321689112607022,0.05677508642894384,0.02683880180120468,0.09075927349129154
236.7_2.5,0.05994357062863449,0.7058877338308848,0.02568380907177925,0.03258062860363498
203.6_2.5,-0.0782764242046935,0.02770633760528824,0.01439932733774185,-0.04847219630743814
4.5_-28.2,-0.0355544579315701,-0.1219444175209992,0.04813461005687714,0.07740570786832496
200.0_1.5,-0.275340535900444,-0.07184373647965163,0.003732506185770035,0.03925665158385141
205.6_2.5,-0.1086678245789401,0.06152003557227636,0.006587903946638107,-0.04851293111057271
158.0_1.5,-0.05831124722770758,-0.02081413870569349,-0.05625529587268829,0.05955383858565187
337.4_-28.2,-0.07879199015117225,0.01057929762203094,0.02358196303248405,0.07232253662176891
40.6_-28.2,-0.3363968877122344,0.04133723117674618,0.03347843885421753,0.04989407157783717
228.0_1.5,-0.2495329390324296,0.01704782569488509,-0.03470629081130028,0.1138482408561128
231.0_1.5,0.007653478970709782,0.1007807882716077,0.03866642341017723,0.04737552001021652
204.6_-2.5,-0.1104156124741519,-0.02952376800514184,0.009845227003097534,0.05156580570710901
191.0_1.5,-0.3110024647548217,0.1473090628839112,-0.03991737961769104,-0.02897777047988063
39.5_-28.2,-0.101764940225275,0.04806379357924561,0.000435296446084976,0.04945979615305896
165.0_-1.5,0.05622088470805341,0.04050097161379699,0.002320192754268646,0.0348632879097554
164.0_-1.5,-0.2076583514655445,0.0813591364597246,-0.03890103474259377,0.02562280121290246
159.4_-2.5,-0.1905493122920021,-0.1471943477803611,-0.08799378573894501,-0.05546113897481927
193.0_1.5,-0.2401397918217106,0.02742822583675218,-0.03902758285403252,-0.03860113418367405
171.5_-2.5,-0.1570282369068375,0.1183158383721847,0.02308051288127899,0.04446032789882634
209.0_1.5,-0.1152485539897338,-0.2172316080367632,-0.03973361477255821,0.08307723498286089
345.3_-28.2,-0.08075838155842098,0.05645321903399895,0.0495467521250248,0.0619132051010215
196.0_1.5,-0.2977482088126463,-0.06076789559872853,-1.351380705833435,-0.03197809501560367
164.0_1.5,0.000991791889513385,0.02459101137590551,-0.05968178063631058,0.03771031327809669
230.6_2.5,-0.05546714924566838,0.05919626215011772,0.02863273769617081,0.05550001804512704
166.0_1.5,-0.0925073932903774,0.01722161894429701,0.02221382409334183,-0.01473278301231221
202.6_-2.5,0.045319925430281,-0.05235719739800629,-0.08228808641433716,0.04858586295340001
170.0_1.5,-0.04952403882311387,0.04671686812919143,0.02220519632101059,-0.02567957753484268
339.7_-28.2,-0.1028681717020604,0.06955017363375954,0.02440770715475082,0.195878040474507
187.5_-2.5,0.009763859797266308,0.05398843259335917,-0.05768327414989471,0.02258876193350011
205.0_1.5,-0.1473522366875689,-0.05820348734481331,-0.08137907087802887,-0.02592710492683818
197.0_1.5,0.02298026033429779,-0.1112211579364715,0.02764560654759407,0.04052273790463187
233.0_1.5,-0.00876314772755622,0.09884649203745119,0.0418572835624218,0.06029721854399782
