label,pixels_28668,pixels_32764
222.0_-0.5,214973010,200408759
334.0_-28.2,109628643,103516794
4.8_-34.1,237875095,229002969
230.0_0.5,216187909,193913092
171.0_1.5,236235452,227079185
8.0_-29.2,215931157,211262242
171.0_0.5,225648784,210536087
176.0_0.5,241748881,225476729
13.5_-28.2,236273709,226448715
330.0_-34.1,105483562,100140281
137.4_2.5,215259748,201783981
232.0_-0.5,226713243,199558433
29.6_-29.2,237146423,225083822
32.2_-30.2,229546565,218952032
335.3_-32.1,220788291,213034044
204.0_1.5,236210677,220625633
208.0_0.5,244062526,235942055
135.4_2.5,212689064,192132238
30.5_-28.2,242260708,234922751
38.0_-30.2,233497861,221159845
167.5_2.5,226224574,215845947
175.5_-2.5,236606912,227340166
48.0_-34.1,235485172,222019789
233.0_-0.5,222489887,208297541
27.3_-29.2,233203818,227027003
177.0_1.5,240247718,224545499
32.7_-28.2,238869992,229573499
22.6_-28.2,236840319,219020733
161.0_1.5,244443604,233165612
345.2_-29.2,205466873,192853496
159.0_0.5,243811096,228778406
358.9_-29.2,237006610,226174453
237.0_0.5,37343941,34419069
234.0_1.5,213572109,201874904
156.0_1.5,0,0
40.4_-33.1,225813202,216978841
39.1_-30.2,217323567,201027199
353.2_-28.2,248933231,239686987
156.0_-0.5,0,0
26.5_-30.2,242333428,231382170
22.8_-34.1,235827824,227448497
38.0_-33.1,209813592,198384402
48.9_-31.2,236806335,224879451
49.7_-28.2,240724560,227919587
43.2_-34.1,234027444,217314733
129.0_-0.5,189104756,170735444
339.8_-33.1,229027372,214560583
139.0_1.5,211039133,196564844
350.5_-33.1,220314230,217935771
14.3_-33.1,234702383,230394857
183.0_0.5,246661317,230613868
177.0_0.5,242083569,231928411
342.5_-31.2,235734824,227899032
185.5_-2.5,240006239,233650069
342.7_-30.2,229588504,215466324
331.8_-28.2,222133263,208333114
0.0_-31.2,239553312,223707350
196.0_0.5,230541937,224109667
350.6_-32.1,235130547,219779599
170.5_-2.5,232173029,224147740
173.0_0.5,208525358,195701355
236.0_-1.5,232156631,211322994
129.4_2.5,196689593,179621793
12.7_-30.2,241640077,233168338
201.6_2.5,224484685,220171773
330.4_-29.2,193632575,178560960
208.0_-1.5,235724982,229278250
219.6_2.5,209428131,201593639
43.1_-31.2,214045056,200378275
202.0_-0.5,222707623,205604615
353.9_-35.1,231887752,218112429
9.3_-31.2,242489673,230126205
52.4_-31.2,135295567,130981253
31.6_-28.2,210799115,201620918
51.6_-27.2,149262569,141746583
221.0_-0.5,228106910,213066912
212.0_0.5,233978489,219840491
230.0_-0.5,211936069,197007233
217.0_0.5,216434059,200615127
185.5_2.5,245725887,234045122
158.4_-2.5,225223716,209275545
46.2_-35.1,240535453,231252019
43.8_-35.1,232027089,221460678
213.6_-2.5,240125118,225975041
329.7_-31.2,51305354,49669622
139.0_0.5,214766900,198444168
50.6_-30.2,220031568,210770646
216.0_0.5,229219387,217414451
338.6_-33.1,220200315,205845107
172.0_-0.5,238355488,215896230
183.5_2.5,251482746,247085104
166.0_-0.5,134631619,127196111
233.0_-1.5,215449530,193073057
160.0_-1.5,239960366,219064929
1.1_-29.2,225794569,212037093
233.0_1.5,238501687,219470958
209.0_0.5,240205114,238431759
200.6_2.5,212255241,201643010
52.2_-26.2,0,0
207.0_0.5,243741162,237371139
31.9_-29.2,222707420,213944994
175.0_-0.5,240782982,226097624
191.0_0.5,239080455,228812720
165.0_0.5,246649001,232977137
346.3_-29.2,225595940,213912043
1.2_-35.1,230361851,212347538
20.7_-30.2,252933458,246150505
19.4_-29.2,229644421,220452184
4.8_-33.1,237086007,223343227
187.0_0.5,248492327,239968721
51.9_-28.2,224309248,213533096
168.0_0.5,49332784,47989211
330.1_-30.2,124692661,115575871
45.1_-33.1,226417495,224793805
185.0_-0.5,206392328,200570843
20.0_-32.1,249336636,235568513
330.6_-32.1,213537658,192025624
44.0_-28.2,220152570,210765927
13.1_-33.1,253414069,242799332
24.7_-32.1,222288784,215444247
341.0_-33.1,214077398,204685525
178.0_-0.5,240902450,236446503
231.0_-0.5,240239480,222476612
164.0_-0.5,217797820,202798870
159.0_-0.5,229280060,208991778
131.0_-1.5,202771659,176207551
349.7_-29.2,239615815,231791609
195.0_0.5,238563116,222469615
218.0_-1.5,247630967,233150709
47.4_-35.1,227998690,218031862
203.0_1.5,236833300,220997375
28.8_-34.1,230135232,216027293
130.0_-1.5,206335347,169975781
12.4_-28.2,249034501,239612937
231.6_2.5,15543844,13320705
174.0_0.5,236116299,225299652
201.6_-2.5,241005880,228386335
46.7_-26.2,0,0
163.0_-0.5,137835564,132753128
46.3_-28.2,225733180,213698840
51.8_-32.1,234334794,222983459
236.0_-0.5,237259215,221431317
200.0_1.5,240179347,226576653
51.8_-30.2,230615694,214176354
179.5_2.5,241888882,232190182
234.0_0.5,227453828,199532632
339.5_-29.2,224927847,215343655
190.5_2.5,225609267,219309032
7.0_-31.2,219714689,211649899
140.4_2.5,218899833,199955648
10.7_-33.1,237164501,224175220
331.2_-34.1,225851046,213106649
13.7_-29.2,243342767,234008846
335.8_-30.2,228950513,210914889
159.0_-1.5,245609997,229915353
339.7_-28.2,232262101,224306684
231.0_1.5,238169738,218505242
42.4_-32.1,209854482,202910252
237.0_-0.5,76721523,70208695
45.9_-32.1,245730809,234615523
350.4_-34.1,236013677,228415722
184.0_-0.5,244578877,228860391
21.9_-30.2,229390692,220796566
197.0_0.5,238119799,227308093
169.0_-0.5,249969495,240218311
168.0_-0.5,234991836,224361176
330.8_-35.1,227845450,211443226
34.2_-29.2,239668363,231766364
332.4_-30.2,224193849,206323042
337.2_-34.1,215072842,204940586
167.0_1.5,234014470,224609360
51.6_-34.1,234143623,218507975
130.0_1.5,45774734,41540315
189.0_-0.5,217815376,212302450
216.0_1.5,217670266,204033019
346.0_-31.2,231570002,222251913
15.9_-29.2,230973759,215906103
2.4_-33.1,218634025,207367024
159.4_-2.5,235604267,226665602
49.9_-35.1,225163856,213792394
213.0_-1.5,241214103,221131561
351.9_-30.2,249379097,226144675
210.0_-1.5,242867123,237902228
238.0_-0.5,0,0
178.0_-1.5,241872490,229979430
235.0_-1.5,224768866,215206098
134.0_1.5,198253569,190123046
10.8_-34.1,213009738,205150320
210.0_1.5,233091495,218857731
340.4_-30.2,218446872,205170520
46.7_-29.2,234328323,223852780
332.9_-28.2,187234007,174685880
220.6_2.5,216114247,207092731
210.6_2.5,231034028,213294611
225.0_1.5,218778470,211989740
161.0_-0.5,242826862,233829954
352.8_-34.1,247687487,232943764
227.6_2.5,16741154,15990410
140.0_0.5,196792965,177029814
173.0_1.5,203596365,194154084
175.0_1.5,228952374,219737302
31.2_-34.1,250724752,242144573
228.0_-1.5,215624234,200213420
190.0_0.5,236666427,233315210
339.0_-31.2,247643510,239650198
330.3_-33.1,156604000,148572597
234.0_-1.5,238104614,220531484
133.0_0.5,194603735,163381646
222.0_1.5,213481434,197478030
138.4_2.5,186273733,170166456
353.0_-31.2,232952981,222289044
205.0_1.5,226124544,212603275
172.0_1.5,221171257,210456320
194.0_0.5,245458159,238440682
190.0_1.5,222884265,197975651
352.0_-29.2,240561951,229043146
215.6_2.5,222181291,213472914
133.4_2.5,195212917,170632292
332.0_-35.1,185423535,175677922
10.6_-32.1,247301117,234767632
356.5_-32.1,238095995,222918602
198.0_1.5,228926050,212098219
164.0_-1.5,235122392,218767018
348.6_-29.2,241812471,229705715
231.0_0.5,244000485,221142672
138.0_-0.5,215095486,198957612
131.0_1.5,207774975,181605228
351.0_-28.2,240241900,230947638
3.5_-31.2,226172013,210980592
53.5_-33.1,121893679,118887548
215.0_0.5,226569810,217373260
216.6_2.5,230020790,219950585
136.0_0.5,219329112,197113276
45.6_-34.1,244360013,231833807
350.7_-31.2,220865523,207632230
45.4_-31.2,229562372,217588954
21.4_-33.1,236907324,228848674
220.6_-3.5,226538749,218659524
220.6_-2.5,220514256,204197138
357.7_-30.2,235546227,223748705
53.5_-29.2,147300970,131868744
336.2_-33.1,234164573,225301388
353.1_-30.2,234544347,227052431
205.0_-0.5,244491787,233882655
163.0_1.5,225722769,222797905
7.2_-34.1,233923722,224831712
43.5_-32.1,236619224,229773739
180.0_1.5,235868977,228221937
227.0_-0.5,232592619,212914566
225.0_-1.5,230079075,214397596
158.0_-1.5,233931119,225715001
345.7_-33.1,243793498,234156446
2.3_-31.2,237129148,225450291
19.6_-30.2,233814184,223883959
211.0_0.5,245939906,225954587
197.5_2.5,243004378,239149752
347.3_-30.2,211885382,195364689
44.9_-27.2,155461733,146660679
345.4_-35.1,207875115,200047226
188.0_1.5,247240773,237318844
34.1_-32.1,245244351,234749689
210.6_-2.5,230332152,221365593
45.6_-29.2,237824596,228683590
202.0_1.5,237016524,224014052
347.5_-29.2,228787760,219021485
50.1_-29.2,215020240,203651900
189.0_1.5,237459581,227750298
168.0_-1.5,231506643,219525442
29.7_-33.1,213695808,202037802
358.8_-30.2,242335190,232942202
206.0_-0.5,247999554,234391333
230.0_1.5,229885693,215776024
0.0_-29.2,224002137,204713936
47.1_-27.2,163669920,156562873
169.5_-2.5,236852637,231496297
222.0_-1.5,215680063,205465252
179.0_1.5,244911606,235846082
48.5_-28.2,241260054,233550750
335.5_-31.2,232412725,217787497
17.5_-31.2,201384985,193401965
344.6_-33.1,227992561,211250928
181.5_2.5,230203404,221184069
47.8_-31.2,234041273,223199235
150.1_2.2,0,0
9.1_-29.2,226314361,216576226
356.6_-28.2,231435820,218836668
213.0_-0.5,236132294,219898768
238.0_1.5,0,0
130.0_0.5,212597529,186600063
10.3_-29.2,245224889,229561018
51.1_-33.1,236246647,221257811
0.0_-33.1,234919170,220518374
199.6_2.5,234531266,223609601
236.7_2.5,14902618,14372037
219.6_-2.5,235153099,220799122
176.0_-0.5,229576735,219641534
186.0_0.5,236242822,222664952
10.5_-31.2,240194996,233087066
41.9_-31.2,210421595,197750853
358.8_-32.1,226883031,215007709
182.0_0.5,226867208,211954148
50.1_-31.2,239388217,228049107
234.7_2.5,16206233,15982309
50.6_-32.1,244674976,233795063
185.0_-1.5,243632340,232323394
351.6_-34.1,248132447,234848577
332.7_-29.2,232554553,215459869
31.5_-31.2,241755146,235524344
1.1_-28.2,248890624,242604249
195.5_2.5,235241202,222790596
207.0_-1.5,225043173,214893210
33.9_-28.2,234677848,227261403
26.2_-29.2,230328940,217704200
175.5_2.5,226672069,219687844
212.0_1.5,224665018,203385526
22.8_-29.2,228520253,219055794
227.0_1.5,233777207,216461226
223.6_2.5,213844899,197360309
2.4_-32.1,231488495,220620280
47.8_-26.2,0,0
37.2_-28.2,244364320,236237581
1.2_-30.2,194144818,171561759
133.0_1.5,214655099,189375045
221.0_1.5,220514788,208954989
216.6_-2.5,233952109,216967440
198.0_-0.5,246638711,232348404
22.1_-31.2,238502417,222404363
171.0_-0.5,242140817,232062020
186.5_2.5,225666061,221054306
174.5_-2.5,223148060,208621633
181.5_-2.5,235324557,228252599
338.6_-28.2,224358922,210723882
342.2_-33.1,212854448,202183987
343.1_-28.2,231784935,223984464
178.5_2.5,240708624,229521656
19.0_-33.1,241007130,230323286
350.3_-35.1,231288551,225021453
3.5_-32.1,232743427,222051062
186.0_1.5,241041361,231267418
224.6_-2.5,237297220,218618004
333.2_-35.1,235443829,229812857
43.7_-30.2,233198669,220649406
338.4_-29.2,230509035,217558671
137.0_1.5,214062385,201130331
223.0_-1.5,208163308,196050583
351.7_-33.1,250182118,240433150
1.2_-31.2,228501188,218285030
159.4_2.5,234380127,225946224
335.7_-35.1,226535651,215964242
221.0_0.5,234435480,212283319
39.2_-33.1,227581406,214502588
333.8_-29.2,166619156,160747120
335.0_-33.1,235840781,221477775
221.0_-1.5,232865950,215988401
335.2_-28.2,209823625,196975547
185.0_1.5,240440907,235272162
219.0_1.5,229383705,211849406
329.4_-32.1,0,0
163.0_0.5,221698330,213090905
132.4_2.5,186136612,166960545
172.0_-1.5,231239751,217486181
354.1_-32.1,231859447,224351338
131.0_0.5,211090493,188196726
47.8_-29.2,205586689,195308849
331.8_-32.1,208957026,195821034
2.4_-35.1,218154298,214130788
8.2_-32.1,221290552,213993315
206.0_1.5,235250534,227213887
213.6_2.5,225570812,217145764
11.7_-31.2,213438318,206967376
358.8_-33.1,181310930,171529771
223.6_-2.5,230864014,218416508
215.0_-1.5,238547661,222133790
19.2_-34.1,245604800,237474442
186.0_-1.5,241817558,230059719
25.2_-34.1,238565164,234398172
40.0_-32.1,254151593,245157058
30.9_-33.1,233936980,228035118
12.5_-29.2,240792511,237129909
52.3_-33.1,228776960,217256352
333.9_-33.1,222888325,205219414
157.4_-2.5,140135315,131344192
346.2_-30.2,226204347,203543001
47.5_-33.1,240839080,225614837
3.4_-29.2,224280682,216489898
204.0_-0.5,212843557,203378819
168.5_2.5,236915446,229424096
160.0_1.5,236188455,227841752
216.0_-0.5,221556651,209533850
349.6_-30.2,244679884,237480341
355.2_-33.1,235200723,220812249
137.0_-1.5,209748101,188814339
206.0_0.5,240210124,227949354
29.1_-31.2,241838279,233621812
235.7_2.5,16266589,15666713
138.0_-1.5,219256427,195895427
18.6_-31.2,222145353,214351948
13.2_-34.1,240274173,231974270
19.2_-28.2,246923332,240528673
179.5_-2.5,242000004,226015426
37.6_-32.1,241991300,226302653
332.4_-34.1,195378127,181205349
339.3_-30.2,236549062,225269154
132.0_0.5,209632476,190597734
341.8_-29.2,239179226,229178566
20.4_-34.1,243585699,236144634
332.7_-33.1,219480702,207163025
170.5_2.5,236417468,225821019
136.0_1.5,202060898,187446981
226.0_0.5,218301931,200096097
36.8_-33.1,230159088,219773839
180.0_-0.5,233761726,218464936
344.1_-29.2,173730986,165958546
3.5_-30.2,243880574,229841775
157.0_-0.5,59584303,55597187
11.4_-29.2,244099697,242148204
166.5_2.5,216442340,205849685
224.6_2.5,240338471,227847506
338.1_-35.1,207236403,198563173
0.0_-28.2,212145550,202370693
203.0_-0.5,228638245,220841824
237.0_-1.5,83759638,78751973
33.3_-33.1,234502445,227701984
345.9_-32.1,231536702,218451807
44.7_-32.1,237202188,230032426
2.3_-29.2,243947763,226594915
20.3_-28.2,237852225,229468973
220.0_1.5,241908891,236626739
45.6_-26.2,0,0
14.7_-28.2,243494254,238622902
178.0_0.5,252948847,246552841
174.5_2.5,237457854,224096813
352.1_-28.2,244390816,234921959
183.0_1.5,236005496,227575396
25.3_-30.2,254489211,245439717
17.1_-29.2,242610661,235875451
167.0_-0.5,73675817,69145547
197.0_-0.5,230867026,225056118
354.4_-28.2,246362007,234108304
141.4_2.5,166961426,153266846
21.2_-32.1,232391406,223745478
186.5_-2.5,233485585,230341786
357.6_-33.1,203810659,199533100
52.4_-29.2,231325368,210760100
346.5_-28.2,219586288,205083593
41.0_-29.2,229951247,220637011
16.8_-34.1,235040731,225561720
224.0_-0.5,234373355,216796762
168.0_1.5,246679379,234086690
226.0_-1.5,240725932,223271560
347.2_-31.2,230827653,223088669
139.0_-1.5,206781867,194335781
208.0_-0.5,254885678,246019729
133.0_-1.5,204179090,183470603
212.0_-0.5,239986336,231494349
181.0_-1.5,236170604,226941092
158.0_1.5,239549339,230001256
217.0_-0.5,245212485,228347462
222.0_0.5,220211998,201612776
194.0_1.5,232393715,222893122
333.2_-31.2,234248654,217536775
227.0_-1.5,226623946,217258465
6.0_-34.1,233699897,221968298
343.9_-30.2,203735617,200395198
14.8_-29.2,214860305,204627816
130.0_-0.5,200500346,182376169
131.0_-0.5,207343127,177714710
339.3_-35.1,193355529,192054151
336.9_-35.1,228598357,210133793
211.0_1.5,251438501,244112093
170.0_-0.5,239167993,228908844
341.2_-32.1,248110885,238947203
15.6_-34.1,214426590,203778213
45.1_-28.2,230528115,222525177
178.0_1.5,241290653,234323822
344.2_-35.1,230525276,219483040
187.0_-1.5,224892616,210515191
137.0_0.5,210855177,190811061
35.0_-31.2,239003973,233114919
344.7_-32.1,243237191,221279110
172.5_-2.5,225772597,219103348
48.2_-32.1,229414070,219829031
135.0_-1.5,203104004,180898485
174.0_-0.5,218003287,205363882
159.0_1.5,223698914,218105254
357.7_-29.2,235634616,222249232
193.0_-0.5,232572665,218468191
351.8_-32.1,223015440,217202361
224.0_-1.5,220662182,203825884
51.3_-31.2,233957549,219738039
38.4_-34.1,246378124,237986687
182.5_-2.5,236927485,230370453
40.8_-34.1,181380120,170284892
157.4_2.5,194089909,188925159
353.2_-29.2,240686724,223699118
0.0_-30.2,220200003,209228361
354.0_-34.1,228611010,216793310
11.5_-30.2,235121186,226901906
238.0_-1.5,0,0
129.0_0.5,184632412,162887433
17.8_-33.1,243532607,234404127
220.0_0.5,228583838,205194263
218.0_-0.5,226965492,214329381
139.0_-0.5,205362550,188212707
330.9_-31.2,225101665,203782662
50.4_-34.1,239831488,227082459
169.0_-1.5,234842305,222232970
42.2_-29.2,236801873,218571205
191.5_2.5,242436941,235043807
48.3_-30.2,222390814,209645186
32.9_-32.1,245225922,240013526
15.1_-31.2,213815928,203028189
34.8_-34.1,236857100,229894179
201.0_1.5,226975515,207619542
44.3_-31.2,239131033,229579066
352.7_-35.1,235319623,225805710
140.0_1.5,211377406,199585152
171.5_-2.5,239409925,233140806
4.7_-32.1,246879958,234820792
337.6_-32.1,237197917,216675061
44.9_-30.2,231620048,211900025
169.0_1.5,245951274,232620969
36.1_-31.2,235944670,227802395
341.8_-35.1,208815162,190627160
9.5_-33.1,236990509,227869583
336.3_-28.2,220024342,210744433
217.6_2.5,250716083,236576036
222.6_-2.5,228961231,207199090
228.0_-0.5,245755532,220708217
334.7_-30.2,229310800,214894957
194.5_2.5,250859899,242381298
46.3_-33.1,222352783,203534609
339.6_-34.1,234749482,224579298
132.0_-0.5,198307443,164256549
356.4_-33.1,238242893,227234032
207.0_1.5,231149842,214513885
162.0_1.5,243272351,230671542
157.0_1.5,53492741,49828520
200.0_-0.5,250390131,238098934
163.0_-1.5,242288428,229330313
35.6_-33.1,250384106,236111837
51.1_-26.2,0,0
35.3_-32.1,233277238,221024137
176.0_1.5,245411635,230337048
215.0_1.5,226976579,217309111
348.0_-34.1,227761428,218709086
338.4_-34.1,233426150,215449889
164.0_0.5,230283994,221190493
344.9_-31.2,230621631,215913301
227.0_0.5,232635258,217858141
48.7_-33.1,215771527,202891083
355.1_-35.1,246234000,228970522
356.4_-34.1,243676902,227354655
37.3_-31.2,233323639,210658286
52.9_-32.1,48324996,42121024
172.0_0.5,229700071,215198953
132.0_1.5,212595995,181820585
329.5_-28.2,21017542,20575404
207.0_-0.5,239931948,231490729
346.8_-34.1,242789139,229637297
337.4_-28.2,242972495,226969028
179.0_0.5,241424918,229426873
53.0_-28.2,188159413,184422485
9.4_-32.1,240379526,231085490
216.0_-1.5,242392815,225152424
41.2_-32.1,229692334,215952812
2.4_-34.1,238885533,225390902
52.9_-30.2,133962855,130099815
17.6_-32.1,236806580,228683689
36.0_-34.1,238824616,227266114
13.8_-30.2,249569947,242292123
229.0_1.5,226379269,216523730
140.0_-1.5,229063152,204418237
53.5_-35.1,160785114,152936182
333.6_-34.1,237242454,225072125
354.2_-30.2,230159835,216226237
23.9_-29.2,228616223,217551548
136.0_-0.5,212456531,189392713
14.0_-31.2,235494078,221210676
181.0_0.5,233799969,222496518
2.3_-30.2,233214377,222860094
6.8_-29.2,217551372,209933896
333.5_-30.2,227519802,212928967
340.8_-34.1,227779810,219199301
52.8_-34.1,178954887,175907278
188.0_0.5,226606499,217243346
336.5_-32.1,238146382,223077482
187.5_2.5,233073050,223859537
16.3_-31.2,233001372,221560724
138.0_0.5,224000305,201331203
220.0_-1.5,243907864,225421489
36.1_-28.2,248079413,238902597
356.5_-31.2,247452158,225128074
358.8_-35.1,239296864,234934624
15.3_-32.1,236212256,225189422
49.5_-30.2,244510380,227043101
354.1_-33.1,240060962,223199136
173.0_-0.5,196996192,185971516
331.5_-33.1,201066489,180565237
224.0_0.5,220635212,197695225
34.5_-33.1,228987633,221850756
214.6_-2.5,216933773,199875083
182.0_-1.5,254366121,239927747
215.0_-0.5,234736555,215013622
167.0_0.5,179472692,170738831
47.1_-32.1,242330880,229381415
6.9_-30.2,239902719,231592457
132.0_-1.5,208296595,189301281
53.3_-26.2,0,0
164.0_1.5,248289108,238857728
165.0_-0.5,253320182,238517731
20.2_-33.1,232282640,224258970
170.0_1.5,235994373,226478934
331.5_-29.2,213904672,199333241
222.6_2.5,227063396,211233985
137.0_-0.5,224561250,201841592
41.4_-30.2,223411966,207302939
181.0_-0.5,240761867,235384626
235.0_1.5,238926169,220827171
185.0_0.5,245277964,232562907
172.5_2.5,222015283,213774717
232.0_1.5,207941123,190768771
49.9_-33.1,243676711,226966904
52.3_-35.1,233179985,225052676
42.0_-34.1,234754459,218004703
46.6_-31.2,238373679,227035154
343.7_-31.2,219117005,206538655
225.0_0.5,235145922,224995213
226.0_1.5,227689143,215157884
329.6_-35.1,36768005,35334625
161.0_-1.5,230208616,214472805
158.0_-0.5,241542783,226004927
334.9_-29.2,199522389,186060980
12.8_-31.2,237647353,233738227
228.0_1.5,229606359,214612885
42.8_-33.1,244272703,230221669
1.2_-33.1,229069067,217353302
29.9_-30.2,225042862,208658748
336.1_-29.2,235971362,226879786
158.4_2.5,219170018,210779442
330.8_-27.2,161811202,157263555
350.9_-29.2,233569023,218747622
8.1_-30.2,244944797,236434092
355.4_-30.2,243981512,232248170
11.3_-28.2,229281795,218117997
136.4_2.5,212378885,200474927
219.0_-1.5,255034973,245859690
204.0_-1.5,243195172,234778300
211.0_-0.5,230874967,217446542
204.6_-2.5,240889244,226264792
349.3_-33.1,239632594,227864963
340.8_-28.2,233843740,214140290
32.1_-33.1,245976279,240920966
133.0_-0.5,192992148,167361090
183.0_-1.5,233344940,227804381
342.0_-34.1,224058275,205391963
213.0_1.5,226270943,212926352
38.8_-32.1,233183579,216345771
334.4_-31.2,223015726,207356196
203.6_2.5,232796022,222256092
141.0_0.5,229889337,203975758
349.1_-35.1,247925717,234311376
334.1_-32.1,217581663,204829672
336.0_-34.1,213598126,199369378
11.9_-33.1,223652442,218125489
141.0_-1.5,221276140,203325125
349.2_-34.1,218709132,205595724
36.8_-30.2,240680715,222977542
332.0_-27.2,174806897,159267841
46.0_-30.2,236948257,222367756
184.5_2.5,230641856,223210124
5.7_-29.2,231929629,215492969
209.0_-0.5,240446007,227753506
18.8_-32.1,244769345,237834188
233.0_0.5,220864862,202671435
209.0_-1.5,213883781,200396316
189.5_2.5,242529305,239089534
190.0_-0.5,237238413,227076932
187.0_1.5,226845908,218091055
223.0_1.5,239815949,225017900
193.0_0.5,226558490,216657412
38.7_-29.2,224768918,213883701
138.0_1.5,201624892,187867921
338.1_-30.2,218634107,202674263
340.6_-29.2,214212957,206621450
201.0_0.5,250406528,246190190
21.6_-34.1,230585679,218369048
7.1_-32.1,221995963,219147186
232.0_0.5,228628407,211657546
354.3_-29.2,231240999,220138908
357.6_-35.1,230527938,219592577
235.0_-0.5,216541630,192250974
196.0_-0.5,238312231,223285265
50.8_-28.2,226781376,216817370
202.6_-2.5,234741359,225626778
358.8_-34.1,231571251,221534682
358.9_-28.2,216030575,208955070
173.5_-2.5,233796496,222001523
180.5_2.5,235031386,212937085
39.9_-29.2,231574184,222037266
47.4_-28.2,235950802,223440253
345.6_-34.1,231431070,215033036
201.0_-0.5,241313854,228212455
343.0_-35.1,226335667,210005513
230.0_-1.5,235978848,223205202
35.3_-29.2,234213761,227246611
183.0_-0.5,245564564,228603363
165.0_-1.5,256989872,246689885
140.0_-0.5,204588250,187032024
38.4_-31.2,232689597,211967217
0.0_-35.1,231962522,221486368
334.2_-27.2,167618869,160035121
228.6_2.5,9422309,8206312
199.0_-0.5,241261715,235898867
49.2_-34.1,238222658,224115422
131.4_2.5,196676176,188920190
223.0_-0.5,219445562,203464089
31.8_-32.1,220322281,205848024
188.5_2.5,235218711,220682756
50.5_-27.2,178131072,168540220
30.3_-31.2,244316309,237573012
33.8_-31.2,219666415,209942205
202.6_2.5,213860524,210430298
218.6_2.5,229068092,215109505
37.2_-34.1,209204488,197439247
209.6_2.5,231703462,223285739
18.0_-34.1,216978355,211041472
173.5_2.5,235969546,220170876
231.0_-1.5,220887958,199462985
351.5_-35.1,228315622,215223931
205.0_-1.5,240410526,229316948
337.0_-30.2,233803415,217639813
337.9_-31.2,223200496,210789010
24.5_-31.2,248323582,231720390
219.0_-0.5,231330215,223026278
175.0_0.5,247861627,239721262
341.6_-30.2,236812254,224114543
34.5_-30.2,235208484,228596322
46.8_-34.1,242549048,229154582
24.0_-34.1,242161887,236084855
39.6_-31.2,239513106,232724611
44.0_-33.1,226075638,219002764
1.2_-34.1,239601667,227157354
233.6_2.5,13200322,12888512
236.0_0.5,187678807,170698714
23.0_-30.2,227171705,224266358
181.0_1.5,228724639,216185708
355.2_-34.1,237008524,227441625
16.6_-33.1,235649769,225365719
3.6_-34.1,249005212,241162932
180.5_-2.5,234894002,223435486
332.0_-31.2,217909939,206557162
28.8_-30.2,238179148,230173173
232.6_2.5,13202962,10078618
229.0_0.5,213242888,198503180
347.8_-35.1,240253197,229927221
46.0_-27.2,167869871,153694822
331.2_-30.2,212721120,203504677
18.1_-28.2,251313312,245964710
352.9_-32.1,239918881,227842164
348.3_-31.2,236409600,226353367
168.5_-2.5,250242191,239546516
357.6_-34.1,223994906,212310311
221.6_-3.5,226786779,210147703
48.9_-26.2,0,0
32.4_-34.1,248404280,240365448
236.0_1.5,236925035,226548133
4.6_-30.2,231504223,221051814
217.6_-2.5,240443078,218595918
24.2_-30.2,228155696,213619842
195.0_-0.5,248210823,234396879
232.0_-1.5,237779901,224388304
51.1_-35.1,233444975,223814075
345.3_-28.2,227335009,204362638
347.1_-32.1,229876827,216587380
15.4_-33.1,204695753,197887228
204.0_0.5,248202147,238153142
196.0_1.5,250514900,249812211
198.6_2.5,239462554,231082336
8.4_-34.1,248354203,244028778
177.0_-1.5,229133685,216833468
141.0_-0.5,212422837,194040863
206.6_-2.5,234418585,223263197
25.1_-29.2,241597651,232477888
206.0_-1.5,238124280,219509286
5.6_-28.2,242927548,237086720
237.7_2.5,604661,597021
9.0_-28.2,239570573,230722347
349.5_-31.2,243202788,235973064
17.3_-30.2,122858941,117244737
189.0_0.5,242115926,232594788
343.2_-34.1,230612450,213527932
329.7_-27.2,40250010,38445207
135.0_0.5,212487602,193959798
196.5_2.5,225731276,220549110
165.0_1.5,247304726,237149947
175.0_-1.5,225959981,207164775
134.0_0.5,196825287,182995368
161.4_-2.5,232419809,213423142
229.0_-1.5,223948089,206426872
3.6_-33.1,234404237,224917168
221.6_-2.5,226929872,210188663
235.0_0.5,233282467,212752497
129.0_-1.5,200243849,178260315
218.6_-2.5,223463829,212619806
214.0_-0.5,235075820,219629556
141.0_1.5,214422059,204788654
160.0_-0.5,230232447,219102551
215.6_-2.5,228371047,205408124
358.8_-31.2,229454867,209041653
160.0_0.5,231592830,221877445
348.1_-33.1,238456018,226746274
21.0_-31.2,227164182,221788507
334.8_-34.1,226738027,214553175
6.8_-28.2,232281699,220361301
0.0_-32.1,228343820,210189317
356.6_-29.2,238715209,230053833
355.5_-28.2,246234120,229302555
343.4_-33.1,227144858,202551007
225.0_-0.5,210042021,194993685
225.6_2.5,72218926,68834552
166.0_1.5,240622586,227623374
209.0_1.5,222753063,208895195
52.7_-27.2,171625811,169209311
188.0_-0.5,241554277,227888850
27.6_-30.2,242381471,239046253
14.4_-34.1,201328216,192860201
224.0_1.5,230249792,209983356
4.7_-31.2,227179984,219407373
211.6_-2.5,234130642,220631392
348.2_-32.1,240303021,231237416
223.0_0.5,231851036,209711902
37.6_-29.2,249376712,240993937
351.8_-31.2,236218365,219536856
42.6_-30.2,237730073,229794298
184.0_-1.5,232717788,216540325
349.8_-28.2,226351381,222542574
194.0_-0.5,244660422,228890651
212.6_2.5,209857050,200353207
176.5_2.5,209402056,201742171
199.0_0.5,256353166,242046912
1.2_-32.1,218619114,206924483
156.0_0.5,0,0
12.9_-32.1,226887389,215372764
212.0_-1.5,231152519,213646571
167.5_-2.5,242102500,233054488
49.4_-32.1,228113602,218827184
211.6_2.5,227076321,211446513
33.4_-30.2,236357749,222718240
214.0_0.5,240648800,225821524
346.6_-35.1,216720901,201628868
5.8_-31.2,244909483,235309542
197.0_1.5,226991845,223105715
136.0_-1.5,211903266,186867616
230.6_2.5,13532971,12358259
41.6_-33.1,232904558,225477542
0.0_-34.1,237712482,226975347
226.6_2.5,14024225,13468949
16.9_-28.2,243161105,236352952
349.4_-32.1,228072446,213860990
332.9_-32.1,221664808,204275044
217.0_-1.5,227264483,203464109
199.0_1.5,233983803,221640271
49.3_-27.2,166407678,154404634
162.0_0.5,233030663,218683733
237.0_1.5,173309892,158845408
50.0_-26.2,0,0
186.0_-0.5,239438035,227331869
200.0_0.5,242745763,230320317
135.0_-0.5,208381361,182046839
16.1_-30.2,238422876,233620592
184.0_1.5,243405165,236109629
176.5_-2.5,229779745,218962745
334.5_-35.1,210739840,200438156
12.0_-34.1,237990331,235148561
340.5_-35.1,235421771,217940270
221.6_2.5,222495531,207870213
348.7_-28.2,229646713,223417106
342.9_-29.2,226099558,218146217
162.0_-0.5,80919780,79559215
214.0_-1.5,220836440,203603018
169.0_0.5,215317975,207434939
9.2_-30.2,248903488,235843726
357.6_-32.1,225326017,215109461
179.0_-0.5,238020725,224750309
169.5_2.5,230748640,214535452
170.0_0.5,224224508,212274648
157.0_-1.5,51383980,49431427
4.5_-28.2,230700761,220448850
337.4_-33.1,235399858,226876114
214.6_2.5,231336632,224025520
341.4_-31.2,240512321,222129272
192.0_-0.5,239566924,229384972
5.8_-30.2,247314896,230104384
182.0_1.5,244564946,226315573
8.3_-33.1,247065732,240631942
355.4_-29.2,222878459,210751471
177.5_2.5,232607658,222055585
48.6_-35.1,216534270,206451509
139.4_2.5,229813865,213984274
40.8_-31.2,241728479,228346357
29.4_-32.1,218790422,212664377
212.6_-2.5,219726810,211503896
183.5_-2.5,245814933,240140039
40.3_-30.2,230936896,217413705
192.5_2.5,248582354,241740860
226.0_-0.5,223688246,204749208
130.4_2.5,175178581,155137273
337.2_-29.2,230499006,217656244
47.2_-30.2,219885398,209713591
354.2_-31.2,240333537,228103999
32.6_-31.2,227528322,218359371
345.0_-30.2,230575656,216799163
229.0_-0.5,229952548,219583341
191.0_-0.5,231345005,222218526
135.0_1.5,201749190,186011382
173.0_-1.5,246477487,231521460
219.0_0.5,240708713,224901020
30.6_-32.1,228974447,223989995
178.5_-2.5,239938778,234110897
214.0_1.5,232774842,219427936
191.0_1.5,225964496,213850269
355.3_-32.1,222196957,214798867
21.4_-28.2,230539572,220727245
18.4_-30.2,172451049,163651789
348.5_-30.2,227003532,221269662
18.2_-29.2,236072746,229787009
208.0_1.5,241382731,234103640
134.0_-1.5,217043759,196059260
352.9_-33.1,238079137,222601194
44.4_-34.1,231032603,224820889
174.0_1.5,241575386,231385501
39.5_-28.2,222680653,215083187
203.0_0.5,242895818,234211551
200.6_-2.5,225887220,212720357
166.0_0.5,245585951,230570071
357.7_-31.2,239450478,232850615
210.0_0.5,243162923,236930623
134.0_-0.5,212085488,197890124
15.0_-30.2,231535912,221248052
180.0_0.5,226115761,213668153
350.8_-30.2,232468995,225111859
234.0_-0.5,219597880,202248767
167.0_-1.5,234916948,224670083
45.0_-35.1,230508903,219581709
187.5_-2.5,217891366,211300076
3.6_-35.1,227947141,218917650
192.0_1.5,224611971,216817352
156.0_-1.5,0,0
184.5_-2.5,237399281,222526798
192.0_0.5,244783652,228220849
356.4_-35.1,252294623,244971266
8.2_-31.2,242717627,234465267
21.6_-29.2,233747442,228351471
336.7_-31.2,218989247,202453551
344.4_-34.1,237236359,226030115
14.1_-32.1,238996801,225799733
16.5_-32.1,238087987,232179405
187.0_-0.5,238604187,231191040
41.8_-28.2,225702633,222031440
134.4_2.5,194086549,182315358
20.5_-29.2,239654442,229173219
51.3_-29.2,233990373,222328225
36.5_-32.1,245517878,229955752
161.0_0.5,220228202,208883237
218.0_0.5,244819839,233066989
40.6_-28.2,219637901,211346516
157.0_0.5,70586907,67482043
5.9_-33.1,227801473,221654824
161.4_2.5,232384974,225468682
129.0_1.5,199630035,179172406
179.0_-1.5,241397184,228442086
174.0_-1.5,226840528,217874624
33.6_-34.1,241406105,230785906
5.9_-32.1,248808190,238273499
176.0_-1.5,247778601,233915803
22.6_-33.1,227497137,216871248
205.6_2.5,226746381,214727259
220.0_-0.5,211580393,200748421
158.0_0.5,237574307,227898996
198.0_0.5,251020089,245903504
193.0_1.5,236895528,228015033
218.0_1.5,235097955,222762300
213.0_0.5,237280654,223457024
238.0_0.5,0,0
184.0_0.5,239220988,230558730
193.5_2.5,227569554,222806486
30.0_-34.1,229125550,218547372
4.6_-29.2,245697624,231927222
217.0_1.5,213153003,196219259
180.0_-1.5,227775509,215704500
182.5_2.5,238149871,228802994
182.0_-0.5,229619692,216344502
7.9_-28.2,214883072,206766128
337.6_-27.2,160471430,154063836
211.0_-1.5,243674345,222854627
177.0_-0.5,224473988,208478275
355.3_-31.2,232052700,215758511
43.3_-29.2,235201171,222556821
15.8_-28.2,241117883,230731858
342.4_-32.1,215389135,201008039
177.5_-2.5,241533141,225950725
160.4_2.5,241832344,231215315
346.9_-33.1,247946444,238858670
19.8_-31.2,242538672,233006702
228.0_0.5,237284625,216141478
